[NX Daemon Server] - 2025-10-30T11:31:32.589Z - Started listening on: /private/var/folders/tr/btrg4by958q2gn1px131s4fc0000gp/T/07ebb4c5dd554c640c02/d.sock
[NX Daemon Server] - 2025-10-30T11:31:32.590Z - [WATCHER]: Subscribed to changes within: /Users/princetonbaretto/Desktop/Bestow (native)
[NX Daemon Server] - 2025-10-30T11:31:32.594Z - Established a connection. Number of open connections: 1
[NX Daemon Server] - 2025-10-30T11:31:32.595Z - Established a connection. Number of open connections: 2
[NX Daemon Server] - 2025-10-30T11:31:32.596Z - Closed a connection. Number of open connections: 1
[NX Daemon Server] - 2025-10-30T11:31:32.596Z - [REQUEST]: Responding to the client. Shutdown initiated
[NX Daemon Server] - 2025-10-30T11:31:32.597Z - Done responding to the client Shutdown initiated
[NX Daemon Server] - 2025-10-30T11:31:32.597Z - Handled FORCE_SHUTDOWN. Handling time: 0. Response time: 1.
[NX Daemon Server] - 2025-10-30T11:31:32.597Z - Closed a connection. Number of open connections: 0
[NX Daemon Server] - 2025-10-30T11:31:32.598Z - [WATCHER]: Stopping the watcher for /Users/princetonbaretto/Desktop/Bestow (sources)
[NX Daemon Server] - 2025-10-30T11:31:32.598Z - [WATCHER]: Stopping the watcher for /Users/princetonbaretto/Desktop/Bestow (outputs)
[NX Daemon Server] - 2025-10-30T11:34:11.667Z - Started listening on: /private/var/folders/tr/btrg4by958q2gn1px131s4fc0000gp/T/07ebb4c5dd554c640c02/d.sock
[NX Daemon Server] - 2025-10-30T11:34:11.669Z - [WATCHER]: Subscribed to changes within: /Users/princetonbaretto/Desktop/Bestow (native)
[NX Daemon Server] - 2025-10-30T11:34:11.674Z - Established a connection. Number of open connections: 1
[NX Daemon Server] - 2025-10-30T11:34:11.675Z - Established a connection. Number of open connections: 2
[NX Daemon Server] - 2025-10-30T11:34:11.675Z - Closed a connection. Number of open connections: 1
[NX Daemon Server] - 2025-10-30T11:34:11.676Z - [REQUEST]: Client Request for Project Graph Received
[NX Daemon Server] - 2025-10-30T11:34:11.878Z - Time taken for 'Load Nx Plugin: /Users/princetonbaretto/Desktop/Bestow/node_modules/nx/src/plugins/js' 201.664333ms
[NX Daemon Server] - 2025-10-30T11:34:11.997Z - Time taken for 'Load Nx Plugin: /Users/princetonbaretto/Desktop/Bestow/node_modules/nx/src/plugins/package-json' 318.4035ms
[NX Daemon Server] - 2025-10-30T11:34:12.120Z - [REQUEST]: Updated workspace context based on watched changes, recomputing project graph...
[NX Daemon Server] - 2025-10-30T11:34:12.120Z - [REQUEST]: 
[NX Daemon Server] - 2025-10-30T11:34:12.120Z - [REQUEST]: 
[NX Daemon Server] - 2025-10-30T11:34:12.123Z - Time taken for 'loadNxPlugins' 442.326458ms
[NX Daemon Server] - 2025-10-30T11:34:12.139Z - Time taken for 'build-project-configs' 7.842459000000076ms
[NX Daemon Server] - 2025-10-30T11:34:12.148Z - [SYNC]: collect registered sync generators
[NX Daemon Server] - 2025-10-30T11:34:12.148Z - [REQUEST]: Responding to the client. project-graph
[NX Daemon Server] - 2025-10-30T11:34:12.149Z - Time taken for 'total for creating and serializing project graph' 472.286458ms
[NX Daemon Server] - 2025-10-30T11:34:12.149Z - Done responding to the client project-graph
[NX Daemon Server] - 2025-10-30T11:34:12.149Z - Handled REQUEST_PROJECT_GRAPH. Handling time: 472. Response time: 1.
[NX Daemon Server] - 2025-10-30T11:34:12.202Z - [REQUEST]: Responding to the client. handleHashTasks
[NX Daemon Server] - 2025-10-30T11:34:12.202Z - Done responding to the client handleHashTasks
[NX Daemon Server] - 2025-10-30T11:34:12.203Z - Handled HASH_TASKS. Handling time: 6. Response time: 1.
[NX Daemon Server] - 2025-10-30T11:34:12.228Z - [REQUEST]: Responding to the client. handleGetEstimatedTaskTimings
[NX Daemon Server] - 2025-10-30T11:34:12.228Z - Done responding to the client handleGetEstimatedTaskTimings
[NX Daemon Server] - 2025-10-30T11:34:12.228Z - Handled GET_ESTIMATED_TASK_TIMINGS. Handling time: 20. Response time: 0.
[NX Daemon Server] - 2025-10-30T11:34:28.001Z - [REQUEST]: Responding to the client. recordOutputsHash
[NX Daemon Server] - 2025-10-30T11:34:28.002Z - Done responding to the client recordOutputsHash
[NX Daemon Server] - 2025-10-30T11:34:28.002Z - Handled RECORD_OUTPUTS_HASH. Handling time: 0. Response time: 1.
[NX Daemon Server] - 2025-10-30T11:34:28.006Z - [REQUEST]: Responding to the client. handleRecordTaskRuns
[NX Daemon Server] - 2025-10-30T11:34:28.006Z - Done responding to the client handleRecordTaskRuns
[NX Daemon Server] - 2025-10-30T11:34:28.006Z - Handled RECORD_TASK_RUNS. Handling time: 1. Response time: 0.
[NX Daemon Server] - 2025-10-30T11:34:28.007Z - [REQUEST]: Responding to the client. handleGetFlakyTasks
[NX Daemon Server] - 2025-10-30T11:34:28.008Z - Done responding to the client handleGetFlakyTasks
[NX Daemon Server] - 2025-10-30T11:34:28.008Z - Handled GET_FLAKY_TASKS. Handling time: 0. Response time: 1.
[NX Daemon Server] - 2025-10-30T11:34:28.047Z - [WATCHER]: test-results/.last-run.json was created or restored
[NX Daemon Server] - 2025-10-30T11:34:28.047Z - [WATCHER]: Processing file changes in outputs
[NX Daemon Server] - 2025-10-30T11:34:28.149Z - [REQUEST]: Updated workspace context based on watched changes, recomputing project graph...
[NX Daemon Server] - 2025-10-30T11:34:28.149Z - [REQUEST]: test-results/.last-run.json
[NX Daemon Server] - 2025-10-30T11:34:28.149Z - [REQUEST]: 
[NX Daemon Server] - 2025-10-30T11:34:28.150Z - Time taken for 'hash changed files from watcher' 0.0919160000012198ms
[NX Daemon Server] - 2025-10-30T11:34:28.157Z - Time taken for 'build-project-configs' 6.2462500000001455ms
[NX Daemon Server] - 2025-10-30T11:34:28.165Z - [SYNC]: collect registered sync generators
[NX Daemon Server] - 2025-10-30T11:34:28.165Z - [SYNC]: project graph hash is the same, not collecting task sync generators
[NX Daemon Server] - 2025-10-30T11:34:28.165Z - [SYNC]: nx.json hash is the same, not collecting global sync generators
[NX Daemon Server] - 2025-10-30T11:34:28.166Z - Time taken for 'total execution time for createProjectGraph()' 7.2303329999995185ms
[NX Daemon Server] - 2025-10-30T11:34:28.276Z - Closed a connection. Number of open connections: 0
[NX Daemon Server] - 2025-10-30T11:34:58.625Z - [WATCHER]: package.json was modified
[NX Daemon Server] - 2025-10-30T11:34:58.625Z - [WATCHER]: Processing file changes in outputs
[NX Daemon Server] - 2025-10-30T11:34:58.825Z - [REQUEST]: Updated workspace context based on watched changes, recomputing project graph...
[NX Daemon Server] - 2025-10-30T11:34:58.825Z - [REQUEST]: package.json
[NX Daemon Server] - 2025-10-30T11:34:58.825Z - [REQUEST]: 
[NX Daemon Server] - 2025-10-30T11:34:58.838Z - Time taken for 'hash changed files from watcher' 0.0885000000052969ms
[NX Daemon Server] - 2025-10-30T11:34:58.869Z - Time taken for 'build-project-configs' 36.96791700000176ms
[NX Daemon Server] - 2025-10-30T11:34:58.918Z - [SYNC]: collect registered sync generators
[NX Daemon Server] - 2025-10-30T11:34:58.918Z - [SYNC]: project graph hash is the same, not collecting task sync generators
[NX Daemon Server] - 2025-10-30T11:34:58.918Z - [SYNC]: nx.json hash is the same, not collecting global sync generators
[NX Daemon Server] - 2025-10-30T11:34:58.918Z - Time taken for 'total execution time for createProjectGraph()' 48.630708999997296ms
[NX Daemon Server] - 2025-10-30T11:35:02.269Z - [WATCHER]: package.json was modified
[NX Daemon Server] - 2025-10-30T11:35:02.269Z - [WATCHER]: Processing file changes in outputs
[NX Daemon Server] - 2025-10-30T11:35:02.670Z - [REQUEST]: Updated workspace context based on watched changes, recomputing project graph...
[NX Daemon Server] - 2025-10-30T11:35:02.670Z - [REQUEST]: package.json
[NX Daemon Server] - 2025-10-30T11:35:02.670Z - [REQUEST]: 
[NX Daemon Server] - 2025-10-30T11:35:02.673Z - Time taken for 'hash changed files from watcher' 0.3183340000032331ms
[NX Daemon Server] - 2025-10-30T11:35:02.687Z - Time taken for 'build-project-configs' 13.261959000003117ms
[NX Daemon Server] - 2025-10-30T11:35:02.702Z - [SYNC]: collect registered sync generators
[NX Daemon Server] - 2025-10-30T11:35:02.703Z - [SYNC]: project graph hash is the same, not collecting task sync generators
[NX Daemon Server] - 2025-10-30T11:35:02.703Z - [SYNC]: nx.json hash is the same, not collecting global sync generators
[NX Daemon Server] - 2025-10-30T11:35:02.703Z - Time taken for 'total execution time for createProjectGraph()' 13.729624999999942ms
[NX Daemon Server] - 2025-10-30T11:35:32.853Z - [WATCHER]: Processing file changes in outputs
[NX Daemon Server] - 2025-10-30T11:35:32.855Z - [WATCHER]: package.json was modified
[NX Daemon Server] - 2025-10-30T11:35:33.656Z - [REQUEST]: Updated workspace context based on watched changes, recomputing project graph...
[NX Daemon Server] - 2025-10-30T11:35:33.656Z - [REQUEST]: package.json
[NX Daemon Server] - 2025-10-30T11:35:33.656Z - [REQUEST]: 
[NX Daemon Server] - 2025-10-30T11:35:33.657Z - Time taken for 'hash changed files from watcher' 0.11491600000590552ms
[NX Daemon Server] - 2025-10-30T11:35:33.666Z - Time taken for 'build-project-configs' 7.661833000005572ms
[NX Daemon Server] - 2025-10-30T11:35:33.674Z - [SYNC]: collect registered sync generators
[NX Daemon Server] - 2025-10-30T11:35:33.675Z - [SYNC]: project graph hash is the same, not collecting task sync generators
[NX Daemon Server] - 2025-10-30T11:35:33.675Z - [SYNC]: nx.json hash is the same, not collecting global sync generators
[NX Daemon Server] - 2025-10-30T11:35:33.675Z - Time taken for 'total execution time for createProjectGraph()' 8.045749999990221ms
[NX Daemon Server] - 2025-10-30T11:35:39.792Z - Established a connection. Number of open connections: 1
[NX Daemon Server] - 2025-10-30T11:35:39.792Z - Closed a connection. Number of open connections: 0
[NX Daemon Server] - 2025-10-30T11:35:39.793Z - Established a connection. Number of open connections: 1
[NX Daemon Server] - 2025-10-30T11:35:39.793Z - [REQUEST]: Client Request for Project Graph Received
[NX Daemon Server] - 2025-10-30T11:35:39.794Z - [REQUEST]: Responding to the client. project-graph
[NX Daemon Server] - 2025-10-30T11:35:39.794Z - Time taken for 'total for creating and serializing project graph' 0.2086669999989681ms
[NX Daemon Server] - 2025-10-30T11:35:39.795Z - Done responding to the client project-graph
[NX Daemon Server] - 2025-10-30T11:35:39.795Z - Handled REQUEST_PROJECT_GRAPH. Handling time: 1. Response time: 1.
[NX Daemon Server] - 2025-10-30T11:35:39.844Z - [REQUEST]: Responding to the client. handleHashTasks
[NX Daemon Server] - 2025-10-30T11:35:39.845Z - Done responding to the client handleHashTasks
[NX Daemon Server] - 2025-10-30T11:35:39.845Z - Handled HASH_TASKS. Handling time: 6. Response time: 1.
[NX Daemon Server] - 2025-10-30T11:35:39.852Z - [REQUEST]: Responding to the client. handleGetEstimatedTaskTimings
[NX Daemon Server] - 2025-10-30T11:35:39.852Z - Done responding to the client handleGetEstimatedTaskTimings
[NX Daemon Server] - 2025-10-30T11:35:39.852Z - Handled GET_ESTIMATED_TASK_TIMINGS. Handling time: 1. Response time: 0.
[NX Daemon Server] - 2025-10-30T11:35:42.222Z - [WATCHER]: test-results/.last-run.json was deleted
[NX Daemon Server] - 2025-10-30T11:35:42.222Z - [WATCHER]: Processing file changes in outputs
[NX Daemon Server] - 2025-10-30T11:35:42.323Z - [REQUEST]: Updated workspace context based on watched changes, recomputing project graph...
[NX Daemon Server] - 2025-10-30T11:35:42.323Z - [REQUEST]: 
[NX Daemon Server] - 2025-10-30T11:35:42.323Z - [REQUEST]: test-results/.last-run.json
[NX Daemon Server] - 2025-10-30T11:35:42.324Z - Time taken for 'hash changed files from watcher' 0.026624999998603016ms
[NX Daemon Server] - 2025-10-30T11:35:42.330Z - Time taken for 'build-project-configs' 5.527415999997174ms
[NX Daemon Server] - 2025-10-30T11:35:42.338Z - [SYNC]: collect registered sync generators
[NX Daemon Server] - 2025-10-30T11:35:42.338Z - [SYNC]: project graph hash is the same, not collecting task sync generators
[NX Daemon Server] - 2025-10-30T11:35:42.338Z - [SYNC]: nx.json hash is the same, not collecting global sync generators
[NX Daemon Server] - 2025-10-30T11:35:42.338Z - Time taken for 'total execution time for createProjectGraph()' 6.668666999990819ms
[NX Daemon Server] - 2025-10-30T11:35:48.581Z - [REQUEST]: Responding to the client. recordOutputsHash
[NX Daemon Server] - 2025-10-30T11:35:48.581Z - Done responding to the client recordOutputsHash
[NX Daemon Server] - 2025-10-30T11:35:48.581Z - Handled RECORD_OUTPUTS_HASH. Handling time: 0. Response time: 0.
[NX Daemon Server] - 2025-10-30T11:35:48.585Z - [REQUEST]: Responding to the client. handleRecordTaskRuns
[NX Daemon Server] - 2025-10-30T11:35:48.585Z - Done responding to the client handleRecordTaskRuns
[NX Daemon Server] - 2025-10-30T11:35:48.585Z - Handled RECORD_TASK_RUNS. Handling time: 1. Response time: 0.
[NX Daemon Server] - 2025-10-30T11:35:48.586Z - [REQUEST]: Responding to the client. handleGetFlakyTasks
[NX Daemon Server] - 2025-10-30T11:35:48.586Z - Done responding to the client handleGetFlakyTasks
[NX Daemon Server] - 2025-10-30T11:35:48.586Z - Handled GET_FLAKY_TASKS. Handling time: 1. Response time: 0.
[NX Daemon Server] - 2025-10-30T11:35:48.619Z - [WATCHER]: Processing file changes in outputs
[NX Daemon Server] - 2025-10-30T11:35:48.620Z - [WATCHER]: test-results/.last-run.json was created or restored
[NX Daemon Server] - 2025-10-30T11:35:48.720Z - [REQUEST]: Updated workspace context based on watched changes, recomputing project graph...
[NX Daemon Server] - 2025-10-30T11:35:48.720Z - [REQUEST]: test-results/.last-run.json
[NX Daemon Server] - 2025-10-30T11:35:48.720Z - [REQUEST]: 
[NX Daemon Server] - 2025-10-30T11:35:48.721Z - Time taken for 'hash changed files from watcher' 0.08662499999627471ms
[NX Daemon Server] - 2025-10-30T11:35:48.731Z - Time taken for 'build-project-configs' 9.583750000005239ms
[NX Daemon Server] - 2025-10-30T11:35:48.740Z - [SYNC]: collect registered sync generators
[NX Daemon Server] - 2025-10-30T11:35:48.740Z - [SYNC]: project graph hash is the same, not collecting task sync generators
[NX Daemon Server] - 2025-10-30T11:35:48.740Z - [SYNC]: nx.json hash is the same, not collecting global sync generators
[NX Daemon Server] - 2025-10-30T11:35:48.740Z - Time taken for 'total execution time for createProjectGraph()' 6.983708999992814ms
[NX Daemon Server] - 2025-10-30T11:35:48.872Z - Closed a connection. Number of open connections: 0
[NX Daemon Server] - 2025-10-30T11:36:57.823Z - [WATCHER]: apps/browserstack-e2e/playwright.config.ts was modified
[NX Daemon Server] - 2025-10-30T11:36:57.824Z - [WATCHER]: Processing file changes in outputs
[NX Daemon Server] - 2025-10-30T11:36:58.026Z - [REQUEST]: Updated workspace context based on watched changes, recomputing project graph...
[NX Daemon Server] - 2025-10-30T11:36:58.026Z - [REQUEST]: apps/browserstack-e2e/playwright.config.ts
[NX Daemon Server] - 2025-10-30T11:36:58.026Z - [REQUEST]: 
[NX Daemon Server] - 2025-10-30T11:36:58.029Z - Time taken for 'hash changed files from watcher' 0.39999999999417923ms
[NX Daemon Server] - 2025-10-30T11:36:58.046Z - Time taken for 'build-project-configs' 16.488959000009345ms
[NX Daemon Server] - 2025-10-30T11:36:58.061Z - [SYNC]: collect registered sync generators
[NX Daemon Server] - 2025-10-30T11:36:58.061Z - [SYNC]: project graph hash is the same, not collecting task sync generators
[NX Daemon Server] - 2025-10-30T11:36:58.061Z - [SYNC]: nx.json hash is the same, not collecting global sync generators
[NX Daemon Server] - 2025-10-30T11:36:58.061Z - Time taken for 'total execution time for createProjectGraph()' 13.139958000014303ms
[NX Daemon Server] - 2025-10-30T11:37:00.870Z - Established a connection. Number of open connections: 1
[NX Daemon Server] - 2025-10-30T11:37:00.870Z - Closed a connection. Number of open connections: 0
[NX Daemon Server] - 2025-10-30T11:37:00.870Z - Established a connection. Number of open connections: 1
[NX Daemon Server] - 2025-10-30T11:37:00.871Z - [REQUEST]: Client Request for Project Graph Received
[NX Daemon Server] - 2025-10-30T11:37:00.871Z - [REQUEST]: Responding to the client. project-graph
[NX Daemon Server] - 2025-10-30T11:37:00.872Z - Time taken for 'total for creating and serializing project graph' 0.10712500000954606ms
[NX Daemon Server] - 2025-10-30T11:37:00.873Z - Done responding to the client project-graph
[NX Daemon Server] - 2025-10-30T11:37:00.873Z - Handled REQUEST_PROJECT_GRAPH. Handling time: 0. Response time: 2.
[NX Daemon Server] - 2025-10-30T11:37:00.921Z - [REQUEST]: Responding to the client. handleHashTasks
[NX Daemon Server] - 2025-10-30T11:37:00.922Z - Done responding to the client handleHashTasks
[NX Daemon Server] - 2025-10-30T11:37:00.922Z - Handled HASH_TASKS. Handling time: 4. Response time: 1.
[NX Daemon Server] - 2025-10-30T11:37:00.928Z - [REQUEST]: Responding to the client. handleGetEstimatedTaskTimings
[NX Daemon Server] - 2025-10-30T11:37:00.928Z - Done responding to the client handleGetEstimatedTaskTimings
[NX Daemon Server] - 2025-10-30T11:37:00.928Z - Handled GET_ESTIMATED_TASK_TIMINGS. Handling time: 0. Response time: 0.
[NX Daemon Server] - 2025-10-30T11:37:03.639Z - [WATCHER]: test-results/.last-run.json was deleted
[NX Daemon Server] - 2025-10-30T11:37:03.639Z - [WATCHER]: Processing file changes in outputs
[NX Daemon Server] - 2025-10-30T11:37:03.738Z - [REQUEST]: Updated workspace context based on watched changes, recomputing project graph...
[NX Daemon Server] - 2025-10-30T11:37:03.738Z - [REQUEST]: 
[NX Daemon Server] - 2025-10-30T11:37:03.738Z - [REQUEST]: test-results/.last-run.json
[NX Daemon Server] - 2025-10-30T11:37:03.739Z - Time taken for 'hash changed files from watcher' 0.03454100000089966ms
[NX Daemon Server] - 2025-10-30T11:37:03.747Z - Time taken for 'build-project-configs' 6.681584000005387ms
[NX Daemon Server] - 2025-10-30T11:37:03.760Z - [SYNC]: collect registered sync generators
[NX Daemon Server] - 2025-10-30T11:37:03.760Z - [SYNC]: project graph hash is the same, not collecting task sync generators
[NX Daemon Server] - 2025-10-30T11:37:03.760Z - [SYNC]: nx.json hash is the same, not collecting global sync generators
[NX Daemon Server] - 2025-10-30T11:37:03.760Z - Time taken for 'total execution time for createProjectGraph()' 11.38554099999601ms
[NX Daemon Server] - 2025-10-30T11:37:06.596Z - [REQUEST]: Responding to the client. recordOutputsHash
[NX Daemon Server] - 2025-10-30T11:37:06.596Z - Done responding to the client recordOutputsHash
[NX Daemon Server] - 2025-10-30T11:37:06.596Z - Handled RECORD_OUTPUTS_HASH. Handling time: 0. Response time: 0.
[NX Daemon Server] - 2025-10-30T11:37:06.598Z - [REQUEST]: Responding to the client. handleRecordTaskRuns
[NX Daemon Server] - 2025-10-30T11:37:06.598Z - Done responding to the client handleRecordTaskRuns
[NX Daemon Server] - 2025-10-30T11:37:06.598Z - Handled RECORD_TASK_RUNS. Handling time: 0. Response time: 0.
[NX Daemon Server] - 2025-10-30T11:37:06.598Z - [REQUEST]: Responding to the client. handleGetFlakyTasks
[NX Daemon Server] - 2025-10-30T11:37:06.598Z - Done responding to the client handleGetFlakyTasks
[NX Daemon Server] - 2025-10-30T11:37:06.598Z - Handled GET_FLAKY_TASKS. Handling time: 0. Response time: 0.
[NX Daemon Server] - 2025-10-30T11:37:06.632Z - [WATCHER]: Processing file changes in outputs
[NX Daemon Server] - 2025-10-30T11:37:06.632Z - [WATCHER]: test-results/.last-run.json was created or restored
[NX Daemon Server] - 2025-10-30T11:37:06.733Z - [REQUEST]: Updated workspace context based on watched changes, recomputing project graph...
[NX Daemon Server] - 2025-10-30T11:37:06.733Z - [REQUEST]: test-results/.last-run.json
[NX Daemon Server] - 2025-10-30T11:37:06.733Z - [REQUEST]: 
[NX Daemon Server] - 2025-10-30T11:37:06.734Z - Time taken for 'hash changed files from watcher' 0.08091700001386926ms
[NX Daemon Server] - 2025-10-30T11:37:06.739Z - Time taken for 'build-project-configs' 4.715291999978945ms
[NX Daemon Server] - 2025-10-30T11:37:06.747Z - [SYNC]: collect registered sync generators
[NX Daemon Server] - 2025-10-30T11:37:06.747Z - [SYNC]: project graph hash is the same, not collecting task sync generators
[NX Daemon Server] - 2025-10-30T11:37:06.747Z - [SYNC]: nx.json hash is the same, not collecting global sync generators
[NX Daemon Server] - 2025-10-30T11:37:06.747Z - Time taken for 'total execution time for createProjectGraph()' 6.135749999986729ms
[NX Daemon Server] - 2025-10-30T11:37:06.856Z - Closed a connection. Number of open connections: 0
[NX Daemon Server] - 2025-10-30T11:37:29.680Z - [WATCHER]: Processing file changes in outputs
[NX Daemon Server] - 2025-10-30T11:37:29.683Z - [WATCHER]: apps/browserstack-e2e/tests/browserstack.spec.ts was modified
[NX Daemon Server] - 2025-10-30T11:37:29.885Z - [REQUEST]: Updated workspace context based on watched changes, recomputing project graph...
[NX Daemon Server] - 2025-10-30T11:37:29.885Z - [REQUEST]: apps/browserstack-e2e/tests/browserstack.spec.ts
[NX Daemon Server] - 2025-10-30T11:37:29.885Z - [REQUEST]: 
[NX Daemon Server] - 2025-10-30T11:37:29.887Z - Time taken for 'hash changed files from watcher' 0.19724999999743886ms
[NX Daemon Server] - 2025-10-30T11:37:29.901Z - Time taken for 'build-project-configs' 13.587750000006054ms
[NX Daemon Server] - 2025-10-30T11:37:29.915Z - [SYNC]: collect registered sync generators
[NX Daemon Server] - 2025-10-30T11:37:29.915Z - [SYNC]: project graph hash is the same, not collecting task sync generators
[NX Daemon Server] - 2025-10-30T11:37:29.915Z - [SYNC]: nx.json hash is the same, not collecting global sync generators
[NX Daemon Server] - 2025-10-30T11:37:29.915Z - Time taken for 'total execution time for createProjectGraph()' 12.45479200000409ms
[NX Daemon Server] - 2025-10-30T11:37:31.956Z - Established a connection. Number of open connections: 1
[NX Daemon Server] - 2025-10-30T11:37:31.956Z - Closed a connection. Number of open connections: 0
[NX Daemon Server] - 2025-10-30T11:37:31.956Z - Established a connection. Number of open connections: 1
[NX Daemon Server] - 2025-10-30T11:37:31.957Z - [REQUEST]: Client Request for Project Graph Received
[NX Daemon Server] - 2025-10-30T11:37:31.957Z - [REQUEST]: Responding to the client. project-graph
[NX Daemon Server] - 2025-10-30T11:37:31.957Z - Time taken for 'total for creating and serializing project graph' 0.09312500001396984ms
[NX Daemon Server] - 2025-10-30T11:37:31.959Z - Done responding to the client project-graph
[NX Daemon Server] - 2025-10-30T11:37:31.959Z - Handled REQUEST_PROJECT_GRAPH. Handling time: 0. Response time: 2.
[NX Daemon Server] - 2025-10-30T11:37:32.014Z - [REQUEST]: Responding to the client. handleHashTasks
[NX Daemon Server] - 2025-10-30T11:37:32.014Z - Done responding to the client handleHashTasks
[NX Daemon Server] - 2025-10-30T11:37:32.014Z - Handled HASH_TASKS. Handling time: 5. Response time: 0.
[NX Daemon Server] - 2025-10-30T11:37:32.021Z - [REQUEST]: Responding to the client. handleGetEstimatedTaskTimings
[NX Daemon Server] - 2025-10-30T11:37:32.021Z - Done responding to the client handleGetEstimatedTaskTimings
[NX Daemon Server] - 2025-10-30T11:37:32.021Z - Handled GET_ESTIMATED_TASK_TIMINGS. Handling time: 1. Response time: 0.
[NX Daemon Server] - 2025-10-30T11:37:34.535Z - [WATCHER]: test-results/.last-run.json was deleted
[NX Daemon Server] - 2025-10-30T11:37:34.535Z - [WATCHER]: Processing file changes in outputs
[NX Daemon Server] - 2025-10-30T11:37:34.636Z - [REQUEST]: Updated workspace context based on watched changes, recomputing project graph...
[NX Daemon Server] - 2025-10-30T11:37:34.636Z - [REQUEST]: 
[NX Daemon Server] - 2025-10-30T11:37:34.636Z - [REQUEST]: test-results/.last-run.json
[NX Daemon Server] - 2025-10-30T11:37:34.637Z - Time taken for 'hash changed files from watcher' 0.02583299999241717ms
[NX Daemon Server] - 2025-10-30T11:37:34.642Z - Time taken for 'build-project-configs' 4.308916000009049ms
[NX Daemon Server] - 2025-10-30T11:37:34.655Z - [SYNC]: collect registered sync generators
[NX Daemon Server] - 2025-10-30T11:37:34.655Z - [SYNC]: project graph hash is the same, not collecting task sync generators
[NX Daemon Server] - 2025-10-30T11:37:34.655Z - [SYNC]: nx.json hash is the same, not collecting global sync generators
[NX Daemon Server] - 2025-10-30T11:37:34.655Z - Time taken for 'total execution time for createProjectGraph()' 11.636292000010144ms
[NX Daemon Server] - 2025-10-30T11:37:47.410Z - [REQUEST]: Responding to the client. recordOutputsHash
[NX Daemon Server] - 2025-10-30T11:37:47.410Z - Done responding to the client recordOutputsHash
[NX Daemon Server] - 2025-10-30T11:37:47.410Z - Handled RECORD_OUTPUTS_HASH. Handling time: 0. Response time: 0.
[NX Daemon Server] - 2025-10-30T11:37:47.412Z - [REQUEST]: Responding to the client. handleRecordTaskRuns
[NX Daemon Server] - 2025-10-30T11:37:47.412Z - Done responding to the client handleRecordTaskRuns
[NX Daemon Server] - 2025-10-30T11:37:47.412Z - Handled RECORD_TASK_RUNS. Handling time: 0. Response time: 0.
[NX Daemon Server] - 2025-10-30T11:37:47.413Z - [REQUEST]: Responding to the client. handleGetFlakyTasks
[NX Daemon Server] - 2025-10-30T11:37:47.413Z - Done responding to the client handleGetFlakyTasks
[NX Daemon Server] - 2025-10-30T11:37:47.413Z - Handled GET_FLAKY_TASKS. Handling time: 0. Response time: 0.
[NX Daemon Server] - 2025-10-30T11:37:47.461Z - [WATCHER]: Processing file changes in outputs
[NX Daemon Server] - 2025-10-30T11:37:47.461Z - [WATCHER]: test-results/.last-run.json was created or restored
[NX Daemon Server] - 2025-10-30T11:37:47.561Z - [REQUEST]: Updated workspace context based on watched changes, recomputing project graph...
[NX Daemon Server] - 2025-10-30T11:37:47.561Z - [REQUEST]: test-results/.last-run.json
[NX Daemon Server] - 2025-10-30T11:37:47.561Z - [REQUEST]: 
[NX Daemon Server] - 2025-10-30T11:37:47.562Z - Time taken for 'hash changed files from watcher' 0.12512499999138527ms
[NX Daemon Server] - 2025-10-30T11:37:47.570Z - Time taken for 'build-project-configs' 7.051999999996042ms
[NX Daemon Server] - 2025-10-30T11:37:47.578Z - [SYNC]: collect registered sync generators
[NX Daemon Server] - 2025-10-30T11:37:47.578Z - [SYNC]: project graph hash is the same, not collecting task sync generators
[NX Daemon Server] - 2025-10-30T11:37:47.579Z - [SYNC]: nx.json hash is the same, not collecting global sync generators
[NX Daemon Server] - 2025-10-30T11:37:47.579Z - Time taken for 'total execution time for createProjectGraph()' 6.35695799998939ms
[NX Daemon Server] - 2025-10-30T11:37:47.681Z - Closed a connection. Number of open connections: 0
[NX Daemon Server] - 2025-10-30T14:37:47.528Z - [WATCHER]: Stopping the watcher for /Users/princetonbaretto/Desktop/Bestow (sources)
[NX Daemon Server] - 2025-10-30T14:37:47.537Z - [WATCHER]: Stopping the watcher for /Users/princetonbaretto/Desktop/Bestow (outputs)
[NX Daemon Server] - 2025-10-30T17:33:05.879Z - Started listening on: /private/var/folders/tr/btrg4by958q2gn1px131s4fc0000gp/T/07ebb4c5dd554c640c02/d.sock
[NX Daemon Server] - 2025-10-30T17:33:05.881Z - [WATCHER]: Subscribed to changes within: /Users/princetonbaretto/Desktop/Bestow (native)
[NX Daemon Server] - 2025-10-30T17:33:05.888Z - Established a connection. Number of open connections: 1
[NX Daemon Server] - 2025-10-30T17:33:05.889Z - Established a connection. Number of open connections: 2
[NX Daemon Server] - 2025-10-30T17:33:05.890Z - Closed a connection. Number of open connections: 1
[NX Daemon Server] - 2025-10-30T17:33:05.890Z - [REQUEST]: Client Request for Project Graph Received
[NX Daemon Server] - 2025-10-30T17:33:05.940Z - [WATCHER]: Processing file changes in outputs
[NX Daemon Server] - 2025-10-30T17:33:06.125Z - Time taken for 'Load Nx Plugin: /Users/princetonbaretto/Desktop/Bestow/node_modules/nx/src/plugins/js' 234.731875ms
[NX Daemon Server] - 2025-10-30T17:33:06.248Z - Time taken for 'Load Nx Plugin: /Users/princetonbaretto/Desktop/Bestow/node_modules/nx/src/plugins/package-json' 356.871333ms
[NX Daemon Server] - 2025-10-30T17:33:06.388Z - [REQUEST]: Updated workspace context based on watched changes, recomputing project graph...
[NX Daemon Server] - 2025-10-30T17:33:06.388Z - [REQUEST]: 
[NX Daemon Server] - 2025-10-30T17:33:06.388Z - [REQUEST]: 
[NX Daemon Server] - 2025-10-30T17:33:06.392Z - Time taken for 'loadNxPlugins' 497.07745800000004ms
[NX Daemon Server] - 2025-10-30T17:33:06.678Z - Time taken for 'build-project-configs' 276.358125ms
[NX Daemon Server] - 2025-10-30T17:33:06.694Z - [SYNC]: collect registered sync generators
[NX Daemon Server] - 2025-10-30T17:33:06.695Z - [REQUEST]: Responding to the client. project-graph
[NX Daemon Server] - 2025-10-30T17:33:06.695Z - Time taken for 'total for creating and serializing project graph' 804.7192080000001ms
[NX Daemon Server] - 2025-10-30T17:33:06.697Z - Done responding to the client project-graph
[NX Daemon Server] - 2025-10-30T17:33:06.697Z - Handled REQUEST_PROJECT_GRAPH. Handling time: 805. Response time: 2.
[NX Daemon Server] - 2025-10-30T17:33:06.763Z - [REQUEST]: Responding to the client. handleHashTasks
[NX Daemon Server] - 2025-10-30T17:33:06.763Z - Done responding to the client handleHashTasks
[NX Daemon Server] - 2025-10-30T17:33:06.763Z - Handled HASH_TASKS. Handling time: 5. Response time: 0.
[NX Daemon Server] - 2025-10-30T17:33:06.802Z - [REQUEST]: Responding to the client. handleGetEstimatedTaskTimings
[NX Daemon Server] - 2025-10-30T17:33:06.802Z - Done responding to the client handleGetEstimatedTaskTimings
[NX Daemon Server] - 2025-10-30T17:33:06.802Z - Handled GET_ESTIMATED_TASK_TIMINGS. Handling time: 33. Response time: 0.
[NX Daemon Server] - 2025-10-30T17:33:09.604Z - [REQUEST]: Responding to the client. recordOutputsHash
[NX Daemon Server] - 2025-10-30T17:33:09.604Z - Done responding to the client recordOutputsHash
[NX Daemon Server] - 2025-10-30T17:33:09.604Z - Handled RECORD_OUTPUTS_HASH. Handling time: 0. Response time: 0.
[NX Daemon Server] - 2025-10-30T17:33:09.607Z - [REQUEST]: Responding to the client. handleRecordTaskRuns
[NX Daemon Server] - 2025-10-30T17:33:09.607Z - Done responding to the client handleRecordTaskRuns
[NX Daemon Server] - 2025-10-30T17:33:09.607Z - Handled RECORD_TASK_RUNS. Handling time: 1. Response time: 0.
[NX Daemon Server] - 2025-10-30T17:33:09.607Z - [REQUEST]: Responding to the client. handleGetFlakyTasks
[NX Daemon Server] - 2025-10-30T17:33:09.607Z - Done responding to the client handleGetFlakyTasks
[NX Daemon Server] - 2025-10-30T17:33:09.607Z - Handled GET_FLAKY_TASKS. Handling time: 0. Response time: 0.
[NX Daemon Server] - 2025-10-30T17:33:09.999Z - Closed a connection. Number of open connections: 0
[NX Daemon Server] - 2025-10-30T17:33:35.980Z - [WATCHER]: Processing file changes in outputs
[NX Daemon Server] - 2025-10-30T17:33:35.980Z - [WATCHER]: Stopping the watcher for /Users/princetonbaretto/Desktop/Bestow (sources)
[NX Daemon Server] - 2025-10-30T17:33:35.980Z - [WATCHER]: Stopping the watcher for /Users/princetonbaretto/Desktop/Bestow (outputs)
[NX Daemon Server] - 2025-10-30T17:33:41.243Z - Started listening on: /private/var/folders/tr/btrg4by958q2gn1px131s4fc0000gp/T/07ebb4c5dd554c640c02/d.sock
[NX Daemon Server] - 2025-10-30T17:33:41.245Z - [WATCHER]: Subscribed to changes within: /Users/princetonbaretto/Desktop/Bestow (native)
[NX Daemon Server] - 2025-10-30T17:33:41.251Z - Established a connection. Number of open connections: 1
[NX Daemon Server] - 2025-10-30T17:33:41.252Z - Established a connection. Number of open connections: 2
[NX Daemon Server] - 2025-10-30T17:33:41.253Z - Closed a connection. Number of open connections: 1
[NX Daemon Server] - 2025-10-30T17:33:41.253Z - [REQUEST]: Responding to the client. Shutdown initiated
[NX Daemon Server] - 2025-10-30T17:33:41.253Z - Done responding to the client Shutdown initiated
[NX Daemon Server] - 2025-10-30T17:33:41.254Z - Handled FORCE_SHUTDOWN. Handling time: 0. Response time: 1.
[NX Daemon Server] - 2025-10-30T17:33:41.255Z - [WATCHER]: Stopping the watcher for /Users/princetonbaretto/Desktop/Bestow (sources)
[NX Daemon Server] - 2025-10-30T17:33:41.256Z - Closed a connection. Number of open connections: 0
[NX Daemon Server] - 2025-10-30T17:33:41.256Z - [WATCHER]: Stopping the watcher for /Users/princetonbaretto/Desktop/Bestow (outputs)
[NX Daemon Server] - 2025-10-30T17:33:47.226Z - Started listening on: /private/var/folders/tr/btrg4by958q2gn1px131s4fc0000gp/T/07ebb4c5dd554c640c02/d.sock
[NX Daemon Server] - 2025-10-30T17:33:47.228Z - [WATCHER]: Subscribed to changes within: /Users/princetonbaretto/Desktop/Bestow (native)
[NX Daemon Server] - 2025-10-30T17:33:47.233Z - Established a connection. Number of open connections: 1
[NX Daemon Server] - 2025-10-30T17:33:47.234Z - Established a connection. Number of open connections: 2
[NX Daemon Server] - 2025-10-30T17:33:47.236Z - Closed a connection. Number of open connections: 1
[NX Daemon Server] - 2025-10-30T17:33:47.237Z - [REQUEST]: Client Request for Project Graph Received
[NX Daemon Server] - 2025-10-30T17:33:47.287Z - [WATCHER]: Processing file changes in outputs
[NX Daemon Server] - 2025-10-30T17:33:47.493Z - Time taken for 'Load Nx Plugin: /Users/princetonbaretto/Desktop/Bestow/node_modules/nx/src/plugins/js' 255.60695799999996ms
[NX Daemon Server] - 2025-10-30T17:33:47.617Z - Time taken for 'Load Nx Plugin: /Users/princetonbaretto/Desktop/Bestow/node_modules/nx/src/plugins/package-json' 378.17737500000004ms
[NX Daemon Server] - 2025-10-30T17:33:47.747Z - [REQUEST]: Updated workspace context based on watched changes, recomputing project graph...
[NX Daemon Server] - 2025-10-30T17:33:47.747Z - [REQUEST]: 
[NX Daemon Server] - 2025-10-30T17:33:47.748Z - [REQUEST]: 
[NX Daemon Server] - 2025-10-30T17:33:47.751Z - Time taken for 'loadNxPlugins' 509.74725000000007ms
[NX Daemon Server] - 2025-10-30T17:33:47.772Z - Time taken for 'build-project-configs' 9.434999999999945ms
[NX Daemon Server] - 2025-10-30T17:33:47.787Z - [SYNC]: collect registered sync generators
[NX Daemon Server] - 2025-10-30T17:33:47.788Z - [REQUEST]: Responding to the client. project-graph
[NX Daemon Server] - 2025-10-30T17:33:47.788Z - Time taken for 'total for creating and serializing project graph' 550.499ms
[NX Daemon Server] - 2025-10-30T17:33:47.789Z - Done responding to the client project-graph
[NX Daemon Server] - 2025-10-30T17:33:47.789Z - Handled REQUEST_PROJECT_GRAPH. Handling time: 551. Response time: 1.
[NX Daemon Server] - 2025-10-30T17:33:47.849Z - [REQUEST]: Responding to the client. handleHashTasks
[NX Daemon Server] - 2025-10-30T17:33:47.850Z - Done responding to the client handleHashTasks
[NX Daemon Server] - 2025-10-30T17:33:47.850Z - Handled HASH_TASKS. Handling time: 7. Response time: 1.
[NX Daemon Server] - 2025-10-30T17:33:47.883Z - [REQUEST]: Responding to the client. handleGetEstimatedTaskTimings
[NX Daemon Server] - 2025-10-30T17:33:47.883Z - Done responding to the client handleGetEstimatedTaskTimings
[NX Daemon Server] - 2025-10-30T17:33:47.883Z - Handled GET_ESTIMATED_TASK_TIMINGS. Handling time: 27. Response time: 0.
[NX Daemon Server] - 2025-10-30T17:33:52.984Z - [WATCHER]: Processing file changes in outputs
[NX Daemon Server] - 2025-10-30T17:33:52.985Z - [WATCHER]: 3 file(s) created or restored, 0 file(s) modified, 0 file(s) deleted
[NX Daemon Server] - 2025-10-30T17:33:53.085Z - [REQUEST]: Updated workspace context based on watched changes, recomputing project graph...
[NX Daemon Server] - 2025-10-30T17:33:53.085Z - [REQUEST]: log/sdk-cli-debug.log,log/usage.log,log/usage-debug.log
[NX Daemon Server] - 2025-10-30T17:33:53.085Z - [REQUEST]: 
[NX Daemon Server] - 2025-10-30T17:33:53.086Z - Time taken for 'hash changed files from watcher' 0.2279580000003989ms
[NX Daemon Server] - 2025-10-30T17:33:53.094Z - Time taken for 'build-project-configs' 7.369125000000167ms
[NX Daemon Server] - 2025-10-30T17:33:53.112Z - [SYNC]: collect registered sync generators
[NX Daemon Server] - 2025-10-30T17:33:53.112Z - [SYNC]: project graph hash is the same, not collecting task sync generators
[NX Daemon Server] - 2025-10-30T17:33:53.112Z - [SYNC]: nx.json hash is the same, not collecting global sync generators
[NX Daemon Server] - 2025-10-30T17:33:53.112Z - Time taken for 'total execution time for createProjectGraph()' 15.838249999999789ms
[NX Daemon Server] - 2025-10-30T17:33:54.955Z - [WATCHER]: log/sdk-cli.log was created or restored
[NX Daemon Server] - 2025-10-30T17:33:54.955Z - [WATCHER]: Processing file changes in outputs
[NX Daemon Server] - 2025-10-30T17:33:55.055Z - [REQUEST]: Updated workspace context based on watched changes, recomputing project graph...
[NX Daemon Server] - 2025-10-30T17:33:55.055Z - [REQUEST]: log/sdk-cli.log
[NX Daemon Server] - 2025-10-30T17:33:55.055Z - [REQUEST]: 
[NX Daemon Server] - 2025-10-30T17:33:55.057Z - Time taken for 'hash changed files from watcher' 0.0861670000003869ms
[NX Daemon Server] - 2025-10-30T17:33:55.064Z - Time taken for 'build-project-configs' 6.971792000000278ms
[NX Daemon Server] - 2025-10-30T17:33:55.077Z - [SYNC]: collect registered sync generators
[NX Daemon Server] - 2025-10-30T17:33:55.077Z - [SYNC]: project graph hash is the same, not collecting task sync generators
[NX Daemon Server] - 2025-10-30T17:33:55.077Z - [SYNC]: nx.json hash is the same, not collecting global sync generators
[NX Daemon Server] - 2025-10-30T17:33:55.077Z - Time taken for 'total execution time for createProjectGraph()' 10.740624999999454ms
[NX Daemon Server] - 2025-10-30T17:33:55.537Z - [WATCHER]: Processing file changes in outputs
[NX Daemon Server] - 2025-10-30T17:33:55.538Z - [WATCHER]: 3 file(s) created or restored, 0 file(s) modified, 1 file(s) deleted
[NX Daemon Server] - 2025-10-30T17:33:55.588Z - [WATCHER]: 1 file(s) created or restored, 0 file(s) modified, 1 file(s) deleted
[NX Daemon Server] - 2025-10-30T17:33:55.588Z - [WATCHER]: Processing file changes in outputs
[NX Daemon Server] - 2025-10-30T17:33:55.639Z - [REQUEST]: Updated workspace context based on watched changes, recomputing project graph...
[NX Daemon Server] - 2025-10-30T17:33:55.639Z - [REQUEST]: log/key-metrics.json,apps/browserstack-e2e/browserstackSetupConfig.json,apps/browserstack-e2e/playwright-browserstack-sdk.config.ts
[NX Daemon Server] - 2025-10-30T17:33:55.639Z - [REQUEST]: log/key-metrics.json.lock
[NX Daemon Server] - 2025-10-30T17:33:55.640Z - Time taken for 'hash changed files from watcher' 0.19133400000100664ms
[NX Daemon Server] - 2025-10-30T17:33:55.641Z - [WATCHER]: 1 file(s) created or restored, 0 file(s) modified, 1 file(s) deleted
[NX Daemon Server] - 2025-10-30T17:33:55.641Z - [WATCHER]: Processing file changes in outputs
[NX Daemon Server] - 2025-10-30T17:33:55.647Z - Time taken for 'build-project-configs' 6.068500000001222ms
[NX Daemon Server] - 2025-10-30T17:33:55.659Z - [SYNC]: collect registered sync generators
[NX Daemon Server] - 2025-10-30T17:33:55.659Z - [SYNC]: project graph hash is the same, not collecting task sync generators
[NX Daemon Server] - 2025-10-30T17:33:55.659Z - [SYNC]: nx.json hash is the same, not collecting global sync generators
[NX Daemon Server] - 2025-10-30T17:33:55.659Z - Time taken for 'total execution time for createProjectGraph()' 10.039209000000483ms
[NX Daemon Server] - 2025-10-30T17:33:55.741Z - [REQUEST]: Updated workspace context based on watched changes, recomputing project graph...
[NX Daemon Server] - 2025-10-30T17:33:55.741Z - [REQUEST]: 
[NX Daemon Server] - 2025-10-30T17:33:55.741Z - [REQUEST]: 
[NX Daemon Server] - 2025-10-30T17:33:55.742Z - Time taken for 'hash changed files from watcher' 0.05124999999861757ms
[NX Daemon Server] - 2025-10-30T17:33:55.754Z - Time taken for 'build-project-configs' 10.78637499999968ms
[NX Daemon Server] - 2025-10-30T17:33:55.769Z - [SYNC]: collect registered sync generators
[NX Daemon Server] - 2025-10-30T17:33:55.769Z - [SYNC]: project graph hash is the same, not collecting task sync generators
[NX Daemon Server] - 2025-10-30T17:33:55.769Z - [SYNC]: nx.json hash is the same, not collecting global sync generators
[NX Daemon Server] - 2025-10-30T17:33:55.769Z - Time taken for 'total execution time for createProjectGraph()' 13.218417000000045ms
[NX Daemon Server] - 2025-10-30T17:33:58.614Z - [WATCHER]: 1 file(s) created or restored, 1 file(s) modified, 2 file(s) deleted
[NX Daemon Server] - 2025-10-30T17:33:58.615Z - [WATCHER]: Processing file changes in outputs
[NX Daemon Server] - 2025-10-30T17:33:58.715Z - [REQUEST]: Updated workspace context based on watched changes, recomputing project graph...
[NX Daemon Server] - 2025-10-30T17:33:58.715Z - [REQUEST]: playwright-browserstack-sdk.config.temp.json,log/key-metrics.json
[NX Daemon Server] - 2025-10-30T17:33:58.715Z - [REQUEST]: test-results/.last-run.json,log/key-metrics.json.lock
[NX Daemon Server] - 2025-10-30T17:33:58.716Z - Time taken for 'hash changed files from watcher' 0.21845899999971152ms
[NX Daemon Server] - 2025-10-30T17:33:58.724Z - Time taken for 'build-project-configs' 6.333041999998386ms
[NX Daemon Server] - 2025-10-30T17:33:58.735Z - [SYNC]: collect registered sync generators
[NX Daemon Server] - 2025-10-30T17:33:58.736Z - [SYNC]: project graph hash is the same, not collecting task sync generators
[NX Daemon Server] - 2025-10-30T17:33:58.736Z - [SYNC]: nx.json hash is the same, not collecting global sync generators
[NX Daemon Server] - 2025-10-30T17:33:58.736Z - Time taken for 'total execution time for createProjectGraph()' 9.643459000000803ms
[NX Daemon Server] - 2025-10-30T17:34:00.658Z - [WATCHER]: Processing file changes in outputs
[NX Daemon Server] - 2025-10-30T17:34:00.658Z - [WATCHER]: log/.obs_test_details-default/-138:Windows 11-browserstack-51f8d40a272cb921b96a-632fd8185a55744988e6-0.json was created or restored
[NX Daemon Server] - 2025-10-30T17:34:00.759Z - [REQUEST]: Updated workspace context based on watched changes, recomputing project graph...
[NX Daemon Server] - 2025-10-30T17:34:00.759Z - [REQUEST]: log/.obs_test_details-default/-138:Windows 11-browserstack-51f8d40a272cb921b96a-632fd8185a55744988e6-0.json
[NX Daemon Server] - 2025-10-30T17:34:00.759Z - [REQUEST]: 
[NX Daemon Server] - 2025-10-30T17:34:00.760Z - Time taken for 'hash changed files from watcher' 0.06858399999873654ms
[NX Daemon Server] - 2025-10-30T17:34:00.767Z - Time taken for 'build-project-configs' 6.028124999998909ms
[NX Daemon Server] - 2025-10-30T17:34:00.780Z - [SYNC]: collect registered sync generators
[NX Daemon Server] - 2025-10-30T17:34:00.780Z - [SYNC]: project graph hash is the same, not collecting task sync generators
[NX Daemon Server] - 2025-10-30T17:34:00.780Z - [SYNC]: nx.json hash is the same, not collecting global sync generators
[NX Daemon Server] - 2025-10-30T17:34:00.780Z - Time taken for 'total execution time for createProjectGraph()' 11.145583000001352ms
[NX Daemon Server] - 2025-10-30T17:34:02.311Z - [WATCHER]: Processing file changes in outputs
[NX Daemon Server] - 2025-10-30T17:34:02.314Z - [WATCHER]: 2 file(s) created or restored, 3 file(s) modified, 0 file(s) deleted
[NX Daemon Server] - 2025-10-30T17:34:02.424Z - [REQUEST]: Updated workspace context based on watched changes, recomputing project graph...
[NX Daemon Server] - 2025-10-30T17:34:02.424Z - [REQUEST]: log/performance-report/performance-report-18447-0.json,test-results/.last-run.json,log/usage.log,log/.obs_test_details-default/-138:Windows 11-browserstack-51f8d40a272cb921b96a-632fd8185a55744988e6-0.json,log/usage-debug.log
[NX Daemon Server] - 2025-10-30T17:34:02.424Z - [REQUEST]: 
[NX Daemon Server] - 2025-10-30T17:34:02.426Z - Time taken for 'hash changed files from watcher' 10.178499999999985ms
[NX Daemon Server] - 2025-10-30T17:34:02.434Z - Time taken for 'build-project-configs' 7.820708999999624ms
[NX Daemon Server] - 2025-10-30T17:34:02.450Z - [SYNC]: collect registered sync generators
[NX Daemon Server] - 2025-10-30T17:34:02.450Z - [SYNC]: project graph hash is the same, not collecting task sync generators
[NX Daemon Server] - 2025-10-30T17:34:02.450Z - [SYNC]: nx.json hash is the same, not collecting global sync generators
[NX Daemon Server] - 2025-10-30T17:34:02.450Z - Time taken for 'total execution time for createProjectGraph()' 14.457416999999623ms
[NX Daemon Server] - 2025-10-30T17:34:05.934Z - [WATCHER]: 0 file(s) created or restored, 1 file(s) modified, 1 file(s) deleted
[NX Daemon Server] - 2025-10-30T17:34:05.935Z - [WATCHER]: Processing file changes in outputs
[NX Daemon Server] - 2025-10-30T17:34:06.136Z - [REQUEST]: Updated workspace context based on watched changes, recomputing project graph...
[NX Daemon Server] - 2025-10-30T17:34:06.136Z - [REQUEST]: log/key-metrics.json
[NX Daemon Server] - 2025-10-30T17:34:06.136Z - [REQUEST]: log/key-metrics.json.lock
[NX Daemon Server] - 2025-10-30T17:34:06.140Z - Time taken for 'hash changed files from watcher' 0.1760000000031141ms
[NX Daemon Server] - 2025-10-30T17:34:06.152Z - Time taken for 'build-project-configs' 12.9540829999969ms
[NX Daemon Server] - 2025-10-30T17:34:06.165Z - [SYNC]: collect registered sync generators
[NX Daemon Server] - 2025-10-30T17:34:06.165Z - [SYNC]: project graph hash is the same, not collecting task sync generators
[NX Daemon Server] - 2025-10-30T17:34:06.165Z - [SYNC]: nx.json hash is the same, not collecting global sync generators
[NX Daemon Server] - 2025-10-30T17:34:06.165Z - Time taken for 'total execution time for createProjectGraph()' 10.804458999999042ms
[NX Daemon Server] - 2025-10-30T17:34:07.025Z - [WATCHER]: log/.obs_test_details-default/-138:Windows 11-browserstack-51f8d40a272cb921b96a-632fd8185a55744988e6-0.json was deleted
[NX Daemon Server] - 2025-10-30T17:34:07.025Z - [WATCHER]: Processing file changes in outputs
[NX Daemon Server] - 2025-10-30T17:34:07.425Z - [REQUEST]: Updated workspace context based on watched changes, recomputing project graph...
[NX Daemon Server] - 2025-10-30T17:34:07.425Z - [REQUEST]: 
[NX Daemon Server] - 2025-10-30T17:34:07.425Z - [REQUEST]: log/.obs_test_details-default/-138:Windows 11-browserstack-51f8d40a272cb921b96a-632fd8185a55744988e6-0.json
[NX Daemon Server] - 2025-10-30T17:34:07.429Z - Time taken for 'hash changed files from watcher' 0.07537500000034925ms
[NX Daemon Server] - 2025-10-30T17:34:07.445Z - Time taken for 'build-project-configs' 17.563042000001587ms
[NX Daemon Server] - 2025-10-30T17:34:07.461Z - [SYNC]: collect registered sync generators
[NX Daemon Server] - 2025-10-30T17:34:07.462Z - [SYNC]: project graph hash is the same, not collecting task sync generators
[NX Daemon Server] - 2025-10-30T17:34:07.462Z - [SYNC]: nx.json hash is the same, not collecting global sync generators
[NX Daemon Server] - 2025-10-30T17:34:07.462Z - Time taken for 'total execution time for createProjectGraph()' 12.888708999998926ms
[NX Daemon Server] - 2025-10-30T17:34:12.031Z - [WATCHER]: 0 file(s) created or restored, 2 file(s) modified, 0 file(s) deleted
[NX Daemon Server] - 2025-10-30T17:34:12.032Z - [WATCHER]: Processing file changes in outputs
[NX Daemon Server] - 2025-10-30T17:34:12.832Z - [REQUEST]: Updated workspace context based on watched changes, recomputing project graph...
[NX Daemon Server] - 2025-10-30T17:34:12.832Z - [REQUEST]: log/sdk-cli-debug.log,log/sdk-cli.log
[NX Daemon Server] - 2025-10-30T17:34:12.832Z - [REQUEST]: 
[NX Daemon Server] - 2025-10-30T17:34:12.834Z - Time taken for 'hash changed files from watcher' 0.23312500000247383ms
[NX Daemon Server] - 2025-10-30T17:34:12.843Z - Time taken for 'build-project-configs' 8.804166999998415ms
[NX Daemon Server] - 2025-10-30T17:34:12.856Z - [SYNC]: collect registered sync generators
[NX Daemon Server] - 2025-10-30T17:34:12.856Z - [SYNC]: project graph hash is the same, not collecting task sync generators
[NX Daemon Server] - 2025-10-30T17:34:12.856Z - [SYNC]: nx.json hash is the same, not collecting global sync generators
[NX Daemon Server] - 2025-10-30T17:34:12.856Z - Time taken for 'total execution time for createProjectGraph()' 10.303583000000799ms
[NX Daemon Server] - 2025-10-30T17:34:12.856Z - [WATCHER]: log/bstack-logs.tar.gz was created or restored
[NX Daemon Server] - 2025-10-30T17:34:12.856Z - [WATCHER]: Processing file changes in outputs
[NX Daemon Server] - 2025-10-30T17:34:12.957Z - [REQUEST]: Updated workspace context based on watched changes, recomputing project graph...
[NX Daemon Server] - 2025-10-30T17:34:12.957Z - [REQUEST]: log/bstack-logs.tar.gz
[NX Daemon Server] - 2025-10-30T17:34:12.957Z - [REQUEST]: 
[NX Daemon Server] - 2025-10-30T17:34:12.958Z - Time taken for 'hash changed files from watcher' 0.14858399999866378ms
[NX Daemon Server] - 2025-10-30T17:34:12.967Z - Time taken for 'build-project-configs' 7.385207999999693ms
[NX Daemon Server] - 2025-10-30T17:34:12.979Z - [SYNC]: collect registered sync generators
[NX Daemon Server] - 2025-10-30T17:34:12.979Z - [SYNC]: project graph hash is the same, not collecting task sync generators
[NX Daemon Server] - 2025-10-30T17:34:12.979Z - [SYNC]: nx.json hash is the same, not collecting global sync generators
[NX Daemon Server] - 2025-10-30T17:34:12.979Z - Time taken for 'total execution time for createProjectGraph()' 9.338708000002953ms
[NX Daemon Server] - 2025-10-30T17:34:15.911Z - [WATCHER]: 0 file(s) created or restored, 0 file(s) modified, 6 file(s) deleted
[NX Daemon Server] - 2025-10-30T17:34:15.912Z - [WATCHER]: Processing file changes in outputs
[NX Daemon Server] - 2025-10-30T17:34:16.066Z - [WATCHER]: 1 file(s) created or restored, 0 file(s) modified, 1 file(s) deleted
[NX Daemon Server] - 2025-10-30T17:34:16.066Z - [WATCHER]: Processing file changes in outputs
[NX Daemon Server] - 2025-10-30T17:34:16.112Z - [REQUEST]: Updated workspace context based on watched changes, recomputing project graph...
[NX Daemon Server] - 2025-10-30T17:34:16.112Z - [REQUEST]: log/performance-report/modified-key-metrics.json
[NX Daemon Server] - 2025-10-30T17:34:16.112Z - [REQUEST]: apps/browserstack-e2e/playwright-browserstack-sdk.config.ts,log/sdk-cli-debug.log,playwright-browserstack-sdk.config.temp.json,log/bstack-logs.tar.gz,apps/browserstack-e2e/browserstackSetupConfig.json,log/usage-debug.log,log/key-metrics.json
[NX Daemon Server] - 2025-10-30T17:34:16.113Z - Time taken for 'hash changed files from watcher' 0.09216699999888078ms
[NX Daemon Server] - 2025-10-30T17:34:16.124Z - Time taken for 'build-project-configs' 10.563207999999577ms
[NX Daemon Server] - 2025-10-30T17:34:16.135Z - [SYNC]: collect registered sync generators
[NX Daemon Server] - 2025-10-30T17:34:16.135Z - [SYNC]: project graph hash is the same, not collecting task sync generators
[NX Daemon Server] - 2025-10-30T17:34:16.135Z - [SYNC]: nx.json hash is the same, not collecting global sync generators
[NX Daemon Server] - 2025-10-30T17:34:16.135Z - Time taken for 'total execution time for createProjectGraph()' 8.399250000002212ms
[NX Daemon Server] - 2025-10-30T17:34:17.093Z - [REQUEST]: Responding to the client. recordOutputsHash
[NX Daemon Server] - 2025-10-30T17:34:17.093Z - Done responding to the client recordOutputsHash
[NX Daemon Server] - 2025-10-30T17:34:17.093Z - Handled RECORD_OUTPUTS_HASH. Handling time: 0. Response time: 0.
[NX Daemon Server] - 2025-10-30T17:34:17.095Z - [REQUEST]: Responding to the client. handleRecordTaskRuns
[NX Daemon Server] - 2025-10-30T17:34:17.095Z - Done responding to the client handleRecordTaskRuns
[NX Daemon Server] - 2025-10-30T17:34:17.095Z - Handled RECORD_TASK_RUNS. Handling time: 0. Response time: 0.
[NX Daemon Server] - 2025-10-30T17:34:17.096Z - [REQUEST]: Responding to the client. handleGetFlakyTasks
[NX Daemon Server] - 2025-10-30T17:34:17.096Z - Done responding to the client handleGetFlakyTasks
[NX Daemon Server] - 2025-10-30T17:34:17.096Z - Handled GET_FLAKY_TASKS. Handling time: 0. Response time: 0.
[NX Daemon Server] - 2025-10-30T17:34:17.124Z - [WATCHER]: 1 file(s) created or restored, 1 file(s) modified, 1 file(s) deleted
[NX Daemon Server] - 2025-10-30T17:34:17.124Z - [WATCHER]: Processing file changes in outputs
[NX Daemon Server] - 2025-10-30T17:34:17.224Z - [REQUEST]: Updated workspace context based on watched changes, recomputing project graph...
[NX Daemon Server] - 2025-10-30T17:34:17.224Z - [REQUEST]: log/events.json,log/usage.log
[NX Daemon Server] - 2025-10-30T17:34:17.224Z - [REQUEST]: log/usage-debug.log
[NX Daemon Server] - 2025-10-30T17:34:17.225Z - Time taken for 'hash changed files from watcher' 0.1179580000025453ms
[NX Daemon Server] - 2025-10-30T17:34:17.231Z - Time taken for 'build-project-configs' 5.153041999998095ms
[NX Daemon Server] - 2025-10-30T17:34:17.241Z - [SYNC]: collect registered sync generators
[NX Daemon Server] - 2025-10-30T17:34:17.241Z - [SYNC]: project graph hash is the same, not collecting task sync generators
[NX Daemon Server] - 2025-10-30T17:34:17.241Z - [SYNC]: nx.json hash is the same, not collecting global sync generators
[NX Daemon Server] - 2025-10-30T17:34:17.241Z - Time taken for 'total execution time for createProjectGraph()' 8.460584000000381ms
[NX Daemon Server] - 2025-10-30T17:34:17.432Z - Closed a connection. Number of open connections: 0
[NX Daemon Server] - 2025-10-30T17:34:44.683Z - [WATCHER]: apps/browserstack-e2e/playwright.config.ts was modified
[NX Daemon Server] - 2025-10-30T17:34:44.684Z - [WATCHER]: Processing file changes in outputs
[NX Daemon Server] - 2025-10-30T17:34:44.885Z - [REQUEST]: Updated workspace context based on watched changes, recomputing project graph...
[NX Daemon Server] - 2025-10-30T17:34:44.885Z - [REQUEST]: apps/browserstack-e2e/playwright.config.ts
[NX Daemon Server] - 2025-10-30T17:34:44.885Z - [REQUEST]: 
[NX Daemon Server] - 2025-10-30T17:34:44.886Z - Time taken for 'hash changed files from watcher' 0.17866700000013225ms
[NX Daemon Server] - 2025-10-30T17:34:44.902Z - Time taken for 'build-project-configs' 13.684792000000016ms
[NX Daemon Server] - 2025-10-30T17:34:44.919Z - [SYNC]: collect registered sync generators
[NX Daemon Server] - 2025-10-30T17:34:44.920Z - [SYNC]: project graph hash is the same, not collecting task sync generators
[NX Daemon Server] - 2025-10-30T17:34:44.920Z - [SYNC]: nx.json hash is the same, not collecting global sync generators
[NX Daemon Server] - 2025-10-30T17:34:44.920Z - Time taken for 'total execution time for createProjectGraph()' 16.74020799999562ms
[NX Daemon Server] - 2025-10-30T17:34:47.859Z - [WATCHER]: apps/browserstack-e2e/playwright.config.ts was modified
[NX Daemon Server] - 2025-10-30T17:34:47.859Z - [WATCHER]: Processing file changes in outputs
[NX Daemon Server] - 2025-10-30T17:34:48.259Z - [REQUEST]: Updated workspace context based on watched changes, recomputing project graph...
[NX Daemon Server] - 2025-10-30T17:34:48.259Z - [REQUEST]: apps/browserstack-e2e/playwright.config.ts
[NX Daemon Server] - 2025-10-30T17:34:48.259Z - [REQUEST]: 
[NX Daemon Server] - 2025-10-30T17:34:48.261Z - Time taken for 'hash changed files from watcher' 0.09120899999834364ms
[NX Daemon Server] - 2025-10-30T17:34:48.272Z - Time taken for 'build-project-configs' 10.472291000005498ms
[NX Daemon Server] - 2025-10-30T17:34:48.287Z - [SYNC]: collect registered sync generators
[NX Daemon Server] - 2025-10-30T17:34:48.288Z - [SYNC]: project graph hash is the same, not collecting task sync generators
[NX Daemon Server] - 2025-10-30T17:34:48.288Z - [SYNC]: nx.json hash is the same, not collecting global sync generators
[NX Daemon Server] - 2025-10-30T17:34:48.288Z - Time taken for 'total execution time for createProjectGraph()' 12.960375000002387ms
[NX Daemon Server] - 2025-10-30T17:35:03.179Z - [WATCHER]: Processing file changes in outputs
[NX Daemon Server] - 2025-10-30T17:35:03.182Z - [WATCHER]: apps/browserstack-e2e/playwright.config.ts was modified
[NX Daemon Server] - 2025-10-30T17:35:03.566Z - [WATCHER]: apps/browserstack-e2e/playwright.config.ts was modified
[NX Daemon Server] - 2025-10-30T17:35:03.567Z - [WATCHER]: Processing file changes in outputs
[NX Daemon Server] - 2025-10-30T17:35:03.982Z - [REQUEST]: Updated workspace context based on watched changes, recomputing project graph...
[NX Daemon Server] - 2025-10-30T17:35:03.982Z - [REQUEST]: apps/browserstack-e2e/playwright.config.ts
[NX Daemon Server] - 2025-10-30T17:35:03.982Z - [REQUEST]: 
[NX Daemon Server] - 2025-10-30T17:35:03.984Z - Time taken for 'hash changed files from watcher' 0.14191600000776816ms
[NX Daemon Server] - 2025-10-30T17:35:03.995Z - Time taken for 'build-project-configs' 10.62754099999438ms
[NX Daemon Server] - 2025-10-30T17:35:04.012Z - [SYNC]: collect registered sync generators
[NX Daemon Server] - 2025-10-30T17:35:04.012Z - [SYNC]: project graph hash is the same, not collecting task sync generators
[NX Daemon Server] - 2025-10-30T17:35:04.012Z - [SYNC]: nx.json hash is the same, not collecting global sync generators
[NX Daemon Server] - 2025-10-30T17:35:04.012Z - Time taken for 'total execution time for createProjectGraph()' 14.334791999994195ms
[NX Daemon Server] - 2025-10-30T17:35:08.716Z - Established a connection. Number of open connections: 1
[NX Daemon Server] - 2025-10-30T17:35:08.717Z - Closed a connection. Number of open connections: 0
[NX Daemon Server] - 2025-10-30T17:35:08.717Z - Established a connection. Number of open connections: 1
[NX Daemon Server] - 2025-10-30T17:35:08.719Z - [REQUEST]: Client Request for Project Graph Received
[NX Daemon Server] - 2025-10-30T17:35:08.719Z - [REQUEST]: Responding to the client. project-graph
[NX Daemon Server] - 2025-10-30T17:35:08.720Z - Time taken for 'total for creating and serializing project graph' 0.17029100000218023ms
[NX Daemon Server] - 2025-10-30T17:35:08.721Z - Done responding to the client project-graph
[NX Daemon Server] - 2025-10-30T17:35:08.721Z - Handled REQUEST_PROJECT_GRAPH. Handling time: 0. Response time: 2.
[NX Daemon Server] - 2025-10-30T17:35:08.786Z - [REQUEST]: Responding to the client. handleHashTasks
[NX Daemon Server] - 2025-10-30T17:35:08.786Z - Done responding to the client handleHashTasks
[NX Daemon Server] - 2025-10-30T17:35:08.786Z - Handled HASH_TASKS. Handling time: 8. Response time: 0.
[NX Daemon Server] - 2025-10-30T17:35:08.791Z - [REQUEST]: Responding to the client. handleGetEstimatedTaskTimings
[NX Daemon Server] - 2025-10-30T17:35:08.791Z - Done responding to the client handleGetEstimatedTaskTimings
[NX Daemon Server] - 2025-10-30T17:35:08.791Z - Handled GET_ESTIMATED_TASK_TIMINGS. Handling time: 0. Response time: 0.
[NX Daemon Server] - 2025-10-30T17:35:15.057Z - [WATCHER]: 1 file(s) created or restored, 1 file(s) modified, 0 file(s) deleted
[NX Daemon Server] - 2025-10-30T17:35:15.058Z - [WATCHER]: Processing file changes in outputs
[NX Daemon Server] - 2025-10-30T17:35:15.159Z - [REQUEST]: Updated workspace context based on watched changes, recomputing project graph...
[NX Daemon Server] - 2025-10-30T17:35:15.159Z - [REQUEST]: log/sdk-cli-debug.log,log/usage-debug.log
[NX Daemon Server] - 2025-10-30T17:35:15.159Z - [REQUEST]: 
[NX Daemon Server] - 2025-10-30T17:35:15.160Z - Time taken for 'hash changed files from watcher' 0.29508400001213886ms
[NX Daemon Server] - 2025-10-30T17:35:15.185Z - Time taken for 'build-project-configs' 21.865124999996624ms
[NX Daemon Server] - 2025-10-30T17:35:15.204Z - [SYNC]: collect registered sync generators
[NX Daemon Server] - 2025-10-30T17:35:15.204Z - [SYNC]: project graph hash is the same, not collecting task sync generators
[NX Daemon Server] - 2025-10-30T17:35:15.204Z - [SYNC]: nx.json hash is the same, not collecting global sync generators
[NX Daemon Server] - 2025-10-30T17:35:15.205Z - Time taken for 'total execution time for createProjectGraph()' 17.1495419999992ms
[NX Daemon Server] - 2025-10-30T17:35:19.364Z - [WATCHER]: 3 file(s) created or restored, 0 file(s) modified, 1 file(s) deleted
[NX Daemon Server] - 2025-10-30T17:35:19.364Z - [WATCHER]: Processing file changes in outputs
[NX Daemon Server] - 2025-10-30T17:35:19.416Z - [WATCHER]: 1 file(s) created or restored, 0 file(s) modified, 1 file(s) deleted
[NX Daemon Server] - 2025-10-30T17:35:19.416Z - [WATCHER]: Processing file changes in outputs
[NX Daemon Server] - 2025-10-30T17:35:19.465Z - [REQUEST]: Updated workspace context based on watched changes, recomputing project graph...
[NX Daemon Server] - 2025-10-30T17:35:19.465Z - [REQUEST]: apps/browserstack-e2e/playwright-browserstack-sdk.config.ts,log/key-metrics.json,apps/browserstack-e2e/browserstackSetupConfig.json
[NX Daemon Server] - 2025-10-30T17:35:19.465Z - [REQUEST]: log/key-metrics.json.lock
[NX Daemon Server] - 2025-10-30T17:35:19.466Z - Time taken for 'hash changed files from watcher' 0.23616700001002755ms
[NX Daemon Server] - 2025-10-30T17:35:19.469Z - [WATCHER]: 1 file(s) created or restored, 0 file(s) modified, 1 file(s) deleted
[NX Daemon Server] - 2025-10-30T17:35:19.469Z - [WATCHER]: Processing file changes in outputs
[NX Daemon Server] - 2025-10-30T17:35:19.484Z - Time taken for 'build-project-configs' 15.224333999998635ms
[NX Daemon Server] - 2025-10-30T17:35:19.506Z - [SYNC]: collect registered sync generators
[NX Daemon Server] - 2025-10-30T17:35:19.506Z - [SYNC]: project graph hash is the same, not collecting task sync generators
[NX Daemon Server] - 2025-10-30T17:35:19.506Z - [SYNC]: nx.json hash is the same, not collecting global sync generators
[NX Daemon Server] - 2025-10-30T17:35:19.507Z - Time taken for 'total execution time for createProjectGraph()' 20.02629199999501ms
[NX Daemon Server] - 2025-10-30T17:35:19.568Z - [REQUEST]: Updated workspace context based on watched changes, recomputing project graph...
[NX Daemon Server] - 2025-10-30T17:35:19.568Z - [REQUEST]: 
[NX Daemon Server] - 2025-10-30T17:35:19.568Z - [REQUEST]: 
[NX Daemon Server] - 2025-10-30T17:35:19.569Z - Time taken for 'hash changed files from watcher' 0.03958300000522286ms
[NX Daemon Server] - 2025-10-30T17:35:19.593Z - Time taken for 'build-project-configs' 20.40908300000592ms
[NX Daemon Server] - 2025-10-30T17:35:19.621Z - [SYNC]: collect registered sync generators
[NX Daemon Server] - 2025-10-30T17:35:19.621Z - [SYNC]: project graph hash is the same, not collecting task sync generators
[NX Daemon Server] - 2025-10-30T17:35:19.621Z - [SYNC]: nx.json hash is the same, not collecting global sync generators
[NX Daemon Server] - 2025-10-30T17:35:19.621Z - Time taken for 'total execution time for createProjectGraph()' 25.172292000002926ms
[NX Daemon Server] - 2025-10-30T17:35:23.898Z - [WATCHER]: 0 file(s) created or restored, 1 file(s) modified, 1 file(s) deleted
[NX Daemon Server] - 2025-10-30T17:35:23.899Z - [WATCHER]: Processing file changes in outputs
[NX Daemon Server] - 2025-10-30T17:35:24.016Z - [WATCHER]: 1 file(s) created or restored, 0 file(s) modified, 1 file(s) deleted
[NX Daemon Server] - 2025-10-30T17:35:24.016Z - [WATCHER]: Processing file changes in outputs
[NX Daemon Server] - 2025-10-30T17:35:24.099Z - [REQUEST]: Updated workspace context based on watched changes, recomputing project graph...
[NX Daemon Server] - 2025-10-30T17:35:24.099Z - [REQUEST]: log/key-metrics.json,playwright-browserstack-sdk.config.temp.json
[NX Daemon Server] - 2025-10-30T17:35:24.099Z - [REQUEST]: log/key-metrics.json.lock,test-results/.last-run.json
[NX Daemon Server] - 2025-10-30T17:35:24.101Z - Time taken for 'hash changed files from watcher' 0.24029200000222772ms
[NX Daemon Server] - 2025-10-30T17:35:24.124Z - Time taken for 'build-project-configs' 21.42620899999747ms
[NX Daemon Server] - 2025-10-30T17:35:24.162Z - [SYNC]: collect registered sync generators
[NX Daemon Server] - 2025-10-30T17:35:24.162Z - [SYNC]: project graph hash is the same, not collecting task sync generators
[NX Daemon Server] - 2025-10-30T17:35:24.163Z - [SYNC]: nx.json hash is the same, not collecting global sync generators
[NX Daemon Server] - 2025-10-30T17:35:24.163Z - Time taken for 'total execution time for createProjectGraph()' 32.83324999999604ms
[NX Daemon Server] - 2025-10-30T17:35:27.056Z - [WATCHER]: log/.obs_test_details-default/-138:Windows 11-browserstack-51f8d40a272cb921b96a-632fd8185a55744988e6-0.json was created or restored
[NX Daemon Server] - 2025-10-30T17:35:27.056Z - [WATCHER]: Processing file changes in outputs
[NX Daemon Server] - 2025-10-30T17:35:27.157Z - [REQUEST]: Updated workspace context based on watched changes, recomputing project graph...
[NX Daemon Server] - 2025-10-30T17:35:27.157Z - [REQUEST]: log/.obs_test_details-default/-138:Windows 11-browserstack-51f8d40a272cb921b96a-632fd8185a55744988e6-0.json
[NX Daemon Server] - 2025-10-30T17:35:27.157Z - [REQUEST]: 
[NX Daemon Server] - 2025-10-30T17:35:27.158Z - Time taken for 'hash changed files from watcher' 0.11050000000977889ms
[NX Daemon Server] - 2025-10-30T17:35:27.170Z - Time taken for 'build-project-configs' 10.270541999998386ms
[NX Daemon Server] - 2025-10-30T17:35:27.190Z - [SYNC]: collect registered sync generators
[NX Daemon Server] - 2025-10-30T17:35:27.190Z - [SYNC]: project graph hash is the same, not collecting task sync generators
[NX Daemon Server] - 2025-10-30T17:35:27.190Z - [SYNC]: nx.json hash is the same, not collecting global sync generators
[NX Daemon Server] - 2025-10-30T17:35:27.190Z - Time taken for 'total execution time for createProjectGraph()' 17.885834000000614ms
[NX Daemon Server] - 2025-10-30T17:35:28.518Z - [WATCHER]: Processing file changes in outputs
[NX Daemon Server] - 2025-10-30T17:35:28.518Z - [WATCHER]: 2 file(s) created or restored, 3 file(s) modified, 2 file(s) deleted
[NX Daemon Server] - 2025-10-30T17:35:28.619Z - [REQUEST]: Updated workspace context based on watched changes, recomputing project graph...
[NX Daemon Server] - 2025-10-30T17:35:28.619Z - [REQUEST]: test-results/.last-run.json,log/performance-report/performance-report-22394-0.json,log/usage.log,log/.obs_test_details-default/-138:Windows 11-browserstack-51f8d40a272cb921b96a-632fd8185a55744988e6-0.json,log/usage-debug.log
[NX Daemon Server] - 2025-10-30T17:35:28.619Z - [REQUEST]: log/performance-report/modified-key-metrics.json,log/performance-report/performance-report-18447-0.json
[NX Daemon Server] - 2025-10-30T17:35:28.620Z - Time taken for 'hash changed files from watcher' 0.41662499999802094ms
[NX Daemon Server] - 2025-10-30T17:35:28.628Z - Time taken for 'build-project-configs' 7.381167000014102ms
[NX Daemon Server] - 2025-10-30T17:35:28.648Z - [SYNC]: collect registered sync generators
[NX Daemon Server] - 2025-10-30T17:35:28.648Z - [SYNC]: project graph hash is the same, not collecting task sync generators
[NX Daemon Server] - 2025-10-30T17:35:28.648Z - [SYNC]: nx.json hash is the same, not collecting global sync generators
[NX Daemon Server] - 2025-10-30T17:35:28.648Z - Time taken for 'total execution time for createProjectGraph()' 16.568249999996624ms
[NX Daemon Server] - 2025-10-30T17:35:32.161Z - [WATCHER]: 0 file(s) created or restored, 1 file(s) modified, 1 file(s) deleted
[NX Daemon Server] - 2025-10-30T17:35:32.161Z - [WATCHER]: Processing file changes in outputs
[NX Daemon Server] - 2025-10-30T17:35:32.362Z - [REQUEST]: Updated workspace context based on watched changes, recomputing project graph...
[NX Daemon Server] - 2025-10-30T17:35:32.362Z - [REQUEST]: log/key-metrics.json
[NX Daemon Server] - 2025-10-30T17:35:32.362Z - [REQUEST]: log/key-metrics.json.lock
[NX Daemon Server] - 2025-10-30T17:35:32.366Z - Time taken for 'hash changed files from watcher' 0.18020800000522286ms
[NX Daemon Server] - 2025-10-30T17:35:32.379Z - Time taken for 'build-project-configs' 14.445624999993015ms
[NX Daemon Server] - 2025-10-30T17:35:32.392Z - [SYNC]: collect registered sync generators
[NX Daemon Server] - 2025-10-30T17:35:32.392Z - [SYNC]: project graph hash is the same, not collecting task sync generators
[NX Daemon Server] - 2025-10-30T17:35:32.392Z - [SYNC]: nx.json hash is the same, not collecting global sync generators
[NX Daemon Server] - 2025-10-30T17:35:32.392Z - Time taken for 'total execution time for createProjectGraph()' 10.576042000000598ms
[NX Daemon Server] - 2025-10-30T17:35:33.251Z - [WATCHER]: log/.obs_test_details-default/-138:Windows 11-browserstack-51f8d40a272cb921b96a-632fd8185a55744988e6-0.json was deleted
[NX Daemon Server] - 2025-10-30T17:35:33.251Z - [WATCHER]: Processing file changes in outputs
[NX Daemon Server] - 2025-10-30T17:35:33.651Z - [REQUEST]: Updated workspace context based on watched changes, recomputing project graph...
[NX Daemon Server] - 2025-10-30T17:35:33.652Z - [REQUEST]: 
[NX Daemon Server] - 2025-10-30T17:35:33.652Z - [REQUEST]: log/.obs_test_details-default/-138:Windows 11-browserstack-51f8d40a272cb921b96a-632fd8185a55744988e6-0.json
[NX Daemon Server] - 2025-10-30T17:35:33.656Z - Time taken for 'hash changed files from watcher' 0.08904099999926984ms
[NX Daemon Server] - 2025-10-30T17:35:33.671Z - Time taken for 'build-project-configs' 16.61912499999744ms
[NX Daemon Server] - 2025-10-30T17:35:33.684Z - [SYNC]: collect registered sync generators
[NX Daemon Server] - 2025-10-30T17:35:33.684Z - [SYNC]: project graph hash is the same, not collecting task sync generators
[NX Daemon Server] - 2025-10-30T17:35:33.685Z - [SYNC]: nx.json hash is the same, not collecting global sync generators
[NX Daemon Server] - 2025-10-30T17:35:33.685Z - Time taken for 'total execution time for createProjectGraph()' 10.527499999996508ms
[NX Daemon Server] - 2025-10-30T17:35:38.265Z - [WATCHER]: 0 file(s) created or restored, 2 file(s) modified, 0 file(s) deleted
[NX Daemon Server] - 2025-10-30T17:35:38.265Z - [WATCHER]: Processing file changes in outputs
[NX Daemon Server] - 2025-10-30T17:35:38.919Z - [WATCHER]: Processing file changes in outputs
[NX Daemon Server] - 2025-10-30T17:35:38.919Z - [WATCHER]: log/bstack-logs.tar.gz was created or restored
[NX Daemon Server] - 2025-10-30T17:35:39.067Z - [REQUEST]: Updated workspace context based on watched changes, recomputing project graph...
[NX Daemon Server] - 2025-10-30T17:35:39.067Z - [REQUEST]: log/sdk-cli-debug.log,log/sdk-cli.log,log/bstack-logs.tar.gz
[NX Daemon Server] - 2025-10-30T17:35:39.067Z - [REQUEST]: 
[NX Daemon Server] - 2025-10-30T17:35:39.069Z - Time taken for 'hash changed files from watcher' 0.6305830000055721ms
[NX Daemon Server] - 2025-10-30T17:35:39.091Z - Time taken for 'build-project-configs' 20.74283300001116ms
[NX Daemon Server] - 2025-10-30T17:35:39.113Z - [SYNC]: collect registered sync generators
[NX Daemon Server] - 2025-10-30T17:35:39.113Z - [SYNC]: project graph hash is the same, not collecting task sync generators
[NX Daemon Server] - 2025-10-30T17:35:39.113Z - [SYNC]: nx.json hash is the same, not collecting global sync generators
[NX Daemon Server] - 2025-10-30T17:35:39.114Z - Time taken for 'total execution time for createProjectGraph()' 18.66629200000898ms
[NX Daemon Server] - 2025-10-30T17:35:42.431Z - [WATCHER]: 0 file(s) created or restored, 0 file(s) modified, 6 file(s) deleted
[NX Daemon Server] - 2025-10-30T17:35:42.432Z - [WATCHER]: Processing file changes in outputs
[NX Daemon Server] - 2025-10-30T17:35:42.677Z - [REQUEST]: Updated workspace context based on watched changes, recomputing project graph...
[NX Daemon Server] - 2025-10-30T17:35:42.677Z - [REQUEST]: 
[NX Daemon Server] - 2025-10-30T17:35:42.677Z - [REQUEST]: log/sdk-cli-debug.log,log/bstack-logs.tar.gz,log/usage-debug.log,playwright-browserstack-sdk.config.temp.json,apps/browserstack-e2e/browserstackSetupConfig.json,apps/browserstack-e2e/playwright-browserstack-sdk.config.ts
[NX Daemon Server] - 2025-10-30T17:35:42.732Z - Time taken for 'hash changed files from watcher' 0.10650000000896398ms
[NX Daemon Server] - 2025-10-30T17:35:42.862Z - Time taken for 'build-project-configs' 134.96629199999734ms
[NX Daemon Server] - 2025-10-30T17:35:42.934Z - [SYNC]: collect registered sync generators
[NX Daemon Server] - 2025-10-30T17:35:42.935Z - [SYNC]: project graph hash is the same, not collecting task sync generators
[NX Daemon Server] - 2025-10-30T17:35:42.935Z - [SYNC]: nx.json hash is the same, not collecting global sync generators
[NX Daemon Server] - 2025-10-30T17:35:42.935Z - Time taken for 'total execution time for createProjectGraph()' 57.96037499999511ms
[NX Daemon Server] - 2025-10-30T17:35:43.249Z - [WATCHER]: Processing file changes in outputs
[NX Daemon Server] - 2025-10-30T17:35:43.269Z - [WATCHER]: 1 file(s) created or restored, 0 file(s) modified, 1 file(s) deleted
[NX Daemon Server] - 2025-10-30T17:35:43.370Z - [REQUEST]: Updated workspace context based on watched changes, recomputing project graph...
[NX Daemon Server] - 2025-10-30T17:35:43.370Z - [REQUEST]: log/performance-report/modified-key-metrics.json
[NX Daemon Server] - 2025-10-30T17:35:43.370Z - [REQUEST]: log/key-metrics.json
[NX Daemon Server] - 2025-10-30T17:35:43.373Z - Time taken for 'hash changed files from watcher' 0.18779199999698903ms
[NX Daemon Server] - 2025-10-30T17:35:43.398Z - Time taken for 'build-project-configs' 20.197707999992417ms
[NX Daemon Server] - 2025-10-30T17:35:43.441Z - [SYNC]: collect registered sync generators
[NX Daemon Server] - 2025-10-30T17:35:43.441Z - [SYNC]: project graph hash is the same, not collecting task sync generators
[NX Daemon Server] - 2025-10-30T17:35:43.442Z - [SYNC]: nx.json hash is the same, not collecting global sync generators
[NX Daemon Server] - 2025-10-30T17:35:43.442Z - Time taken for 'total execution time for createProjectGraph()' 38.7125420000084ms
[NX Daemon Server] - 2025-10-30T17:35:44.380Z - [REQUEST]: Responding to the client. recordOutputsHash
[NX Daemon Server] - 2025-10-30T17:35:44.380Z - Done responding to the client recordOutputsHash
[NX Daemon Server] - 2025-10-30T17:35:44.380Z - Handled RECORD_OUTPUTS_HASH. Handling time: 0. Response time: 0.
[NX Daemon Server] - 2025-10-30T17:35:44.388Z - [REQUEST]: Responding to the client. handleRecordTaskRuns
[NX Daemon Server] - 2025-10-30T17:35:44.388Z - Done responding to the client handleRecordTaskRuns
[NX Daemon Server] - 2025-10-30T17:35:44.388Z - Handled RECORD_TASK_RUNS. Handling time: 1. Response time: 0.
[NX Daemon Server] - 2025-10-30T17:35:44.390Z - [REQUEST]: Responding to the client. handleGetFlakyTasks
[NX Daemon Server] - 2025-10-30T17:35:44.391Z - Done responding to the client handleGetFlakyTasks
[NX Daemon Server] - 2025-10-30T17:35:44.391Z - Handled GET_FLAKY_TASKS. Handling time: 0. Response time: 1.
[NX Daemon Server] - 2025-10-30T17:35:44.398Z - [WATCHER]: 0 file(s) created or restored, 2 file(s) modified, 1 file(s) deleted
[NX Daemon Server] - 2025-10-30T17:35:44.398Z - [WATCHER]: Processing file changes in outputs
[NX Daemon Server] - 2025-10-30T17:35:44.600Z - [REQUEST]: Updated workspace context based on watched changes, recomputing project graph...
[NX Daemon Server] - 2025-10-30T17:35:44.600Z - [REQUEST]: log/usage.log,log/events.json
[NX Daemon Server] - 2025-10-30T17:35:44.600Z - [REQUEST]: log/usage-debug.log
[NX Daemon Server] - 2025-10-30T17:35:44.606Z - Time taken for 'hash changed files from watcher' 0.6564170000056038ms
[NX Daemon Server] - 2025-10-30T17:35:44.633Z - Time taken for 'build-project-configs' 18.320833999998285ms
[NX Daemon Server] - 2025-10-30T17:35:44.669Z - [SYNC]: collect registered sync generators
[NX Daemon Server] - 2025-10-30T17:35:44.669Z - [SYNC]: project graph hash is the same, not collecting task sync generators
[NX Daemon Server] - 2025-10-30T17:35:44.670Z - [SYNC]: nx.json hash is the same, not collecting global sync generators
[NX Daemon Server] - 2025-10-30T17:35:44.670Z - Time taken for 'total execution time for createProjectGraph()' 29.011624999999185ms
[NX Daemon Server] - 2025-10-30T17:35:45.267Z - Closed a connection. Number of open connections: 0
[NX Daemon Server] - 2025-10-30T17:36:19.258Z - [WATCHER]: apps/browserstack-e2e/playwright.config.ts was modified
[NX Daemon Server] - 2025-10-30T17:36:19.259Z - [WATCHER]: Processing file changes in outputs
[NX Daemon Server] - 2025-10-30T17:36:19.660Z - [REQUEST]: Updated workspace context based on watched changes, recomputing project graph...
[NX Daemon Server] - 2025-10-30T17:36:19.660Z - [REQUEST]: apps/browserstack-e2e/playwright.config.ts
[NX Daemon Server] - 2025-10-30T17:36:19.660Z - [REQUEST]: 
[NX Daemon Server] - 2025-10-30T17:36:19.662Z - Time taken for 'hash changed files from watcher' 0.14158400002634153ms
[NX Daemon Server] - 2025-10-30T17:36:19.680Z - Time taken for 'build-project-configs' 16.5379580000008ms
[NX Daemon Server] - 2025-10-30T17:36:19.707Z - [SYNC]: collect registered sync generators
[NX Daemon Server] - 2025-10-30T17:36:19.707Z - [SYNC]: project graph hash is the same, not collecting task sync generators
[NX Daemon Server] - 2025-10-30T17:36:19.707Z - [SYNC]: nx.json hash is the same, not collecting global sync generators
[NX Daemon Server] - 2025-10-30T17:36:19.707Z - Time taken for 'total execution time for createProjectGraph()' 22.669166999985464ms
[NX Daemon Server] - 2025-10-30T17:36:38.122Z - [WATCHER]: apps/browserstack-e2e/playwright.config.ts was modified
[NX Daemon Server] - 2025-10-30T17:36:38.123Z - [WATCHER]: Processing file changes in outputs
[NX Daemon Server] - 2025-10-30T17:36:38.923Z - [REQUEST]: Updated workspace context based on watched changes, recomputing project graph...
[NX Daemon Server] - 2025-10-30T17:36:38.923Z - [REQUEST]: apps/browserstack-e2e/playwright.config.ts
[NX Daemon Server] - 2025-10-30T17:36:38.923Z - [REQUEST]: 
[NX Daemon Server] - 2025-10-30T17:36:38.925Z - Time taken for 'hash changed files from watcher' 0.09504099999321625ms
[NX Daemon Server] - 2025-10-30T17:36:38.936Z - Time taken for 'build-project-configs' 9.99745900000562ms
[NX Daemon Server] - 2025-10-30T17:36:38.957Z - [SYNC]: collect registered sync generators
[NX Daemon Server] - 2025-10-30T17:36:38.957Z - [SYNC]: project graph hash is the same, not collecting task sync generators
[NX Daemon Server] - 2025-10-30T17:36:38.957Z - [SYNC]: nx.json hash is the same, not collecting global sync generators
[NX Daemon Server] - 2025-10-30T17:36:38.958Z - Time taken for 'total execution time for createProjectGraph()' 17.91195800001151ms
[NX Daemon Server] - 2025-10-30T17:36:49.222Z - [WATCHER]: apps/browserstack-e2e/playwright.config.ts was modified
[NX Daemon Server] - 2025-10-30T17:36:49.222Z - [WATCHER]: Processing file changes in outputs
[NX Daemon Server] - 2025-10-30T17:36:50.822Z - [REQUEST]: Updated workspace context based on watched changes, recomputing project graph...
[NX Daemon Server] - 2025-10-30T17:36:50.823Z - [REQUEST]: apps/browserstack-e2e/playwright.config.ts
[NX Daemon Server] - 2025-10-30T17:36:50.823Z - [REQUEST]: 
[NX Daemon Server] - 2025-10-30T17:36:50.823Z - Time taken for 'hash changed files from watcher' 0.11954200000036508ms
[NX Daemon Server] - 2025-10-30T17:36:50.834Z - Time taken for 'build-project-configs' 9.044625000009546ms
[NX Daemon Server] - 2025-10-30T17:36:50.849Z - [SYNC]: collect registered sync generators
[NX Daemon Server] - 2025-10-30T17:36:50.849Z - [SYNC]: project graph hash is the same, not collecting task sync generators
[NX Daemon Server] - 2025-10-30T17:36:50.849Z - [SYNC]: nx.json hash is the same, not collecting global sync generators
[NX Daemon Server] - 2025-10-30T17:36:50.849Z - Time taken for 'total execution time for createProjectGraph()' 12.564084000012372ms
[NX Daemon Server] - 2025-10-30T17:36:54.075Z - Established a connection. Number of open connections: 1
[NX Daemon Server] - 2025-10-30T17:36:54.076Z - Closed a connection. Number of open connections: 0
[NX Daemon Server] - 2025-10-30T17:36:54.076Z - Established a connection. Number of open connections: 1
[NX Daemon Server] - 2025-10-30T17:36:54.077Z - [REQUEST]: Client Request for Project Graph Received
[NX Daemon Server] - 2025-10-30T17:36:54.077Z - [REQUEST]: Responding to the client. project-graph
[NX Daemon Server] - 2025-10-30T17:36:54.077Z - Time taken for 'total for creating and serializing project graph' 0.11525000000256114ms
[NX Daemon Server] - 2025-10-30T17:36:54.079Z - Done responding to the client project-graph
[NX Daemon Server] - 2025-10-30T17:36:54.079Z - Handled REQUEST_PROJECT_GRAPH. Handling time: 0. Response time: 2.
[NX Daemon Server] - 2025-10-30T17:36:54.143Z - [REQUEST]: Responding to the client. handleHashTasks
[NX Daemon Server] - 2025-10-30T17:36:54.143Z - Done responding to the client handleHashTasks
[NX Daemon Server] - 2025-10-30T17:36:54.143Z - Handled HASH_TASKS. Handling time: 7. Response time: 0.
[NX Daemon Server] - 2025-10-30T17:36:54.149Z - [REQUEST]: Responding to the client. handleGetEstimatedTaskTimings
[NX Daemon Server] - 2025-10-30T17:36:54.149Z - Done responding to the client handleGetEstimatedTaskTimings
[NX Daemon Server] - 2025-10-30T17:36:54.149Z - Handled GET_ESTIMATED_TASK_TIMINGS. Handling time: 0. Response time: 0.
[NX Daemon Server] - 2025-10-30T17:36:58.919Z - [WATCHER]: Processing file changes in outputs
[NX Daemon Server] - 2025-10-30T17:36:58.920Z - [WATCHER]: 2 file(s) created or restored, 0 file(s) modified, 0 file(s) deleted
[NX Daemon Server] - 2025-10-30T17:36:59.021Z - [REQUEST]: Updated workspace context based on watched changes, recomputing project graph...
[NX Daemon Server] - 2025-10-30T17:36:59.021Z - [REQUEST]: log/usage-debug.log,log/sdk-cli-debug.log
[NX Daemon Server] - 2025-10-30T17:36:59.021Z - [REQUEST]: 
[NX Daemon Server] - 2025-10-30T17:36:59.022Z - Time taken for 'hash changed files from watcher' 0.13020799998776056ms
[NX Daemon Server] - 2025-10-30T17:36:59.034Z - Time taken for 'build-project-configs' 10.341124999977183ms
[NX Daemon Server] - 2025-10-30T17:36:59.047Z - [SYNC]: collect registered sync generators
[NX Daemon Server] - 2025-10-30T17:36:59.047Z - [SYNC]: project graph hash is the same, not collecting task sync generators
[NX Daemon Server] - 2025-10-30T17:36:59.047Z - [SYNC]: nx.json hash is the same, not collecting global sync generators
[NX Daemon Server] - 2025-10-30T17:36:59.047Z - Time taken for 'total execution time for createProjectGraph()' 10.615833000018029ms
[NX Daemon Server] - 2025-10-30T17:37:01.345Z - [WATCHER]: 3 file(s) created or restored, 0 file(s) modified, 1 file(s) deleted
[NX Daemon Server] - 2025-10-30T17:37:01.346Z - [WATCHER]: Processing file changes in outputs
[NX Daemon Server] - 2025-10-30T17:37:01.397Z - [WATCHER]: 1 file(s) created or restored, 0 file(s) modified, 1 file(s) deleted
[NX Daemon Server] - 2025-10-30T17:37:01.397Z - [WATCHER]: Processing file changes in outputs
[NX Daemon Server] - 2025-10-30T17:37:01.446Z - [REQUEST]: Updated workspace context based on watched changes, recomputing project graph...
[NX Daemon Server] - 2025-10-30T17:37:01.446Z - [REQUEST]: apps/browserstack-e2e/playwright-browserstack-sdk.config.ts,log/key-metrics.json,apps/browserstack-e2e/browserstackSetupConfig.json
[NX Daemon Server] - 2025-10-30T17:37:01.446Z - [REQUEST]: log/key-metrics.json.lock
[NX Daemon Server] - 2025-10-30T17:37:01.447Z - Time taken for 'hash changed files from watcher' 0.3263749999750871ms
[NX Daemon Server] - 2025-10-30T17:37:01.449Z - [WATCHER]: 1 file(s) created or restored, 0 file(s) modified, 1 file(s) deleted
[NX Daemon Server] - 2025-10-30T17:37:01.449Z - [WATCHER]: Processing file changes in outputs
[NX Daemon Server] - 2025-10-30T17:37:01.455Z - Time taken for 'build-project-configs' 7.2655419999791775ms
[NX Daemon Server] - 2025-10-30T17:37:01.473Z - [SYNC]: collect registered sync generators
[NX Daemon Server] - 2025-10-30T17:37:01.473Z - [SYNC]: project graph hash is the same, not collecting task sync generators
[NX Daemon Server] - 2025-10-30T17:37:01.473Z - [SYNC]: nx.json hash is the same, not collecting global sync generators
[NX Daemon Server] - 2025-10-30T17:37:01.473Z - Time taken for 'total execution time for createProjectGraph()' 16.274832999974024ms
[NX Daemon Server] - 2025-10-30T17:37:01.549Z - [REQUEST]: Updated workspace context based on watched changes, recomputing project graph...
[NX Daemon Server] - 2025-10-30T17:37:01.549Z - [REQUEST]: 
[NX Daemon Server] - 2025-10-30T17:37:01.549Z - [REQUEST]: 
[NX Daemon Server] - 2025-10-30T17:37:01.561Z - Time taken for 'hash changed files from watcher' 0.03920800000196323ms
[NX Daemon Server] - 2025-10-30T17:37:01.575Z - Time taken for 'build-project-configs' 13.676374999980908ms
[NX Daemon Server] - 2025-10-30T17:37:01.587Z - [SYNC]: collect registered sync generators
[NX Daemon Server] - 2025-10-30T17:37:01.587Z - [SYNC]: project graph hash is the same, not collecting task sync generators
[NX Daemon Server] - 2025-10-30T17:37:01.587Z - [SYNC]: nx.json hash is the same, not collecting global sync generators
[NX Daemon Server] - 2025-10-30T17:37:01.587Z - Time taken for 'total execution time for createProjectGraph()' 10.204292000009445ms
[NX Daemon Server] - 2025-10-30T17:37:04.316Z - [WATCHER]: 0 file(s) created or restored, 1 file(s) modified, 1 file(s) deleted
[NX Daemon Server] - 2025-10-30T17:37:04.316Z - [WATCHER]: Processing file changes in outputs
[NX Daemon Server] - 2025-10-30T17:37:04.397Z - [WATCHER]: 1 file(s) created or restored, 0 file(s) modified, 1 file(s) deleted
[NX Daemon Server] - 2025-10-30T17:37:04.397Z - [WATCHER]: Processing file changes in outputs
[NX Daemon Server] - 2025-10-30T17:37:04.517Z - [REQUEST]: Updated workspace context based on watched changes, recomputing project graph...
[NX Daemon Server] - 2025-10-30T17:37:04.517Z - [REQUEST]: log/key-metrics.json,playwright-browserstack-sdk.config.temp.json
[NX Daemon Server] - 2025-10-30T17:37:04.517Z - [REQUEST]: log/key-metrics.json.lock,test-results/.last-run.json
[NX Daemon Server] - 2025-10-30T17:37:04.518Z - Time taken for 'hash changed files from watcher' 0.2821249999979045ms
[NX Daemon Server] - 2025-10-30T17:37:04.526Z - Time taken for 'build-project-configs' 6.341249999997672ms
[NX Daemon Server] - 2025-10-30T17:37:04.540Z - [SYNC]: collect registered sync generators
[NX Daemon Server] - 2025-10-30T17:37:04.540Z - [SYNC]: project graph hash is the same, not collecting task sync generators
[NX Daemon Server] - 2025-10-30T17:37:04.540Z - [SYNC]: nx.json hash is the same, not collecting global sync generators
[NX Daemon Server] - 2025-10-30T17:37:04.540Z - Time taken for 'total execution time for createProjectGraph()' 11.448915999993915ms
[NX Daemon Server] - 2025-10-30T17:37:06.591Z - [WATCHER]: log/.obs_test_details-default/-138:Windows 11-browserstack-51f8d40a272cb921b96a-632fd8185a55744988e6-0.json was created or restored
[NX Daemon Server] - 2025-10-30T17:37:06.591Z - [WATCHER]: Processing file changes in outputs
[NX Daemon Server] - 2025-10-30T17:37:06.691Z - [REQUEST]: Updated workspace context based on watched changes, recomputing project graph...
[NX Daemon Server] - 2025-10-30T17:37:06.691Z - [REQUEST]: log/.obs_test_details-default/-138:Windows 11-browserstack-51f8d40a272cb921b96a-632fd8185a55744988e6-0.json
[NX Daemon Server] - 2025-10-30T17:37:06.691Z - [REQUEST]: 
[NX Daemon Server] - 2025-10-30T17:37:06.692Z - Time taken for 'hash changed files from watcher' 0.07504100000369363ms
[NX Daemon Server] - 2025-10-30T17:37:06.700Z - Time taken for 'build-project-configs' 6.930833000020357ms
[NX Daemon Server] - 2025-10-30T17:37:06.712Z - [SYNC]: collect registered sync generators
[NX Daemon Server] - 2025-10-30T17:37:06.712Z - [SYNC]: project graph hash is the same, not collecting task sync generators
[NX Daemon Server] - 2025-10-30T17:37:06.712Z - [SYNC]: nx.json hash is the same, not collecting global sync generators
[NX Daemon Server] - 2025-10-30T17:37:06.712Z - Time taken for 'total execution time for createProjectGraph()' 10.217084000003524ms
[NX Daemon Server] - 2025-10-30T17:37:08.008Z - [WATCHER]: Processing file changes in outputs
[NX Daemon Server] - 2025-10-30T17:37:08.008Z - [WATCHER]: 2 file(s) created or restored, 3 file(s) modified, 2 file(s) deleted
[NX Daemon Server] - 2025-10-30T17:37:08.109Z - [REQUEST]: Updated workspace context based on watched changes, recomputing project graph...
[NX Daemon Server] - 2025-10-30T17:37:08.109Z - [REQUEST]: log/performance-report/performance-report-23505-0.json,test-results/.last-run.json,log/usage.log,log/.obs_test_details-default/-138:Windows 11-browserstack-51f8d40a272cb921b96a-632fd8185a55744988e6-0.json,log/usage-debug.log
[NX Daemon Server] - 2025-10-30T17:37:08.109Z - [REQUEST]: log/performance-report/modified-key-metrics.json,log/performance-report/performance-report-22394-0.json
[NX Daemon Server] - 2025-10-30T17:37:08.110Z - Time taken for 'hash changed files from watcher' 0.8726670000178274ms
[NX Daemon Server] - 2025-10-30T17:37:08.119Z - Time taken for 'build-project-configs' 7.254707999993116ms
[NX Daemon Server] - 2025-10-30T17:37:08.130Z - [SYNC]: collect registered sync generators
[NX Daemon Server] - 2025-10-30T17:37:08.130Z - [SYNC]: project graph hash is the same, not collecting task sync generators
[NX Daemon Server] - 2025-10-30T17:37:08.130Z - [SYNC]: nx.json hash is the same, not collecting global sync generators
[NX Daemon Server] - 2025-10-30T17:37:08.130Z - Time taken for 'total execution time for createProjectGraph()' 8.885125000000698ms
[NX Daemon Server] - 2025-10-30T17:37:12.996Z - [WATCHER]: 0 file(s) created or restored, 1 file(s) modified, 1 file(s) deleted
[NX Daemon Server] - 2025-10-30T17:37:12.996Z - [WATCHER]: Processing file changes in outputs
[NX Daemon Server] - 2025-10-30T17:37:13.196Z - [REQUEST]: Updated workspace context based on watched changes, recomputing project graph...
[NX Daemon Server] - 2025-10-30T17:37:13.196Z - [REQUEST]: log/key-metrics.json
[NX Daemon Server] - 2025-10-30T17:37:13.196Z - [REQUEST]: log/key-metrics.json.lock
[NX Daemon Server] - 2025-10-30T17:37:13.197Z - Time taken for 'hash changed files from watcher' 0.12729199999012053ms
[NX Daemon Server] - 2025-10-30T17:37:13.214Z - Time taken for 'build-project-configs' 14.77491700000246ms
[NX Daemon Server] - 2025-10-30T17:37:13.228Z - [SYNC]: collect registered sync generators
[NX Daemon Server] - 2025-10-30T17:37:13.229Z - [SYNC]: project graph hash is the same, not collecting task sync generators
[NX Daemon Server] - 2025-10-30T17:37:13.229Z - [SYNC]: nx.json hash is the same, not collecting global sync generators
[NX Daemon Server] - 2025-10-30T17:37:13.229Z - Time taken for 'total execution time for createProjectGraph()' 12.97575000001234ms
[NX Daemon Server] - 2025-10-30T17:37:14.031Z - [WATCHER]: log/.obs_test_details-default/-138:Windows 11-browserstack-51f8d40a272cb921b96a-632fd8185a55744988e6-0.json was deleted
[NX Daemon Server] - 2025-10-30T17:37:14.031Z - [WATCHER]: Processing file changes in outputs
[NX Daemon Server] - 2025-10-30T17:37:14.431Z - [REQUEST]: Updated workspace context based on watched changes, recomputing project graph...
[NX Daemon Server] - 2025-10-30T17:37:14.431Z - [REQUEST]: 
[NX Daemon Server] - 2025-10-30T17:37:14.431Z - [REQUEST]: log/.obs_test_details-default/-138:Windows 11-browserstack-51f8d40a272cb921b96a-632fd8185a55744988e6-0.json
[NX Daemon Server] - 2025-10-30T17:37:14.432Z - Time taken for 'hash changed files from watcher' 0.04241699998965487ms
[NX Daemon Server] - 2025-10-30T17:37:14.442Z - Time taken for 'build-project-configs' 8.26304199997685ms
[NX Daemon Server] - 2025-10-30T17:37:14.458Z - [SYNC]: collect registered sync generators
[NX Daemon Server] - 2025-10-30T17:37:14.458Z - [SYNC]: project graph hash is the same, not collecting task sync generators
[NX Daemon Server] - 2025-10-30T17:37:14.458Z - [SYNC]: nx.json hash is the same, not collecting global sync generators
[NX Daemon Server] - 2025-10-30T17:37:14.458Z - Time taken for 'total execution time for createProjectGraph()' 14.324124999984633ms
[NX Daemon Server] - 2025-10-30T17:37:19.039Z - [WATCHER]: 0 file(s) created or restored, 2 file(s) modified, 0 file(s) deleted
[NX Daemon Server] - 2025-10-30T17:37:19.039Z - [WATCHER]: Processing file changes in outputs
[NX Daemon Server] - 2025-10-30T17:37:19.732Z - [WATCHER]: Processing file changes in outputs
[NX Daemon Server] - 2025-10-30T17:37:19.732Z - [WATCHER]: log/bstack-logs.tar.gz was created or restored
[NX Daemon Server] - 2025-10-30T17:37:19.840Z - [REQUEST]: Updated workspace context based on watched changes, recomputing project graph...
[NX Daemon Server] - 2025-10-30T17:37:19.840Z - [REQUEST]: log/sdk-cli.log,log/sdk-cli-debug.log,log/bstack-logs.tar.gz
[NX Daemon Server] - 2025-10-30T17:37:19.840Z - [REQUEST]: 
[NX Daemon Server] - 2025-10-30T17:37:19.841Z - Time taken for 'hash changed files from watcher' 0.9162910000013653ms
[NX Daemon Server] - 2025-10-30T17:37:19.850Z - Time taken for 'build-project-configs' 8.12995800000499ms
[NX Daemon Server] - 2025-10-30T17:37:19.864Z - [SYNC]: collect registered sync generators
[NX Daemon Server] - 2025-10-30T17:37:19.864Z - [SYNC]: project graph hash is the same, not collecting task sync generators
[NX Daemon Server] - 2025-10-30T17:37:19.864Z - [SYNC]: nx.json hash is the same, not collecting global sync generators
[NX Daemon Server] - 2025-10-30T17:37:19.864Z - Time taken for 'total execution time for createProjectGraph()' 10.673333000013372ms
[NX Daemon Server] - 2025-10-30T17:37:22.599Z - [WATCHER]: Processing file changes in outputs
[NX Daemon Server] - 2025-10-30T17:37:22.600Z - [WATCHER]: 0 file(s) created or restored, 0 file(s) modified, 6 file(s) deleted
[NX Daemon Server] - 2025-10-30T17:37:22.754Z - [WATCHER]: 1 file(s) created or restored, 0 file(s) modified, 1 file(s) deleted
[NX Daemon Server] - 2025-10-30T17:37:22.754Z - [WATCHER]: Processing file changes in outputs
[NX Daemon Server] - 2025-10-30T17:37:22.801Z - [REQUEST]: Updated workspace context based on watched changes, recomputing project graph...
[NX Daemon Server] - 2025-10-30T17:37:22.801Z - [REQUEST]: log/performance-report/modified-key-metrics.json
[NX Daemon Server] - 2025-10-30T17:37:22.801Z - [REQUEST]: playwright-browserstack-sdk.config.temp.json,log/usage-debug.log,log/bstack-logs.tar.gz,log/sdk-cli-debug.log,apps/browserstack-e2e/browserstackSetupConfig.json,apps/browserstack-e2e/playwright-browserstack-sdk.config.ts,log/key-metrics.json
[NX Daemon Server] - 2025-10-30T17:37:22.802Z - Time taken for 'hash changed files from watcher' 0.08133300000918098ms
[NX Daemon Server] - 2025-10-30T17:37:22.813Z - Time taken for 'build-project-configs' 8.773416000010911ms
[NX Daemon Server] - 2025-10-30T17:37:22.826Z - [SYNC]: collect registered sync generators
[NX Daemon Server] - 2025-10-30T17:37:22.826Z - [SYNC]: project graph hash is the same, not collecting task sync generators
[NX Daemon Server] - 2025-10-30T17:37:22.826Z - [SYNC]: nx.json hash is the same, not collecting global sync generators
[NX Daemon Server] - 2025-10-30T17:37:22.826Z - Time taken for 'total execution time for createProjectGraph()' 10.654290999984369ms
[NX Daemon Server] - 2025-10-30T17:37:23.787Z - [REQUEST]: Responding to the client. recordOutputsHash
[NX Daemon Server] - 2025-10-30T17:37:23.787Z - Done responding to the client recordOutputsHash
[NX Daemon Server] - 2025-10-30T17:37:23.787Z - Handled RECORD_OUTPUTS_HASH. Handling time: 0. Response time: 0.
[NX Daemon Server] - 2025-10-30T17:37:23.790Z - [REQUEST]: Responding to the client. handleRecordTaskRuns
[NX Daemon Server] - 2025-10-30T17:37:23.790Z - Done responding to the client handleRecordTaskRuns
[NX Daemon Server] - 2025-10-30T17:37:23.790Z - Handled RECORD_TASK_RUNS. Handling time: 0. Response time: 0.
[NX Daemon Server] - 2025-10-30T17:37:23.791Z - [REQUEST]: Responding to the client. handleGetFlakyTasks
[NX Daemon Server] - 2025-10-30T17:37:23.791Z - Done responding to the client handleGetFlakyTasks
[NX Daemon Server] - 2025-10-30T17:37:23.791Z - Handled GET_FLAKY_TASKS. Handling time: 0. Response time: 0.
[NX Daemon Server] - 2025-10-30T17:37:23.830Z - [WATCHER]: 0 file(s) created or restored, 2 file(s) modified, 1 file(s) deleted
[NX Daemon Server] - 2025-10-30T17:37:23.830Z - [WATCHER]: Processing file changes in outputs
[NX Daemon Server] - 2025-10-30T17:37:24.030Z - [REQUEST]: Updated workspace context based on watched changes, recomputing project graph...
[NX Daemon Server] - 2025-10-30T17:37:24.030Z - [REQUEST]: log/usage.log,log/events.json
[NX Daemon Server] - 2025-10-30T17:37:24.030Z - [REQUEST]: log/usage-debug.log
[NX Daemon Server] - 2025-10-30T17:37:24.031Z - Time taken for 'hash changed files from watcher' 0.14212499998393469ms
[NX Daemon Server] - 2025-10-30T17:37:24.039Z - Time taken for 'build-project-configs' 6.867792000004556ms
[NX Daemon Server] - 2025-10-30T17:37:24.052Z - [SYNC]: collect registered sync generators
[NX Daemon Server] - 2025-10-30T17:37:24.052Z - [SYNC]: project graph hash is the same, not collecting task sync generators
[NX Daemon Server] - 2025-10-30T17:37:24.052Z - [SYNC]: nx.json hash is the same, not collecting global sync generators
[NX Daemon Server] - 2025-10-30T17:37:24.052Z - Time taken for 'total execution time for createProjectGraph()' 11.268084000010276ms
[NX Daemon Server] - 2025-10-30T17:37:24.120Z - Closed a connection. Number of open connections: 0
[NX Daemon Server] - 2025-10-30T17:39:00.965Z - [WATCHER]: apps/browserstack-e2e/browserstack.yml was modified
[NX Daemon Server] - 2025-10-30T17:39:00.966Z - [WATCHER]: Processing file changes in outputs
[NX Daemon Server] - 2025-10-30T17:39:01.367Z - [REQUEST]: Updated workspace context based on watched changes, recomputing project graph...
[NX Daemon Server] - 2025-10-30T17:39:01.367Z - [REQUEST]: apps/browserstack-e2e/browserstack.yml
[NX Daemon Server] - 2025-10-30T17:39:01.367Z - [REQUEST]: 
[NX Daemon Server] - 2025-10-30T17:39:01.367Z - Time taken for 'hash changed files from watcher' 0.11224999994738027ms
[NX Daemon Server] - 2025-10-30T17:39:01.385Z - Time taken for 'build-project-configs' 15.659083999984432ms
[NX Daemon Server] - 2025-10-30T17:39:01.407Z - [SYNC]: collect registered sync generators
[NX Daemon Server] - 2025-10-30T17:39:01.407Z - [SYNC]: project graph hash is the same, not collecting task sync generators
[NX Daemon Server] - 2025-10-30T17:39:01.407Z - [SYNC]: nx.json hash is the same, not collecting global sync generators
[NX Daemon Server] - 2025-10-30T17:39:01.407Z - Time taken for 'total execution time for createProjectGraph()' 19.244874999974854ms
[NX Daemon Server] - 2025-10-30T17:39:03.965Z - Established a connection. Number of open connections: 1
[NX Daemon Server] - 2025-10-30T17:39:03.965Z - Closed a connection. Number of open connections: 0
[NX Daemon Server] - 2025-10-30T17:39:03.966Z - Established a connection. Number of open connections: 1
[NX Daemon Server] - 2025-10-30T17:39:03.966Z - [REQUEST]: Client Request for Project Graph Received
[NX Daemon Server] - 2025-10-30T17:39:03.966Z - [REQUEST]: Responding to the client. project-graph
[NX Daemon Server] - 2025-10-30T17:39:03.967Z - Time taken for 'total for creating and serializing project graph' 0.09641599998576567ms
[NX Daemon Server] - 2025-10-30T17:39:03.968Z - Done responding to the client project-graph
[NX Daemon Server] - 2025-10-30T17:39:03.968Z - Handled REQUEST_PROJECT_GRAPH. Handling time: 0. Response time: 2.
[NX Daemon Server] - 2025-10-30T17:39:04.031Z - [REQUEST]: Responding to the client. handleHashTasks
[NX Daemon Server] - 2025-10-30T17:39:04.031Z - Done responding to the client handleHashTasks
[NX Daemon Server] - 2025-10-30T17:39:04.031Z - Handled HASH_TASKS. Handling time: 8. Response time: 0.
[NX Daemon Server] - 2025-10-30T17:39:04.036Z - [REQUEST]: Responding to the client. handleGetEstimatedTaskTimings
[NX Daemon Server] - 2025-10-30T17:39:04.036Z - Done responding to the client handleGetEstimatedTaskTimings
[NX Daemon Server] - 2025-10-30T17:39:04.036Z - Handled GET_ESTIMATED_TASK_TIMINGS. Handling time: 0. Response time: 0.
[NX Daemon Server] - 2025-10-30T17:39:09.265Z - [WATCHER]: 2 file(s) created or restored, 0 file(s) modified, 0 file(s) deleted
[NX Daemon Server] - 2025-10-30T17:39:09.265Z - [WATCHER]: Processing file changes in outputs
[NX Daemon Server] - 2025-10-30T17:39:09.366Z - [REQUEST]: Updated workspace context based on watched changes, recomputing project graph...
[NX Daemon Server] - 2025-10-30T17:39:09.367Z - [REQUEST]: log/usage-debug.log,log/sdk-cli-debug.log
[NX Daemon Server] - 2025-10-30T17:39:09.367Z - [REQUEST]: 
[NX Daemon Server] - 2025-10-30T17:39:09.368Z - Time taken for 'hash changed files from watcher' 0.20091700000921264ms
[NX Daemon Server] - 2025-10-30T17:39:09.378Z - Time taken for 'build-project-configs' 8.803499999979977ms
[NX Daemon Server] - 2025-10-30T17:39:09.392Z - [SYNC]: collect registered sync generators
[NX Daemon Server] - 2025-10-30T17:39:09.392Z - [SYNC]: project graph hash is the same, not collecting task sync generators
[NX Daemon Server] - 2025-10-30T17:39:09.392Z - [SYNC]: nx.json hash is the same, not collecting global sync generators
[NX Daemon Server] - 2025-10-30T17:39:09.392Z - Time taken for 'total execution time for createProjectGraph()' 11.644457999966107ms
[NX Daemon Server] - 2025-10-30T17:39:12.034Z - [WATCHER]: Processing file changes in outputs
[NX Daemon Server] - 2025-10-30T17:39:12.036Z - [WATCHER]: 2 file(s) created or restored, 1 file(s) modified, 1 file(s) deleted
[NX Daemon Server] - 2025-10-30T17:39:12.085Z - [WATCHER]: 0 file(s) created or restored, 1 file(s) modified, 1 file(s) deleted
[NX Daemon Server] - 2025-10-30T17:39:12.085Z - [WATCHER]: Processing file changes in outputs
[NX Daemon Server] - 2025-10-30T17:39:12.136Z - [REQUEST]: Updated workspace context based on watched changes, recomputing project graph...
[NX Daemon Server] - 2025-10-30T17:39:12.136Z - [REQUEST]: apps/browserstack-e2e/playwright-browserstack-sdk.config.ts,apps/browserstack-e2e/browserstackSetupConfig.json,log/key-metrics.json
[NX Daemon Server] - 2025-10-30T17:39:12.136Z - [REQUEST]: log/key-metrics.json.lock
[NX Daemon Server] - 2025-10-30T17:39:12.137Z - Time taken for 'hash changed files from watcher' 0.24512500001583248ms
[NX Daemon Server] - 2025-10-30T17:39:12.148Z - Time taken for 'build-project-configs' 10.034917000040878ms
[NX Daemon Server] - 2025-10-30T17:39:12.162Z - [SYNC]: collect registered sync generators
[NX Daemon Server] - 2025-10-30T17:39:12.162Z - [SYNC]: project graph hash is the same, not collecting task sync generators
[NX Daemon Server] - 2025-10-30T17:39:12.163Z - [SYNC]: nx.json hash is the same, not collecting global sync generators
[NX Daemon Server] - 2025-10-30T17:39:12.163Z - Time taken for 'total execution time for createProjectGraph()' 11.261082999990322ms
[NX Daemon Server] - 2025-10-30T17:39:14.850Z - [WATCHER]: 1 file(s) created or restored, 1 file(s) modified, 2 file(s) deleted
[NX Daemon Server] - 2025-10-30T17:39:14.850Z - [WATCHER]: Processing file changes in outputs
[NX Daemon Server] - 2025-10-30T17:39:14.952Z - [REQUEST]: Updated workspace context based on watched changes, recomputing project graph...
[NX Daemon Server] - 2025-10-30T17:39:14.952Z - [REQUEST]: playwright-browserstack-sdk.config.temp.json,log/key-metrics.json
[NX Daemon Server] - 2025-10-30T17:39:14.952Z - [REQUEST]: log/key-metrics.json.lock,test-results/.last-run.json
[NX Daemon Server] - 2025-10-30T17:39:14.953Z - Time taken for 'hash changed files from watcher' 0.17783300002338365ms
[NX Daemon Server] - 2025-10-30T17:39:14.961Z - Time taken for 'build-project-configs' 7.862334000004921ms
[NX Daemon Server] - 2025-10-30T17:39:14.975Z - [SYNC]: collect registered sync generators
[NX Daemon Server] - 2025-10-30T17:39:14.975Z - [SYNC]: project graph hash is the same, not collecting task sync generators
[NX Daemon Server] - 2025-10-30T17:39:14.975Z - [SYNC]: nx.json hash is the same, not collecting global sync generators
[NX Daemon Server] - 2025-10-30T17:39:14.975Z - Time taken for 'total execution time for createProjectGraph()' 12.034207999997307ms
[NX Daemon Server] - 2025-10-30T17:39:16.808Z - [WATCHER]: log/.obs_test_details-default/-138:Windows 11-browserstack-51f8d40a272cb921b96a-632fd8185a55744988e6-0.json was created or restored
[NX Daemon Server] - 2025-10-30T17:39:16.808Z - [WATCHER]: Processing file changes in outputs
[NX Daemon Server] - 2025-10-30T17:39:16.908Z - [REQUEST]: Updated workspace context based on watched changes, recomputing project graph...
[NX Daemon Server] - 2025-10-30T17:39:16.908Z - [REQUEST]: log/.obs_test_details-default/-138:Windows 11-browserstack-51f8d40a272cb921b96a-632fd8185a55744988e6-0.json
[NX Daemon Server] - 2025-10-30T17:39:16.908Z - [REQUEST]: 
[NX Daemon Server] - 2025-10-30T17:39:16.909Z - Time taken for 'hash changed files from watcher' 0.0740419999929145ms
[NX Daemon Server] - 2025-10-30T17:39:16.916Z - Time taken for 'build-project-configs' 5.797458000015467ms
[NX Daemon Server] - 2025-10-30T17:39:16.931Z - [SYNC]: collect registered sync generators
[NX Daemon Server] - 2025-10-30T17:39:16.931Z - [SYNC]: project graph hash is the same, not collecting task sync generators
[NX Daemon Server] - 2025-10-30T17:39:16.931Z - [SYNC]: nx.json hash is the same, not collecting global sync generators
[NX Daemon Server] - 2025-10-30T17:39:16.931Z - Time taken for 'total execution time for createProjectGraph()' 12.831082999997307ms
[NX Daemon Server] - 2025-10-30T17:39:32.446Z - [WATCHER]: 3 file(s) created or restored, 3 file(s) modified, 2 file(s) deleted
[NX Daemon Server] - 2025-10-30T17:39:32.446Z - [WATCHER]: Processing file changes in outputs
[NX Daemon Server] - 2025-10-30T17:39:32.547Z - [REQUEST]: Updated workspace context based on watched changes, recomputing project graph...
[NX Daemon Server] - 2025-10-30T17:39:32.547Z - [REQUEST]: log/performance-report/performance-report-24789-0.json,test-results/browserstack-visits-browserstack-com-and-validates-title--138-Windows-11-browserstack/error-context.md,test-results/.last-run.json,log/usage.log,log/.obs_test_details-default/-138:Windows 11-browserstack-51f8d40a272cb921b96a-632fd8185a55744988e6-0.json,log/usage-debug.log
[NX Daemon Server] - 2025-10-30T17:39:32.547Z - [REQUEST]: log/performance-report/modified-key-metrics.json,log/performance-report/performance-report-23505-0.json
[NX Daemon Server] - 2025-10-30T17:39:32.548Z - Time taken for 'hash changed files from watcher' 0.3638749999809079ms
[NX Daemon Server] - 2025-10-30T17:39:32.559Z - Time taken for 'build-project-configs' 10.010375000012573ms
[NX Daemon Server] - 2025-10-30T17:39:32.572Z - [SYNC]: collect registered sync generators
[NX Daemon Server] - 2025-10-30T17:39:32.572Z - [SYNC]: project graph hash is the same, not collecting task sync generators
[NX Daemon Server] - 2025-10-30T17:39:32.572Z - [SYNC]: nx.json hash is the same, not collecting global sync generators
[NX Daemon Server] - 2025-10-30T17:39:32.572Z - Time taken for 'total execution time for createProjectGraph()' 10.545291999995243ms
[NX Daemon Server] - 2025-10-30T17:39:37.121Z - [WATCHER]: Processing file changes in outputs
[NX Daemon Server] - 2025-10-30T17:39:37.123Z - [WATCHER]: 0 file(s) created or restored, 1 file(s) modified, 1 file(s) deleted
[NX Daemon Server] - 2025-10-30T17:39:37.323Z - [REQUEST]: Updated workspace context based on watched changes, recomputing project graph...
[NX Daemon Server] - 2025-10-30T17:39:37.324Z - [REQUEST]: log/key-metrics.json
[NX Daemon Server] - 2025-10-30T17:39:37.324Z - [REQUEST]: log/key-metrics.json.lock
[NX Daemon Server] - 2025-10-30T17:39:37.330Z - Time taken for 'hash changed files from watcher' 0.2465000000083819ms
[NX Daemon Server] - 2025-10-30T17:39:37.345Z - Time taken for 'build-project-configs' 16.117375000030734ms
[NX Daemon Server] - 2025-10-30T17:39:37.367Z - [SYNC]: collect registered sync generators
[NX Daemon Server] - 2025-10-30T17:39:37.367Z - [SYNC]: project graph hash is the same, not collecting task sync generators
[NX Daemon Server] - 2025-10-30T17:39:37.367Z - [SYNC]: nx.json hash is the same, not collecting global sync generators
[NX Daemon Server] - 2025-10-30T17:39:37.367Z - Time taken for 'total execution time for createProjectGraph()' 19.93612500000745ms
[NX Daemon Server] - 2025-10-30T17:39:38.205Z - [WATCHER]: Processing file changes in outputs
[NX Daemon Server] - 2025-10-30T17:39:38.212Z - [WATCHER]: log/.obs_test_details-default/-138:Windows 11-browserstack-51f8d40a272cb921b96a-632fd8185a55744988e6-0.json was deleted
[NX Daemon Server] - 2025-10-30T17:39:38.613Z - [REQUEST]: Updated workspace context based on watched changes, recomputing project graph...
[NX Daemon Server] - 2025-10-30T17:39:38.613Z - [REQUEST]: 
[NX Daemon Server] - 2025-10-30T17:39:38.613Z - [REQUEST]: log/.obs_test_details-default/-138:Windows 11-browserstack-51f8d40a272cb921b96a-632fd8185a55744988e6-0.json
[NX Daemon Server] - 2025-10-30T17:39:38.615Z - Time taken for 'hash changed files from watcher' 0.09350000001722947ms
[NX Daemon Server] - 2025-10-30T17:39:38.627Z - Time taken for 'build-project-configs' 10.351999999955297ms
[NX Daemon Server] - 2025-10-30T17:39:38.642Z - [SYNC]: collect registered sync generators
[NX Daemon Server] - 2025-10-30T17:39:38.642Z - [SYNC]: project graph hash is the same, not collecting task sync generators
[NX Daemon Server] - 2025-10-30T17:39:38.642Z - [SYNC]: nx.json hash is the same, not collecting global sync generators
[NX Daemon Server] - 2025-10-30T17:39:38.642Z - Time taken for 'total execution time for createProjectGraph()' 13.272833000053652ms
[NX Daemon Server] - 2025-10-30T17:39:43.215Z - [WATCHER]: Processing file changes in outputs
[NX Daemon Server] - 2025-10-30T17:39:43.216Z - [WATCHER]: 0 file(s) created or restored, 2 file(s) modified, 0 file(s) deleted
[NX Daemon Server] - 2025-10-30T17:39:43.785Z - [WATCHER]: log/bstack-logs.tar.gz was created or restored
[NX Daemon Server] - 2025-10-30T17:39:43.785Z - [WATCHER]: Processing file changes in outputs
[NX Daemon Server] - 2025-10-30T17:39:44.017Z - [REQUEST]: Updated workspace context based on watched changes, recomputing project graph...
[NX Daemon Server] - 2025-10-30T17:39:44.017Z - [REQUEST]: log/sdk-cli-debug.log,log/sdk-cli.log,log/bstack-logs.tar.gz
[NX Daemon Server] - 2025-10-30T17:39:44.017Z - [REQUEST]: 
[NX Daemon Server] - 2025-10-30T17:39:44.020Z - Time taken for 'hash changed files from watcher' 0.3907500000204891ms
[NX Daemon Server] - 2025-10-30T17:39:44.031Z - Time taken for 'build-project-configs' 10.643207999994047ms
[NX Daemon Server] - 2025-10-30T17:39:44.047Z - [SYNC]: collect registered sync generators
[NX Daemon Server] - 2025-10-30T17:39:44.047Z - [SYNC]: project graph hash is the same, not collecting task sync generators
[NX Daemon Server] - 2025-10-30T17:39:44.047Z - [SYNC]: nx.json hash is the same, not collecting global sync generators
[NX Daemon Server] - 2025-10-30T17:39:44.047Z - Time taken for 'total execution time for createProjectGraph()' 12.720250000013039ms
[NX Daemon Server] - 2025-10-30T17:39:47.219Z - [WATCHER]: Processing file changes in outputs
[NX Daemon Server] - 2025-10-30T17:39:47.219Z - [WATCHER]: 0 file(s) created or restored, 0 file(s) modified, 6 file(s) deleted
[NX Daemon Server] - 2025-10-30T17:39:47.381Z - [WATCHER]: Processing file changes in outputs
[NX Daemon Server] - 2025-10-30T17:39:47.381Z - [WATCHER]: 1 file(s) created or restored, 0 file(s) modified, 1 file(s) deleted
[NX Daemon Server] - 2025-10-30T17:39:47.420Z - [REQUEST]: Updated workspace context based on watched changes, recomputing project graph...
[NX Daemon Server] - 2025-10-30T17:39:47.420Z - [REQUEST]: log/performance-report/modified-key-metrics.json
[NX Daemon Server] - 2025-10-30T17:39:47.420Z - [REQUEST]: log/bstack-logs.tar.gz,log/usage-debug.log,playwright-browserstack-sdk.config.temp.json,apps/browserstack-e2e/playwright-browserstack-sdk.config.ts,apps/browserstack-e2e/browserstackSetupConfig.json,log/sdk-cli-debug.log,log/key-metrics.json
[NX Daemon Server] - 2025-10-30T17:39:47.421Z - Time taken for 'hash changed files from watcher' 0.08900000003632158ms
[NX Daemon Server] - 2025-10-30T17:39:47.428Z - Time taken for 'build-project-configs' 6.01458299998194ms
[NX Daemon Server] - 2025-10-30T17:39:47.438Z - [SYNC]: collect registered sync generators
[NX Daemon Server] - 2025-10-30T17:39:47.438Z - [SYNC]: project graph hash is the same, not collecting task sync generators
[NX Daemon Server] - 2025-10-30T17:39:47.438Z - [SYNC]: nx.json hash is the same, not collecting global sync generators
[NX Daemon Server] - 2025-10-30T17:39:47.438Z - Time taken for 'total execution time for createProjectGraph()' 8.614042000030167ms
[NX Daemon Server] - 2025-10-30T17:39:48.379Z - [REQUEST]: Responding to the client. recordOutputsHash
[NX Daemon Server] - 2025-10-30T17:39:48.379Z - Done responding to the client recordOutputsHash
[NX Daemon Server] - 2025-10-30T17:39:48.379Z - Handled RECORD_OUTPUTS_HASH. Handling time: 0. Response time: 0.
[NX Daemon Server] - 2025-10-30T17:39:48.382Z - [REQUEST]: Responding to the client. handleRecordTaskRuns
[NX Daemon Server] - 2025-10-30T17:39:48.382Z - Done responding to the client handleRecordTaskRuns
[NX Daemon Server] - 2025-10-30T17:39:48.382Z - Handled RECORD_TASK_RUNS. Handling time: 0. Response time: 0.
[NX Daemon Server] - 2025-10-30T17:39:48.383Z - [REQUEST]: Responding to the client. handleGetFlakyTasks
[NX Daemon Server] - 2025-10-30T17:39:48.383Z - Done responding to the client handleGetFlakyTasks
[NX Daemon Server] - 2025-10-30T17:39:48.383Z - Handled GET_FLAKY_TASKS. Handling time: 0. Response time: 0.
[NX Daemon Server] - 2025-10-30T17:39:48.423Z - [WATCHER]: Processing file changes in outputs
[NX Daemon Server] - 2025-10-30T17:39:48.424Z - [WATCHER]: 0 file(s) created or restored, 2 file(s) modified, 1 file(s) deleted
[NX Daemon Server] - 2025-10-30T17:39:48.624Z - [REQUEST]: Updated workspace context based on watched changes, recomputing project graph...
[NX Daemon Server] - 2025-10-30T17:39:48.624Z - [REQUEST]: log/events.json,log/usage.log
[NX Daemon Server] - 2025-10-30T17:39:48.624Z - [REQUEST]: log/usage-debug.log
[NX Daemon Server] - 2025-10-30T17:39:48.625Z - Time taken for 'hash changed files from watcher' 0.1961250000167638ms
[NX Daemon Server] - 2025-10-30T17:39:48.632Z - Time taken for 'build-project-configs' 6.434416999982204ms
[NX Daemon Server] - 2025-10-30T17:39:48.643Z - [SYNC]: collect registered sync generators
[NX Daemon Server] - 2025-10-30T17:39:48.643Z - [SYNC]: project graph hash is the same, not collecting task sync generators
[NX Daemon Server] - 2025-10-30T17:39:48.643Z - [SYNC]: nx.json hash is the same, not collecting global sync generators
[NX Daemon Server] - 2025-10-30T17:39:48.643Z - Time taken for 'total execution time for createProjectGraph()' 8.440624999988358ms
[NX Daemon Server] - 2025-10-30T17:39:48.710Z - Closed a connection. Number of open connections: 0
[NX Daemon Server] - 2025-10-30T17:40:10.364Z - [WATCHER]: Processing file changes in outputs
[NX Daemon Server] - 2025-10-30T17:40:10.366Z - [WATCHER]: apps/browserstack-e2e/tests/browserstack.spec.ts was modified
[NX Daemon Server] - 2025-10-30T17:40:10.767Z - [REQUEST]: Updated workspace context based on watched changes, recomputing project graph...
[NX Daemon Server] - 2025-10-30T17:40:10.767Z - [REQUEST]: apps/browserstack-e2e/tests/browserstack.spec.ts
[NX Daemon Server] - 2025-10-30T17:40:10.767Z - [REQUEST]: 
[NX Daemon Server] - 2025-10-30T17:40:10.768Z - Time taken for 'hash changed files from watcher' 0.12333400000352412ms
[NX Daemon Server] - 2025-10-30T17:40:10.787Z - Time taken for 'build-project-configs' 17.93699999997625ms
[NX Daemon Server] - 2025-10-30T17:40:10.803Z - [SYNC]: collect registered sync generators
[NX Daemon Server] - 2025-10-30T17:40:10.803Z - [SYNC]: project graph hash is the same, not collecting task sync generators
[NX Daemon Server] - 2025-10-30T17:40:10.803Z - [SYNC]: nx.json hash is the same, not collecting global sync generators
[NX Daemon Server] - 2025-10-30T17:40:10.803Z - Time taken for 'total execution time for createProjectGraph()' 13.36420900002122ms
[NX Daemon Server] - 2025-10-30T17:40:13.137Z - Established a connection. Number of open connections: 1
[NX Daemon Server] - 2025-10-30T17:40:13.138Z - Closed a connection. Number of open connections: 0
[NX Daemon Server] - 2025-10-30T17:40:13.138Z - Established a connection. Number of open connections: 1
[NX Daemon Server] - 2025-10-30T17:40:13.138Z - [REQUEST]: Client Request for Project Graph Received
[NX Daemon Server] - 2025-10-30T17:40:13.139Z - [REQUEST]: Responding to the client. project-graph
[NX Daemon Server] - 2025-10-30T17:40:13.139Z - Time taken for 'total for creating and serializing project graph' 0.11204199999338016ms
[NX Daemon Server] - 2025-10-30T17:40:13.140Z - Done responding to the client project-graph
[NX Daemon Server] - 2025-10-30T17:40:13.140Z - Handled REQUEST_PROJECT_GRAPH. Handling time: 1. Response time: 1.
[NX Daemon Server] - 2025-10-30T17:40:13.199Z - [REQUEST]: Responding to the client. handleHashTasks
[NX Daemon Server] - 2025-10-30T17:40:13.200Z - Done responding to the client handleHashTasks
[NX Daemon Server] - 2025-10-30T17:40:13.200Z - Handled HASH_TASKS. Handling time: 8. Response time: 1.
[NX Daemon Server] - 2025-10-30T17:40:13.204Z - [REQUEST]: Responding to the client. handleGetEstimatedTaskTimings
[NX Daemon Server] - 2025-10-30T17:40:13.204Z - Done responding to the client handleGetEstimatedTaskTimings
[NX Daemon Server] - 2025-10-30T17:40:13.204Z - Handled GET_ESTIMATED_TASK_TIMINGS. Handling time: 0. Response time: 0.
[NX Daemon Server] - 2025-10-30T17:40:17.626Z - [WATCHER]: Processing file changes in outputs
[NX Daemon Server] - 2025-10-30T17:40:17.627Z - [WATCHER]: 2 file(s) created or restored, 0 file(s) modified, 0 file(s) deleted
[NX Daemon Server] - 2025-10-30T17:40:17.727Z - [REQUEST]: Updated workspace context based on watched changes, recomputing project graph...
[NX Daemon Server] - 2025-10-30T17:40:17.727Z - [REQUEST]: log/sdk-cli-debug.log,log/usage-debug.log
[NX Daemon Server] - 2025-10-30T17:40:17.727Z - [REQUEST]: 
[NX Daemon Server] - 2025-10-30T17:40:17.729Z - Time taken for 'hash changed files from watcher' 0.25141700002131984ms
[NX Daemon Server] - 2025-10-30T17:40:17.737Z - Time taken for 'build-project-configs' 7.960541000007652ms
[NX Daemon Server] - 2025-10-30T17:40:17.749Z - [SYNC]: collect registered sync generators
[NX Daemon Server] - 2025-10-30T17:40:17.749Z - [SYNC]: project graph hash is the same, not collecting task sync generators
[NX Daemon Server] - 2025-10-30T17:40:17.749Z - [SYNC]: nx.json hash is the same, not collecting global sync generators
[NX Daemon Server] - 2025-10-30T17:40:17.749Z - Time taken for 'total execution time for createProjectGraph()' 9.032333000039216ms
[NX Daemon Server] - 2025-10-30T17:40:20.777Z - [WATCHER]: 2 file(s) created or restored, 0 file(s) modified, 1 file(s) deleted
[NX Daemon Server] - 2025-10-30T17:40:20.777Z - [WATCHER]: Processing file changes in outputs
[NX Daemon Server] - 2025-10-30T17:40:20.828Z - [WATCHER]: 3 file(s) created or restored, 0 file(s) modified, 1 file(s) deleted
[NX Daemon Server] - 2025-10-30T17:40:20.828Z - [WATCHER]: Processing file changes in outputs
[NX Daemon Server] - 2025-10-30T17:40:20.877Z - [REQUEST]: Updated workspace context based on watched changes, recomputing project graph...
[NX Daemon Server] - 2025-10-30T17:40:20.877Z - [REQUEST]: apps/browserstack-e2e/browserstackSetupConfig.json,log/key-metrics.json,apps/browserstack-e2e/playwright-browserstack-sdk.config.ts
[NX Daemon Server] - 2025-10-30T17:40:20.877Z - [REQUEST]: log/key-metrics.json.lock
[NX Daemon Server] - 2025-10-30T17:40:20.878Z - Time taken for 'hash changed files from watcher' 0.12970799999311566ms
[NX Daemon Server] - 2025-10-30T17:40:20.885Z - Time taken for 'build-project-configs' 6.188625000009779ms
[NX Daemon Server] - 2025-10-30T17:40:20.901Z - [SYNC]: collect registered sync generators
[NX Daemon Server] - 2025-10-30T17:40:20.901Z - [SYNC]: project graph hash is the same, not collecting task sync generators
[NX Daemon Server] - 2025-10-30T17:40:20.901Z - [SYNC]: nx.json hash is the same, not collecting global sync generators
[NX Daemon Server] - 2025-10-30T17:40:20.901Z - Time taken for 'total execution time for createProjectGraph()' 13.16887500003213ms
[NX Daemon Server] - 2025-10-30T17:40:23.611Z - [WATCHER]: Processing file changes in outputs
[NX Daemon Server] - 2025-10-30T17:40:23.612Z - [WATCHER]: 1 file(s) created or restored, 1 file(s) modified, 3 file(s) deleted
[NX Daemon Server] - 2025-10-30T17:40:23.713Z - [REQUEST]: Updated workspace context based on watched changes, recomputing project graph...
[NX Daemon Server] - 2025-10-30T17:40:23.713Z - [REQUEST]: playwright-browserstack-sdk.config.temp.json,log/key-metrics.json
[NX Daemon Server] - 2025-10-30T17:40:23.713Z - [REQUEST]: test-results/.last-run.json,test-results/browserstack-visits-browserstack-com-and-validates-title--138-Windows-11-browserstack/error-context.md,log/key-metrics.json.lock
[NX Daemon Server] - 2025-10-30T17:40:23.714Z - Time taken for 'hash changed files from watcher' 0.20974999997997656ms
[NX Daemon Server] - 2025-10-30T17:40:23.722Z - Time taken for 'build-project-configs' 7.781624999945052ms
[NX Daemon Server] - 2025-10-30T17:40:23.741Z - [SYNC]: collect registered sync generators
[NX Daemon Server] - 2025-10-30T17:40:23.741Z - [SYNC]: project graph hash is the same, not collecting task sync generators
[NX Daemon Server] - 2025-10-30T17:40:23.741Z - [SYNC]: nx.json hash is the same, not collecting global sync generators
[NX Daemon Server] - 2025-10-30T17:40:23.741Z - Time taken for 'total execution time for createProjectGraph()' 12.026124999974854ms
[NX Daemon Server] - 2025-10-30T17:40:25.721Z - [WATCHER]: log/.obs_test_details-default/-138:Windows 11-browserstack-51f8d40a272cb921b96a-632fd8185a55744988e6-0.json was created or restored
[NX Daemon Server] - 2025-10-30T17:40:25.721Z - [WATCHER]: Processing file changes in outputs
[NX Daemon Server] - 2025-10-30T17:40:25.821Z - [REQUEST]: Updated workspace context based on watched changes, recomputing project graph...
[NX Daemon Server] - 2025-10-30T17:40:25.821Z - [REQUEST]: log/.obs_test_details-default/-138:Windows 11-browserstack-51f8d40a272cb921b96a-632fd8185a55744988e6-0.json
[NX Daemon Server] - 2025-10-30T17:40:25.821Z - [REQUEST]: 
[NX Daemon Server] - 2025-10-30T17:40:25.822Z - Time taken for 'hash changed files from watcher' 0.0677500000456348ms
[NX Daemon Server] - 2025-10-30T17:40:25.830Z - Time taken for 'build-project-configs' 6.567500000004657ms
[NX Daemon Server] - 2025-10-30T17:40:25.845Z - [SYNC]: collect registered sync generators
[NX Daemon Server] - 2025-10-30T17:40:25.845Z - [SYNC]: project graph hash is the same, not collecting task sync generators
[NX Daemon Server] - 2025-10-30T17:40:25.845Z - [SYNC]: nx.json hash is the same, not collecting global sync generators
[NX Daemon Server] - 2025-10-30T17:40:25.845Z - Time taken for 'total execution time for createProjectGraph()' 13.24937500001397ms
[NX Daemon Server] - 2025-10-30T17:40:39.871Z - [WATCHER]: Processing file changes in outputs
[NX Daemon Server] - 2025-10-30T17:40:39.874Z - [WATCHER]: 3 file(s) created or restored, 3 file(s) modified, 2 file(s) deleted
[NX Daemon Server] - 2025-10-30T17:40:39.932Z - [WATCHER]: 0 file(s) created or restored, 2 file(s) modified, 0 file(s) deleted
[NX Daemon Server] - 2025-10-30T17:40:39.932Z - [WATCHER]: Processing file changes in outputs
[NX Daemon Server] - 2025-10-30T17:40:39.975Z - [REQUEST]: Updated workspace context based on watched changes, recomputing project graph...
[NX Daemon Server] - 2025-10-30T17:40:39.975Z - [REQUEST]: log/performance-report/performance-report-25536-0.json,test-results/browserstack-visits-browserstack-com-and-validates-title--138-Windows-11-browserstack/error-context.md,test-results/.last-run.json,log/.obs_test_details-default/-138:Windows 11-browserstack-51f8d40a272cb921b96a-632fd8185a55744988e6-0.json,log/usage-debug.log,log/usage.log
[NX Daemon Server] - 2025-10-30T17:40:39.975Z - [REQUEST]: log/performance-report/modified-key-metrics.json,log/performance-report/performance-report-24789-0.json
[NX Daemon Server] - 2025-10-30T17:40:39.976Z - Time taken for 'hash changed files from watcher' 0.6283750000293367ms
[NX Daemon Server] - 2025-10-30T17:40:39.987Z - Time taken for 'build-project-configs' 9.004292000026908ms
[NX Daemon Server] - 2025-10-30T17:40:39.999Z - [SYNC]: collect registered sync generators
[NX Daemon Server] - 2025-10-30T17:40:39.999Z - [SYNC]: project graph hash is the same, not collecting task sync generators
[NX Daemon Server] - 2025-10-30T17:40:39.999Z - [SYNC]: nx.json hash is the same, not collecting global sync generators
[NX Daemon Server] - 2025-10-30T17:40:39.999Z - Time taken for 'total execution time for createProjectGraph()' 10.34512499999255ms
[NX Daemon Server] - 2025-10-30T17:40:44.138Z - [WATCHER]: 0 file(s) created or restored, 1 file(s) modified, 1 file(s) deleted
[NX Daemon Server] - 2025-10-30T17:40:44.139Z - [WATCHER]: Processing file changes in outputs
[NX Daemon Server] - 2025-10-30T17:40:44.339Z - [REQUEST]: Updated workspace context based on watched changes, recomputing project graph...
[NX Daemon Server] - 2025-10-30T17:40:44.339Z - [REQUEST]: log/key-metrics.json
[NX Daemon Server] - 2025-10-30T17:40:44.339Z - [REQUEST]: log/key-metrics.json.lock
[NX Daemon Server] - 2025-10-30T17:40:44.340Z - Time taken for 'hash changed files from watcher' 0.11095900001237169ms
[NX Daemon Server] - 2025-10-30T17:40:44.349Z - Time taken for 'build-project-configs' 8.07266599999275ms
[NX Daemon Server] - 2025-10-30T17:40:44.362Z - [SYNC]: collect registered sync generators
[NX Daemon Server] - 2025-10-30T17:40:44.362Z - [SYNC]: project graph hash is the same, not collecting task sync generators
[NX Daemon Server] - 2025-10-30T17:40:44.362Z - [SYNC]: nx.json hash is the same, not collecting global sync generators
[NX Daemon Server] - 2025-10-30T17:40:44.362Z - Time taken for 'total execution time for createProjectGraph()' 10.358292000018992ms
[NX Daemon Server] - 2025-10-30T17:40:45.184Z - [WATCHER]: Processing file changes in outputs
[NX Daemon Server] - 2025-10-30T17:40:45.184Z - [WATCHER]: log/.obs_test_details-default/-138:Windows 11-browserstack-51f8d40a272cb921b96a-632fd8185a55744988e6-0.json was deleted
[NX Daemon Server] - 2025-10-30T17:40:45.585Z - [REQUEST]: Updated workspace context based on watched changes, recomputing project graph...
[NX Daemon Server] - 2025-10-30T17:40:45.586Z - [REQUEST]: 
[NX Daemon Server] - 2025-10-30T17:40:45.586Z - [REQUEST]: log/.obs_test_details-default/-138:Windows 11-browserstack-51f8d40a272cb921b96a-632fd8185a55744988e6-0.json
[NX Daemon Server] - 2025-10-30T17:40:45.587Z - Time taken for 'hash changed files from watcher' 0.0565000000060536ms
[NX Daemon Server] - 2025-10-30T17:40:45.597Z - Time taken for 'build-project-configs' 9.511999999987893ms
[NX Daemon Server] - 2025-10-30T17:40:45.614Z - [SYNC]: collect registered sync generators
[NX Daemon Server] - 2025-10-30T17:40:45.614Z - [SYNC]: project graph hash is the same, not collecting task sync generators
[NX Daemon Server] - 2025-10-30T17:40:45.614Z - [SYNC]: nx.json hash is the same, not collecting global sync generators
[NX Daemon Server] - 2025-10-30T17:40:45.614Z - Time taken for 'total execution time for createProjectGraph()' 13.865249999973457ms
[NX Daemon Server] - 2025-10-30T17:40:50.199Z - [WATCHER]: 0 file(s) created or restored, 2 file(s) modified, 0 file(s) deleted
[NX Daemon Server] - 2025-10-30T17:40:50.200Z - [WATCHER]: Processing file changes in outputs
[NX Daemon Server] - 2025-10-30T17:40:51.000Z - [REQUEST]: Updated workspace context based on watched changes, recomputing project graph...
[NX Daemon Server] - 2025-10-30T17:40:51.000Z - [REQUEST]: log/sdk-cli-debug.log,log/sdk-cli.log
[NX Daemon Server] - 2025-10-30T17:40:51.000Z - [REQUEST]: 
[NX Daemon Server] - 2025-10-30T17:40:51.001Z - Time taken for 'hash changed files from watcher' 1.0055829999619164ms
[NX Daemon Server] - 2025-10-30T17:40:51.009Z - Time taken for 'build-project-configs' 6.451999999990221ms
[NX Daemon Server] - 2025-10-30T17:40:51.021Z - [SYNC]: collect registered sync generators
[NX Daemon Server] - 2025-10-30T17:40:51.021Z - [SYNC]: project graph hash is the same, not collecting task sync generators
[NX Daemon Server] - 2025-10-30T17:40:51.021Z - [SYNC]: nx.json hash is the same, not collecting global sync generators
[NX Daemon Server] - 2025-10-30T17:40:51.021Z - Time taken for 'total execution time for createProjectGraph()' 10.176875000004657ms
[NX Daemon Server] - 2025-10-30T17:40:51.545Z - [WATCHER]: log/bstack-logs.tar.gz was created or restored
[NX Daemon Server] - 2025-10-30T17:40:51.545Z - [WATCHER]: Processing file changes in outputs
[NX Daemon Server] - 2025-10-30T17:40:51.646Z - [REQUEST]: Updated workspace context based on watched changes, recomputing project graph...
[NX Daemon Server] - 2025-10-30T17:40:51.647Z - [REQUEST]: log/bstack-logs.tar.gz
[NX Daemon Server] - 2025-10-30T17:40:51.647Z - [REQUEST]: 
[NX Daemon Server] - 2025-10-30T17:40:51.648Z - Time taken for 'hash changed files from watcher' 0.1919169999891892ms
[NX Daemon Server] - 2025-10-30T17:40:51.658Z - Time taken for 'build-project-configs' 9.555333000025712ms
[NX Daemon Server] - 2025-10-30T17:40:51.673Z - [SYNC]: collect registered sync generators
[NX Daemon Server] - 2025-10-30T17:40:51.673Z - [SYNC]: project graph hash is the same, not collecting task sync generators
[NX Daemon Server] - 2025-10-30T17:40:51.673Z - [SYNC]: nx.json hash is the same, not collecting global sync generators
[NX Daemon Server] - 2025-10-30T17:40:51.673Z - Time taken for 'total execution time for createProjectGraph()' 12.0633749999688ms
[NX Daemon Server] - 2025-10-30T17:40:54.504Z - [WATCHER]: Processing file changes in outputs
[NX Daemon Server] - 2025-10-30T17:40:54.505Z - [WATCHER]: 0 file(s) created or restored, 0 file(s) modified, 6 file(s) deleted
[NX Daemon Server] - 2025-10-30T17:40:54.659Z - [WATCHER]: 1 file(s) created or restored, 0 file(s) modified, 1 file(s) deleted
[NX Daemon Server] - 2025-10-30T17:40:54.659Z - [WATCHER]: Processing file changes in outputs
[NX Daemon Server] - 2025-10-30T17:40:54.705Z - [REQUEST]: Updated workspace context based on watched changes, recomputing project graph...
[NX Daemon Server] - 2025-10-30T17:40:54.705Z - [REQUEST]: log/performance-report/modified-key-metrics.json
[NX Daemon Server] - 2025-10-30T17:40:54.705Z - [REQUEST]: playwright-browserstack-sdk.config.temp.json,log/bstack-logs.tar.gz,apps/browserstack-e2e/browserstackSetupConfig.json,log/usage-debug.log,log/sdk-cli-debug.log,apps/browserstack-e2e/playwright-browserstack-sdk.config.ts,log/key-metrics.json
[NX Daemon Server] - 2025-10-30T17:40:54.706Z - Time taken for 'hash changed files from watcher' 0.14229200000409037ms
[NX Daemon Server] - 2025-10-30T17:40:54.722Z - Time taken for 'build-project-configs' 8.530792000005022ms
[NX Daemon Server] - 2025-10-30T17:40:54.738Z - [SYNC]: collect registered sync generators
[NX Daemon Server] - 2025-10-30T17:40:54.738Z - [SYNC]: project graph hash is the same, not collecting task sync generators
[NX Daemon Server] - 2025-10-30T17:40:54.738Z - [SYNC]: nx.json hash is the same, not collecting global sync generators
[NX Daemon Server] - 2025-10-30T17:40:54.738Z - Time taken for 'total execution time for createProjectGraph()' 17.03029200003948ms
[NX Daemon Server] - 2025-10-30T17:40:55.722Z - [REQUEST]: Responding to the client. recordOutputsHash
[NX Daemon Server] - 2025-10-30T17:40:55.722Z - Done responding to the client recordOutputsHash
[NX Daemon Server] - 2025-10-30T17:40:55.722Z - Handled RECORD_OUTPUTS_HASH. Handling time: 0. Response time: 0.
[NX Daemon Server] - 2025-10-30T17:40:55.725Z - [REQUEST]: Responding to the client. handleRecordTaskRuns
[NX Daemon Server] - 2025-10-30T17:40:55.725Z - Done responding to the client handleRecordTaskRuns
[NX Daemon Server] - 2025-10-30T17:40:55.725Z - Handled RECORD_TASK_RUNS. Handling time: 1. Response time: 0.
[NX Daemon Server] - 2025-10-30T17:40:55.725Z - [REQUEST]: Responding to the client. handleGetFlakyTasks
[NX Daemon Server] - 2025-10-30T17:40:55.725Z - Done responding to the client handleGetFlakyTasks
[NX Daemon Server] - 2025-10-30T17:40:55.725Z - Handled GET_FLAKY_TASKS. Handling time: 0. Response time: 0.
[NX Daemon Server] - 2025-10-30T17:40:55.758Z - [WATCHER]: 0 file(s) created or restored, 2 file(s) modified, 1 file(s) deleted
[NX Daemon Server] - 2025-10-30T17:40:55.758Z - [WATCHER]: Processing file changes in outputs
[NX Daemon Server] - 2025-10-30T17:40:55.959Z - [REQUEST]: Updated workspace context based on watched changes, recomputing project graph...
[NX Daemon Server] - 2025-10-30T17:40:55.959Z - [REQUEST]: log/usage.log,log/events.json
[NX Daemon Server] - 2025-10-30T17:40:55.960Z - [REQUEST]: log/usage-debug.log
[NX Daemon Server] - 2025-10-30T17:40:55.976Z - Time taken for 'hash changed files from watcher' 0.2746249999618158ms
[NX Daemon Server] - 2025-10-30T17:40:56.059Z - Time taken for 'build-project-configs' 83.39475000003586ms
[NX Daemon Server] - 2025-10-30T17:40:56.079Z - [SYNC]: collect registered sync generators
[NX Daemon Server] - 2025-10-30T17:40:56.080Z - [SYNC]: project graph hash is the same, not collecting task sync generators
[NX Daemon Server] - 2025-10-30T17:40:56.080Z - [SYNC]: nx.json hash is the same, not collecting global sync generators
[NX Daemon Server] - 2025-10-30T17:40:56.080Z - Time taken for 'total execution time for createProjectGraph()' 17.67149999999674ms
[NX Daemon Server] - 2025-10-30T17:40:56.460Z - Closed a connection. Number of open connections: 0
[NX Daemon Server] - 2025-10-30T17:41:40.142Z - [WATCHER]: package.json was modified
[NX Daemon Server] - 2025-10-30T17:41:40.143Z - [WATCHER]: Processing file changes in outputs
[NX Daemon Server] - 2025-10-30T17:41:40.544Z - [REQUEST]: Updated workspace context based on watched changes, recomputing project graph...
[NX Daemon Server] - 2025-10-30T17:41:40.544Z - [REQUEST]: package.json
[NX Daemon Server] - 2025-10-30T17:41:40.544Z - [REQUEST]: 
[NX Daemon Server] - 2025-10-30T17:41:40.546Z - Time taken for 'hash changed files from watcher' 0.15804200002457947ms
[NX Daemon Server] - 2025-10-30T17:41:40.569Z - Time taken for 'build-project-configs' 20.890415999980178ms
[NX Daemon Server] - 2025-10-30T17:41:40.588Z - [SYNC]: collect registered sync generators
[NX Daemon Server] - 2025-10-30T17:41:40.588Z - [SYNC]: project graph hash is the same, not collecting task sync generators
[NX Daemon Server] - 2025-10-30T17:41:40.588Z - [SYNC]: nx.json hash is the same, not collecting global sync generators
[NX Daemon Server] - 2025-10-30T17:41:40.588Z - Time taken for 'total execution time for createProjectGraph()' 18.222375000012107ms
[NX Daemon Server] - 2025-10-30T17:42:06.772Z - [WATCHER]: Processing file changes in outputs
[NX Daemon Server] - 2025-10-30T17:42:06.772Z - [WATCHER]: Stopping the watcher for /Users/princetonbaretto/Desktop/Bestow (sources)
[NX Daemon Server] - 2025-10-30T17:42:06.772Z - [WATCHER]: Stopping the watcher for /Users/princetonbaretto/Desktop/Bestow (outputs)
[NX Daemon Server] - 2025-10-30T17:42:16.703Z - Started listening on: /private/var/folders/tr/btrg4by958q2gn1px131s4fc0000gp/T/07ebb4c5dd554c640c02/d.sock
[NX Daemon Server] - 2025-10-30T17:42:16.705Z - [WATCHER]: Subscribed to changes within: /Users/princetonbaretto/Desktop/Bestow (native)
[NX Daemon Server] - 2025-10-30T17:42:16.706Z - Established a connection. Number of open connections: 1
[NX Daemon Server] - 2025-10-30T17:42:16.707Z - Established a connection. Number of open connections: 2
[NX Daemon Server] - 2025-10-30T17:42:16.707Z - Closed a connection. Number of open connections: 1
[NX Daemon Server] - 2025-10-30T17:42:16.708Z - [REQUEST]: Responding to the client. Shutdown initiated
[NX Daemon Server] - 2025-10-30T17:42:16.708Z - Done responding to the client Shutdown initiated
[NX Daemon Server] - 2025-10-30T17:42:16.708Z - Handled FORCE_SHUTDOWN. Handling time: 0. Response time: 0.
[NX Daemon Server] - 2025-10-30T17:42:16.710Z - [WATCHER]: Stopping the watcher for /Users/princetonbaretto/Desktop/Bestow (sources)
[NX Daemon Server] - 2025-10-30T17:42:16.711Z - Closed a connection. Number of open connections: 0
[NX Daemon Server] - 2025-10-30T17:42:16.711Z - [WATCHER]: Stopping the watcher for /Users/princetonbaretto/Desktop/Bestow (outputs)
[NX Daemon Server] - 2025-10-30T17:42:37.225Z - Started listening on: /private/var/folders/tr/btrg4by958q2gn1px131s4fc0000gp/T/07ebb4c5dd554c640c02/d.sock
[NX Daemon Server] - 2025-10-30T17:42:37.228Z - [WATCHER]: Subscribed to changes within: /Users/princetonbaretto/Desktop/Bestow (native)
[NX Daemon Server] - 2025-10-30T17:42:37.230Z - Established a connection. Number of open connections: 1
[NX Daemon Server] - 2025-10-30T17:42:37.231Z - Established a connection. Number of open connections: 2
[NX Daemon Server] - 2025-10-30T17:42:37.232Z - Closed a connection. Number of open connections: 1
[NX Daemon Server] - 2025-10-30T17:42:37.232Z - [REQUEST]: Client Request for Project Graph Received
[NX Daemon Server] - 2025-10-30T17:42:37.286Z - [WATCHER]: Processing file changes in outputs
[NX Daemon Server] - 2025-10-30T17:42:37.502Z - Time taken for 'Load Nx Plugin: /Users/princetonbaretto/Desktop/Bestow/node_modules/nx/src/plugins/js' 269.58904199999995ms
[NX Daemon Server] - 2025-10-30T17:42:37.637Z - Time taken for 'Load Nx Plugin: /Users/princetonbaretto/Desktop/Bestow/node_modules/nx/src/plugins/package-json' 402.726625ms
[NX Daemon Server] - 2025-10-30T17:42:37.793Z - [REQUEST]: Updated workspace context based on watched changes, recomputing project graph...
[NX Daemon Server] - 2025-10-30T17:42:37.793Z - [REQUEST]: 
[NX Daemon Server] - 2025-10-30T17:42:37.793Z - [REQUEST]: 
[NX Daemon Server] - 2025-10-30T17:42:37.797Z - Time taken for 'loadNxPlugins' 560.2613749999999ms
[NX Daemon Server] - 2025-10-30T17:42:37.816Z - Time taken for 'build-project-configs' 9.614875000000097ms
[NX Daemon Server] - 2025-10-30T17:42:37.833Z - [SYNC]: collect registered sync generators
[NX Daemon Server] - 2025-10-30T17:42:37.833Z - [REQUEST]: Responding to the client. project-graph
[NX Daemon Server] - 2025-10-30T17:42:37.834Z - Time taken for 'total for creating and serializing project graph' 600.927583ms
[NX Daemon Server] - 2025-10-30T17:42:37.835Z - Done responding to the client project-graph
[NX Daemon Server] - 2025-10-30T17:42:37.835Z - Handled REQUEST_PROJECT_GRAPH. Handling time: 601. Response time: 2.
[NX Daemon Server] - 2025-10-30T17:42:37.912Z - [REQUEST]: Responding to the client. handleHashTasks
[NX Daemon Server] - 2025-10-30T17:42:37.913Z - Done responding to the client handleHashTasks
[NX Daemon Server] - 2025-10-30T17:42:37.913Z - Handled HASH_TASKS. Handling time: 12. Response time: 1.
[NX Daemon Server] - 2025-10-30T17:42:37.950Z - [REQUEST]: Responding to the client. handleGetEstimatedTaskTimings
[NX Daemon Server] - 2025-10-30T17:42:37.950Z - Done responding to the client handleGetEstimatedTaskTimings
[NX Daemon Server] - 2025-10-30T17:42:37.950Z - Handled GET_ESTIMATED_TASK_TIMINGS. Handling time: 30. Response time: 0.
[NX Daemon Server] - 2025-10-30T17:43:48.103Z - [WATCHER]: 2 file(s) created or restored, 0 file(s) modified, 0 file(s) deleted
[NX Daemon Server] - 2025-10-30T17:43:48.104Z - [WATCHER]: Processing file changes in outputs
[NX Daemon Server] - 2025-10-30T17:43:48.206Z - [REQUEST]: Updated workspace context based on watched changes, recomputing project graph...
[NX Daemon Server] - 2025-10-30T17:43:48.206Z - [REQUEST]: log/usage-debug.log,log/sdk-cli-debug.log
[NX Daemon Server] - 2025-10-30T17:43:48.206Z - [REQUEST]: 
[NX Daemon Server] - 2025-10-30T17:43:48.210Z - Time taken for 'hash changed files from watcher' 0.3517920000012964ms
[NX Daemon Server] - 2025-10-30T17:43:48.243Z - Time taken for 'build-project-configs' 31.82904199999757ms
[NX Daemon Server] - 2025-10-30T17:43:48.264Z - [SYNC]: collect registered sync generators
[NX Daemon Server] - 2025-10-30T17:43:48.265Z - [SYNC]: project graph hash is the same, not collecting task sync generators
[NX Daemon Server] - 2025-10-30T17:43:48.265Z - [SYNC]: nx.json hash is the same, not collecting global sync generators
[NX Daemon Server] - 2025-10-30T17:43:48.265Z - Time taken for 'total execution time for createProjectGraph()' 18.75158399999782ms
[NX Daemon Server] - 2025-10-30T17:43:50.171Z - [WATCHER]: 3 file(s) created or restored, 0 file(s) modified, 1 file(s) deleted
[NX Daemon Server] - 2025-10-30T17:43:50.171Z - [WATCHER]: Processing file changes in outputs
[NX Daemon Server] - 2025-10-30T17:43:50.271Z - [WATCHER]: 1 file(s) created or restored, 0 file(s) modified, 1 file(s) deleted
[NX Daemon Server] - 2025-10-30T17:43:50.281Z - [REQUEST]: Updated workspace context based on watched changes, recomputing project graph...
[NX Daemon Server] - 2025-10-30T17:43:50.281Z - [REQUEST]: log/key-metrics.json,apps/browserstack-e2e/playwright-browserstack-sdk.config.ts,apps/browserstack-e2e/browserstackSetupConfig.json
[NX Daemon Server] - 2025-10-30T17:43:50.281Z - [REQUEST]: log/key-metrics.json.lock
[NX Daemon Server] - 2025-10-30T17:43:50.282Z - [WATCHER]: Processing file changes in outputs
[NX Daemon Server] - 2025-10-30T17:43:50.282Z - Time taken for 'hash changed files from watcher' 9.615124999996624ms
[NX Daemon Server] - 2025-10-30T17:43:50.289Z - Time taken for 'build-project-configs' 5.84229200000118ms
[NX Daemon Server] - 2025-10-30T17:43:50.304Z - [SYNC]: collect registered sync generators
[NX Daemon Server] - 2025-10-30T17:43:50.304Z - [SYNC]: project graph hash is the same, not collecting task sync generators
[NX Daemon Server] - 2025-10-30T17:43:50.304Z - [SYNC]: nx.json hash is the same, not collecting global sync generators
[NX Daemon Server] - 2025-10-30T17:43:50.304Z - Time taken for 'total execution time for createProjectGraph()' 14.08591599999636ms
[NX Daemon Server] - 2025-10-30T17:43:52.908Z - [WATCHER]: 1 file(s) created or restored, 1 file(s) modified, 3 file(s) deleted
[NX Daemon Server] - 2025-10-30T17:43:52.908Z - [WATCHER]: Processing file changes in outputs
[NX Daemon Server] - 2025-10-30T17:43:53.009Z - [REQUEST]: Updated workspace context based on watched changes, recomputing project graph...
[NX Daemon Server] - 2025-10-30T17:43:53.009Z - [REQUEST]: playwright-browserstack-sdk.config.temp.json,log/key-metrics.json
[NX Daemon Server] - 2025-10-30T17:43:53.009Z - [REQUEST]: log/key-metrics.json.lock,test-results/.last-run.json,test-results/browserstack-visits-browserstack-com-and-validates-title--138-Windows-11-browserstack/error-context.md
[NX Daemon Server] - 2025-10-30T17:43:53.010Z - Time taken for 'hash changed files from watcher' 0.28658300000824966ms
[NX Daemon Server] - 2025-10-30T17:43:53.022Z - Time taken for 'build-project-configs' 10.430833999998868ms
[NX Daemon Server] - 2025-10-30T17:43:53.043Z - [SYNC]: collect registered sync generators
[NX Daemon Server] - 2025-10-30T17:43:53.044Z - [SYNC]: project graph hash is the same, not collecting task sync generators
[NX Daemon Server] - 2025-10-30T17:43:53.044Z - [SYNC]: nx.json hash is the same, not collecting global sync generators
[NX Daemon Server] - 2025-10-30T17:43:53.045Z - Time taken for 'total execution time for createProjectGraph()' 20.331540999992285ms
[NX Daemon Server] - 2025-10-30T17:43:54.815Z - [WATCHER]: log/.obs_test_details-default/-138:Windows 11-browserstack-51f8d40a272cb921b96a-632fd8185a55744988e6-0.json was created or restored
[NX Daemon Server] - 2025-10-30T17:43:54.816Z - [WATCHER]: Processing file changes in outputs
[NX Daemon Server] - 2025-10-30T17:43:54.916Z - [REQUEST]: Updated workspace context based on watched changes, recomputing project graph...
[NX Daemon Server] - 2025-10-30T17:43:54.917Z - [REQUEST]: log/.obs_test_details-default/-138:Windows 11-browserstack-51f8d40a272cb921b96a-632fd8185a55744988e6-0.json
[NX Daemon Server] - 2025-10-30T17:43:54.917Z - [REQUEST]: 
[NX Daemon Server] - 2025-10-30T17:43:54.917Z - Time taken for 'hash changed files from watcher' 0.09187499999825377ms
[NX Daemon Server] - 2025-10-30T17:43:54.924Z - Time taken for 'build-project-configs' 5.513416999994661ms
[NX Daemon Server] - 2025-10-30T17:43:54.935Z - [SYNC]: collect registered sync generators
[NX Daemon Server] - 2025-10-30T17:43:54.935Z - [SYNC]: project graph hash is the same, not collecting task sync generators
[NX Daemon Server] - 2025-10-30T17:43:54.935Z - [SYNC]: nx.json hash is the same, not collecting global sync generators
[NX Daemon Server] - 2025-10-30T17:43:54.935Z - Time taken for 'total execution time for createProjectGraph()' 9.412624999997206ms
[NX Daemon Server] - 2025-10-30T17:44:25.671Z - [WATCHER]: 2 file(s) created or restored, 3 file(s) modified, 2 file(s) deleted
[NX Daemon Server] - 2025-10-30T17:44:25.672Z - [WATCHER]: Processing file changes in outputs
[NX Daemon Server] - 2025-10-30T17:44:25.774Z - [REQUEST]: Updated workspace context based on watched changes, recomputing project graph...
[NX Daemon Server] - 2025-10-30T17:44:25.774Z - [REQUEST]: test-results/.last-run.json,log/performance-report/performance-report-28143-0.json,log/usage.log,log/usage-debug.log,log/.obs_test_details-default/-138:Windows 11-browserstack-51f8d40a272cb921b96a-632fd8185a55744988e6-0.json
[NX Daemon Server] - 2025-10-30T17:44:25.774Z - [REQUEST]: log/performance-report/performance-report-25536-0.json,log/performance-report/modified-key-metrics.json
[NX Daemon Server] - 2025-10-30T17:44:25.775Z - Time taken for 'hash changed files from watcher' 0.7799170000071172ms
[NX Daemon Server] - 2025-10-30T17:44:25.790Z - Time taken for 'build-project-configs' 12.311084000000847ms
[NX Daemon Server] - 2025-10-30T17:44:25.802Z - [SYNC]: collect registered sync generators
[NX Daemon Server] - 2025-10-30T17:44:25.802Z - [SYNC]: project graph hash is the same, not collecting task sync generators
[NX Daemon Server] - 2025-10-30T17:44:25.802Z - [SYNC]: nx.json hash is the same, not collecting global sync generators
[NX Daemon Server] - 2025-10-30T17:44:25.802Z - Time taken for 'total execution time for createProjectGraph()' 10.850958000009996ms
[NX Daemon Server] - 2025-10-30T17:44:29.260Z - [WATCHER]: 0 file(s) created or restored, 1 file(s) modified, 1 file(s) deleted
[NX Daemon Server] - 2025-10-30T17:44:29.261Z - [WATCHER]: Processing file changes in outputs
[NX Daemon Server] - 2025-10-30T17:44:29.461Z - [REQUEST]: Updated workspace context based on watched changes, recomputing project graph...
[NX Daemon Server] - 2025-10-30T17:44:29.461Z - [REQUEST]: log/key-metrics.json
[NX Daemon Server] - 2025-10-30T17:44:29.461Z - [REQUEST]: log/key-metrics.json.lock
[NX Daemon Server] - 2025-10-30T17:44:29.467Z - Time taken for 'hash changed files from watcher' 0.20249999999941792ms
[NX Daemon Server] - 2025-10-30T17:44:29.488Z - Time taken for 'build-project-configs' 23.29437499999767ms
[NX Daemon Server] - 2025-10-30T17:44:29.506Z - [SYNC]: collect registered sync generators
[NX Daemon Server] - 2025-10-30T17:44:29.506Z - [SYNC]: project graph hash is the same, not collecting task sync generators
[NX Daemon Server] - 2025-10-30T17:44:29.506Z - [SYNC]: nx.json hash is the same, not collecting global sync generators
[NX Daemon Server] - 2025-10-30T17:44:29.506Z - Time taken for 'total execution time for createProjectGraph()' 16.221000000005006ms
[NX Daemon Server] - 2025-10-30T17:44:30.318Z - [WATCHER]: log/.obs_test_details-default/-138:Windows 11-browserstack-51f8d40a272cb921b96a-632fd8185a55744988e6-0.json was deleted
[NX Daemon Server] - 2025-10-30T17:44:30.318Z - [WATCHER]: Processing file changes in outputs
[NX Daemon Server] - 2025-10-30T17:44:30.719Z - [REQUEST]: Updated workspace context based on watched changes, recomputing project graph...
[NX Daemon Server] - 2025-10-30T17:44:30.719Z - [REQUEST]: 
[NX Daemon Server] - 2025-10-30T17:44:30.719Z - [REQUEST]: log/.obs_test_details-default/-138:Windows 11-browserstack-51f8d40a272cb921b96a-632fd8185a55744988e6-0.json
[NX Daemon Server] - 2025-10-30T17:44:30.723Z - Time taken for 'hash changed files from watcher' 0.11208299999998417ms
[NX Daemon Server] - 2025-10-30T17:44:30.738Z - Time taken for 'build-project-configs' 14.650041000000783ms
[NX Daemon Server] - 2025-10-30T17:44:30.762Z - [SYNC]: collect registered sync generators
[NX Daemon Server] - 2025-10-30T17:44:30.762Z - [SYNC]: project graph hash is the same, not collecting task sync generators
[NX Daemon Server] - 2025-10-30T17:44:30.762Z - [SYNC]: nx.json hash is the same, not collecting global sync generators
[NX Daemon Server] - 2025-10-30T17:44:30.762Z - Time taken for 'total execution time for createProjectGraph()' 22.942832999993698ms
[NX Daemon Server] - 2025-10-30T17:44:35.334Z - [WATCHER]: 0 file(s) created or restored, 2 file(s) modified, 0 file(s) deleted
[NX Daemon Server] - 2025-10-30T17:44:35.334Z - [WATCHER]: Processing file changes in outputs
[NX Daemon Server] - 2025-10-30T17:44:36.039Z - [WATCHER]: log/bstack-logs.tar.gz was created or restored
[NX Daemon Server] - 2025-10-30T17:44:36.039Z - [WATCHER]: Processing file changes in outputs
[NX Daemon Server] - 2025-10-30T17:44:36.134Z - [REQUEST]: Updated workspace context based on watched changes, recomputing project graph...
[NX Daemon Server] - 2025-10-30T17:44:36.134Z - [REQUEST]: log/sdk-cli-debug.log,log/sdk-cli.log,log/bstack-logs.tar.gz
[NX Daemon Server] - 2025-10-30T17:44:36.134Z - [REQUEST]: 
[NX Daemon Server] - 2025-10-30T17:44:36.135Z - Time taken for 'hash changed files from watcher' 0.5229580000013812ms
[NX Daemon Server] - 2025-10-30T17:44:36.145Z - Time taken for 'build-project-configs' 8.096666999990703ms
[NX Daemon Server] - 2025-10-30T17:44:36.159Z - [SYNC]: collect registered sync generators
[NX Daemon Server] - 2025-10-30T17:44:36.159Z - [SYNC]: project graph hash is the same, not collecting task sync generators
[NX Daemon Server] - 2025-10-30T17:44:36.159Z - [SYNC]: nx.json hash is the same, not collecting global sync generators
[NX Daemon Server] - 2025-10-30T17:44:36.159Z - Time taken for 'total execution time for createProjectGraph()' 11.981958999997005ms
[NX Daemon Server] - 2025-10-30T17:44:38.944Z - [WATCHER]: 0 file(s) created or restored, 0 file(s) modified, 6 file(s) deleted
[NX Daemon Server] - 2025-10-30T17:44:38.945Z - [WATCHER]: Processing file changes in outputs
[NX Daemon Server] - 2025-10-30T17:44:39.126Z - [WATCHER]: Processing file changes in outputs
[NX Daemon Server] - 2025-10-30T17:44:39.127Z - [WATCHER]: 1 file(s) created or restored, 0 file(s) modified, 1 file(s) deleted
[NX Daemon Server] - 2025-10-30T17:44:39.154Z - [REQUEST]: Updated workspace context based on watched changes, recomputing project graph...
[NX Daemon Server] - 2025-10-30T17:44:39.155Z - [REQUEST]: log/performance-report/modified-key-metrics.json
[NX Daemon Server] - 2025-10-30T17:44:39.155Z - [REQUEST]: apps/browserstack-e2e/browserstackSetupConfig.json,log/usage-debug.log,log/bstack-logs.tar.gz,apps/browserstack-e2e/playwright-browserstack-sdk.config.ts,playwright-browserstack-sdk.config.temp.json,log/sdk-cli-debug.log,log/key-metrics.json
[NX Daemon Server] - 2025-10-30T17:44:39.163Z - Time taken for 'hash changed files from watcher' 0.13524999999208376ms
[NX Daemon Server] - 2025-10-30T17:44:39.175Z - Time taken for 'build-project-configs' 15.576666999986628ms
[NX Daemon Server] - 2025-10-30T17:44:39.194Z - [SYNC]: collect registered sync generators
[NX Daemon Server] - 2025-10-30T17:44:39.194Z - [SYNC]: project graph hash is the same, not collecting task sync generators
[NX Daemon Server] - 2025-10-30T17:44:39.194Z - [SYNC]: nx.json hash is the same, not collecting global sync generators
[NX Daemon Server] - 2025-10-30T17:44:39.194Z - Time taken for 'total execution time for createProjectGraph()' 18.342499999998836ms
[NX Daemon Server] - 2025-10-30T17:44:40.143Z - [REQUEST]: Responding to the client. recordOutputsHash
[NX Daemon Server] - 2025-10-30T17:44:40.143Z - Done responding to the client recordOutputsHash
[NX Daemon Server] - 2025-10-30T17:44:40.143Z - Handled RECORD_OUTPUTS_HASH. Handling time: 0. Response time: 0.
[NX Daemon Server] - 2025-10-30T17:44:40.146Z - [REQUEST]: Responding to the client. handleRecordTaskRuns
[NX Daemon Server] - 2025-10-30T17:44:40.146Z - Done responding to the client handleRecordTaskRuns
[NX Daemon Server] - 2025-10-30T17:44:40.146Z - Handled RECORD_TASK_RUNS. Handling time: 1. Response time: 0.
[NX Daemon Server] - 2025-10-30T17:44:40.146Z - [REQUEST]: Responding to the client. handleGetFlakyTasks
[NX Daemon Server] - 2025-10-30T17:44:40.146Z - Done responding to the client handleGetFlakyTasks
[NX Daemon Server] - 2025-10-30T17:44:40.146Z - Handled GET_FLAKY_TASKS. Handling time: 0. Response time: 0.
[NX Daemon Server] - 2025-10-30T17:44:40.177Z - [WATCHER]: 0 file(s) created or restored, 2 file(s) modified, 1 file(s) deleted
[NX Daemon Server] - 2025-10-30T17:44:40.178Z - [WATCHER]: Processing file changes in outputs
[NX Daemon Server] - 2025-10-30T17:44:40.379Z - [REQUEST]: Updated workspace context based on watched changes, recomputing project graph...
[NX Daemon Server] - 2025-10-30T17:44:40.379Z - [REQUEST]: log/events.json,log/usage.log
[NX Daemon Server] - 2025-10-30T17:44:40.379Z - [REQUEST]: log/usage-debug.log
[NX Daemon Server] - 2025-10-30T17:44:40.383Z - Time taken for 'hash changed files from watcher' 0.6830409999965923ms
[NX Daemon Server] - 2025-10-30T17:44:40.402Z - Time taken for 'build-project-configs' 20.092499999998836ms
[NX Daemon Server] - 2025-10-30T17:44:40.424Z - [SYNC]: collect registered sync generators
[NX Daemon Server] - 2025-10-30T17:44:40.425Z - [SYNC]: project graph hash is the same, not collecting task sync generators
[NX Daemon Server] - 2025-10-30T17:44:40.425Z - [SYNC]: nx.json hash is the same, not collecting global sync generators
[NX Daemon Server] - 2025-10-30T17:44:40.425Z - Time taken for 'total execution time for createProjectGraph()' 16.36204199999338ms
[NX Daemon Server] - 2025-10-30T17:44:40.512Z - Closed a connection. Number of open connections: 0
[NX Daemon Server] - 2025-10-30T17:44:46.730Z - [WATCHER]: apps/browserstack-e2e/browserstack.yml was modified
[NX Daemon Server] - 2025-10-30T17:44:46.730Z - [WATCHER]: Processing file changes in outputs
[NX Daemon Server] - 2025-10-30T17:44:47.130Z - [REQUEST]: Updated workspace context based on watched changes, recomputing project graph...
[NX Daemon Server] - 2025-10-30T17:44:47.130Z - [REQUEST]: apps/browserstack-e2e/browserstack.yml
[NX Daemon Server] - 2025-10-30T17:44:47.130Z - [REQUEST]: 
[NX Daemon Server] - 2025-10-30T17:44:47.131Z - Time taken for 'hash changed files from watcher' 0.16316699999151751ms
[NX Daemon Server] - 2025-10-30T17:44:47.143Z - Time taken for 'build-project-configs' 9.40899999999965ms
[NX Daemon Server] - 2025-10-30T17:44:47.159Z - [SYNC]: collect registered sync generators
[NX Daemon Server] - 2025-10-30T17:44:47.159Z - [SYNC]: project graph hash is the same, not collecting task sync generators
[NX Daemon Server] - 2025-10-30T17:44:47.159Z - [SYNC]: nx.json hash is the same, not collecting global sync generators
[NX Daemon Server] - 2025-10-30T17:44:47.159Z - Time taken for 'total execution time for createProjectGraph()' 14.17041700000118ms
[NX Daemon Server] - 2025-10-30T17:44:50.777Z - Established a connection. Number of open connections: 1
[NX Daemon Server] - 2025-10-30T17:44:50.779Z - Closed a connection. Number of open connections: 0
[NX Daemon Server] - 2025-10-30T17:44:50.779Z - Established a connection. Number of open connections: 1
[NX Daemon Server] - 2025-10-30T17:44:50.780Z - [REQUEST]: Client Request for Project Graph Received
[NX Daemon Server] - 2025-10-30T17:44:50.780Z - [REQUEST]: Responding to the client. project-graph
[NX Daemon Server] - 2025-10-30T17:44:50.780Z - Time taken for 'total for creating and serializing project graph' 0.11650000000372529ms
[NX Daemon Server] - 2025-10-30T17:44:50.781Z - Done responding to the client project-graph
[NX Daemon Server] - 2025-10-30T17:44:50.781Z - Handled REQUEST_PROJECT_GRAPH. Handling time: 0. Response time: 1.
[NX Daemon Server] - 2025-10-30T17:44:50.864Z - [REQUEST]: Responding to the client. handleHashTasks
[NX Daemon Server] - 2025-10-30T17:44:50.864Z - Done responding to the client handleHashTasks
[NX Daemon Server] - 2025-10-30T17:44:50.864Z - Handled HASH_TASKS. Handling time: 11. Response time: 0.
[NX Daemon Server] - 2025-10-30T17:44:50.869Z - [REQUEST]: Responding to the client. handleGetEstimatedTaskTimings
[NX Daemon Server] - 2025-10-30T17:44:50.869Z - Done responding to the client handleGetEstimatedTaskTimings
[NX Daemon Server] - 2025-10-30T17:44:50.869Z - Handled GET_ESTIMATED_TASK_TIMINGS. Handling time: 0. Response time: 0.
[NX Daemon Server] - 2025-10-30T17:44:55.749Z - [WATCHER]: 2 file(s) created or restored, 0 file(s) modified, 0 file(s) deleted
[NX Daemon Server] - 2025-10-30T17:44:55.749Z - [WATCHER]: Processing file changes in outputs
[NX Daemon Server] - 2025-10-30T17:44:55.849Z - [REQUEST]: Updated workspace context based on watched changes, recomputing project graph...
[NX Daemon Server] - 2025-10-30T17:44:55.849Z - [REQUEST]: log/usage-debug.log,log/sdk-cli-debug.log
[NX Daemon Server] - 2025-10-30T17:44:55.849Z - [REQUEST]: 
[NX Daemon Server] - 2025-10-30T17:44:55.850Z - Time taken for 'hash changed files from watcher' 0.17962499998975545ms
[NX Daemon Server] - 2025-10-30T17:44:55.860Z - Time taken for 'build-project-configs' 7.788082999992184ms
[NX Daemon Server] - 2025-10-30T17:44:55.873Z - [SYNC]: collect registered sync generators
[NX Daemon Server] - 2025-10-30T17:44:55.874Z - [SYNC]: project graph hash is the same, not collecting task sync generators
[NX Daemon Server] - 2025-10-30T17:44:55.874Z - [SYNC]: nx.json hash is the same, not collecting global sync generators
[NX Daemon Server] - 2025-10-30T17:44:55.874Z - Time taken for 'total execution time for createProjectGraph()' 12.089082999998936ms
[NX Daemon Server] - 2025-10-30T17:44:58.887Z - [WATCHER]: Processing file changes in outputs
[NX Daemon Server] - 2025-10-30T17:44:58.888Z - [WATCHER]: 3 file(s) created or restored, 0 file(s) modified, 1 file(s) deleted
[NX Daemon Server] - 2025-10-30T17:44:58.939Z - [WATCHER]: 1 file(s) created or restored, 0 file(s) modified, 1 file(s) deleted
[NX Daemon Server] - 2025-10-30T17:44:58.939Z - [WATCHER]: Processing file changes in outputs
[NX Daemon Server] - 2025-10-30T17:44:58.988Z - [REQUEST]: Updated workspace context based on watched changes, recomputing project graph...
[NX Daemon Server] - 2025-10-30T17:44:58.988Z - [REQUEST]: log/key-metrics.json,apps/browserstack-e2e/browserstackSetupConfig.json,apps/browserstack-e2e/playwright-browserstack-sdk.config.ts
[NX Daemon Server] - 2025-10-30T17:44:58.988Z - [REQUEST]: log/key-metrics.json.lock
[NX Daemon Server] - 2025-10-30T17:44:58.991Z - Time taken for 'hash changed files from watcher' 0.1898749999818392ms
[NX Daemon Server] - 2025-10-30T17:44:58.992Z - [WATCHER]: 1 file(s) created or restored, 0 file(s) modified, 1 file(s) deleted
[NX Daemon Server] - 2025-10-30T17:44:58.992Z - [WATCHER]: Processing file changes in outputs
[NX Daemon Server] - 2025-10-30T17:44:59.000Z - Time taken for 'build-project-configs' 9.632207999995444ms
[NX Daemon Server] - 2025-10-30T17:44:59.014Z - [SYNC]: collect registered sync generators
[NX Daemon Server] - 2025-10-30T17:44:59.014Z - [SYNC]: project graph hash is the same, not collecting task sync generators
[NX Daemon Server] - 2025-10-30T17:44:59.014Z - [SYNC]: nx.json hash is the same, not collecting global sync generators
[NX Daemon Server] - 2025-10-30T17:44:59.015Z - Time taken for 'total execution time for createProjectGraph()' 11.517583999986527ms
[NX Daemon Server] - 2025-10-30T17:44:59.093Z - [REQUEST]: Updated workspace context based on watched changes, recomputing project graph...
[NX Daemon Server] - 2025-10-30T17:44:59.093Z - [REQUEST]: 
[NX Daemon Server] - 2025-10-30T17:44:59.093Z - [REQUEST]: 
[NX Daemon Server] - 2025-10-30T17:44:59.094Z - Time taken for 'hash changed files from watcher' 0.04595900001004338ms
[NX Daemon Server] - 2025-10-30T17:44:59.105Z - Time taken for 'build-project-configs' 9.812791999982437ms
[NX Daemon Server] - 2025-10-30T17:44:59.122Z - [SYNC]: collect registered sync generators
[NX Daemon Server] - 2025-10-30T17:44:59.122Z - [SYNC]: project graph hash is the same, not collecting task sync generators
[NX Daemon Server] - 2025-10-30T17:44:59.122Z - [SYNC]: nx.json hash is the same, not collecting global sync generators
[NX Daemon Server] - 2025-10-30T17:44:59.122Z - Time taken for 'total execution time for createProjectGraph()' 15.755917000002228ms
[NX Daemon Server] - 2025-10-30T17:45:01.475Z - [WATCHER]: 1 file(s) created or restored, 1 file(s) modified, 2 file(s) deleted
[NX Daemon Server] - 2025-10-30T17:45:01.475Z - [WATCHER]: Processing file changes in outputs
[NX Daemon Server] - 2025-10-30T17:45:01.577Z - [REQUEST]: Updated workspace context based on watched changes, recomputing project graph...
[NX Daemon Server] - 2025-10-30T17:45:01.577Z - [REQUEST]: playwright-browserstack-sdk.config.temp.json,log/key-metrics.json
[NX Daemon Server] - 2025-10-30T17:45:01.577Z - [REQUEST]: log/key-metrics.json.lock,test-results/.last-run.json
[NX Daemon Server] - 2025-10-30T17:45:01.578Z - Time taken for 'hash changed files from watcher' 0.15508300001965836ms
[NX Daemon Server] - 2025-10-30T17:45:01.586Z - Time taken for 'build-project-configs' 7.356750000006286ms
[NX Daemon Server] - 2025-10-30T17:45:01.604Z - [SYNC]: collect registered sync generators
[NX Daemon Server] - 2025-10-30T17:45:01.604Z - [SYNC]: project graph hash is the same, not collecting task sync generators
[NX Daemon Server] - 2025-10-30T17:45:01.604Z - [SYNC]: nx.json hash is the same, not collecting global sync generators
[NX Daemon Server] - 2025-10-30T17:45:01.605Z - Time taken for 'total execution time for createProjectGraph()' 15.757416999986162ms
[NX Daemon Server] - 2025-10-30T17:45:03.279Z - [WATCHER]: log/.obs_test_details-default/-138:Windows 11-browserstack-51f8d40a272cb921b96a-632fd8185a55744988e6-0.json was created or restored
[NX Daemon Server] - 2025-10-30T17:45:03.279Z - [WATCHER]: Processing file changes in outputs
[NX Daemon Server] - 2025-10-30T17:45:03.380Z - [REQUEST]: Updated workspace context based on watched changes, recomputing project graph...
[NX Daemon Server] - 2025-10-30T17:45:03.380Z - [REQUEST]: log/.obs_test_details-default/-138:Windows 11-browserstack-51f8d40a272cb921b96a-632fd8185a55744988e6-0.json
[NX Daemon Server] - 2025-10-30T17:45:03.380Z - [REQUEST]: 
[NX Daemon Server] - 2025-10-30T17:45:03.381Z - Time taken for 'hash changed files from watcher' 0.07708300001104362ms
[NX Daemon Server] - 2025-10-30T17:45:03.388Z - Time taken for 'build-project-configs' 5.95374999998603ms
[NX Daemon Server] - 2025-10-30T17:45:03.400Z - [SYNC]: collect registered sync generators
[NX Daemon Server] - 2025-10-30T17:45:03.400Z - [SYNC]: project graph hash is the same, not collecting task sync generators
[NX Daemon Server] - 2025-10-30T17:45:03.400Z - [SYNC]: nx.json hash is the same, not collecting global sync generators
[NX Daemon Server] - 2025-10-30T17:45:03.400Z - Time taken for 'total execution time for createProjectGraph()' 8.919040999986464ms
[NX Daemon Server] - 2025-10-30T17:45:35.600Z - [WATCHER]: 2 file(s) created or restored, 0 file(s) modified, 0 file(s) deleted
[NX Daemon Server] - 2025-10-30T17:45:35.600Z - [WATCHER]: Processing file changes in outputs
[NX Daemon Server] - 2025-10-30T17:45:35.701Z - [REQUEST]: Updated workspace context based on watched changes, recomputing project graph...
[NX Daemon Server] - 2025-10-30T17:45:35.701Z - [REQUEST]: log/.obs_test_details-undefined/c7312039-4253-4781-afad-6a75f3cad30c_platformDetails.json,log/.obs_test_details-undefined/-138:Windows 11-browserstack-51f8d40a272cb921b96a-632fd8185a55744988e6-0.json
[NX Daemon Server] - 2025-10-30T17:45:35.701Z - [REQUEST]: 
[NX Daemon Server] - 2025-10-30T17:45:35.703Z - Time taken for 'hash changed files from watcher' 0.29004100000020117ms
[NX Daemon Server] - 2025-10-30T17:45:35.721Z - Time taken for 'build-project-configs' 16.382708000019193ms
[NX Daemon Server] - 2025-10-30T17:45:35.736Z - [SYNC]: collect registered sync generators
[NX Daemon Server] - 2025-10-30T17:45:35.737Z - [SYNC]: project graph hash is the same, not collecting task sync generators
[NX Daemon Server] - 2025-10-30T17:45:35.737Z - [SYNC]: nx.json hash is the same, not collecting global sync generators
[NX Daemon Server] - 2025-10-30T17:45:35.737Z - Time taken for 'total execution time for createProjectGraph()' 14.348582999984501ms
[NX Daemon Server] - 2025-10-30T17:45:52.254Z - [WATCHER]: Processing file changes in outputs
[NX Daemon Server] - 2025-10-30T17:45:52.257Z - [WATCHER]: 2 file(s) created or restored, 3 file(s) modified, 2 file(s) deleted
[NX Daemon Server] - 2025-10-30T17:45:52.315Z - [WATCHER]: 0 file(s) created or restored, 2 file(s) modified, 0 file(s) deleted
[NX Daemon Server] - 2025-10-30T17:45:52.315Z - [WATCHER]: Processing file changes in outputs
[NX Daemon Server] - 2025-10-30T17:45:52.359Z - [REQUEST]: Updated workspace context based on watched changes, recomputing project graph...
[NX Daemon Server] - 2025-10-30T17:45:52.359Z - [REQUEST]: test-results/.last-run.json,log/performance-report/performance-report-29123-0.json,log/.obs_test_details-default/-138:Windows 11-browserstack-51f8d40a272cb921b96a-632fd8185a55744988e6-0.json,log/usage.log,log/usage-debug.log
[NX Daemon Server] - 2025-10-30T17:45:52.359Z - [REQUEST]: log/performance-report/modified-key-metrics.json,log/performance-report/performance-report-28143-0.json
[NX Daemon Server] - 2025-10-30T17:45:52.360Z - Time taken for 'hash changed files from watcher' 1.1662089999881573ms
[NX Daemon Server] - 2025-10-30T17:45:52.371Z - Time taken for 'build-project-configs' 10.1528330000001ms
[NX Daemon Server] - 2025-10-30T17:45:52.383Z - [SYNC]: collect registered sync generators
[NX Daemon Server] - 2025-10-30T17:45:52.384Z - [SYNC]: project graph hash is the same, not collecting task sync generators
[NX Daemon Server] - 2025-10-30T17:45:52.384Z - [SYNC]: nx.json hash is the same, not collecting global sync generators
[NX Daemon Server] - 2025-10-30T17:45:52.384Z - Time taken for 'total execution time for createProjectGraph()' 10.676375000010012ms
[NX Daemon Server] - 2025-10-30T17:45:55.513Z - [WATCHER]: 0 file(s) created or restored, 1 file(s) modified, 1 file(s) deleted
[NX Daemon Server] - 2025-10-30T17:45:55.520Z - [WATCHER]: Processing file changes in outputs
[NX Daemon Server] - 2025-10-30T17:45:55.714Z - [REQUEST]: Updated workspace context based on watched changes, recomputing project graph...
[NX Daemon Server] - 2025-10-30T17:45:55.714Z - [REQUEST]: log/key-metrics.json
[NX Daemon Server] - 2025-10-30T17:45:55.714Z - [REQUEST]: log/key-metrics.json.lock
[NX Daemon Server] - 2025-10-30T17:45:55.715Z - Time taken for 'hash changed files from watcher' 0.14541700002155267ms
[NX Daemon Server] - 2025-10-30T17:45:55.730Z - Time taken for 'build-project-configs' 12.772208999987924ms
[NX Daemon Server] - 2025-10-30T17:45:55.750Z - [SYNC]: collect registered sync generators
[NX Daemon Server] - 2025-10-30T17:45:55.751Z - [SYNC]: project graph hash is the same, not collecting task sync generators
[NX Daemon Server] - 2025-10-30T17:45:55.751Z - [SYNC]: nx.json hash is the same, not collecting global sync generators
[NX Daemon Server] - 2025-10-30T17:45:55.751Z - Time taken for 'total execution time for createProjectGraph()' 18.849290999991354ms
[NX Daemon Server] - 2025-10-30T17:45:56.586Z - [WATCHER]: log/.obs_test_details-default/-138:Windows 11-browserstack-51f8d40a272cb921b96a-632fd8185a55744988e6-0.json was deleted
[NX Daemon Server] - 2025-10-30T17:45:56.586Z - [WATCHER]: Processing file changes in outputs
[NX Daemon Server] - 2025-10-30T17:45:56.987Z - [REQUEST]: Updated workspace context based on watched changes, recomputing project graph...
[NX Daemon Server] - 2025-10-30T17:45:56.987Z - [REQUEST]: 
[NX Daemon Server] - 2025-10-30T17:45:56.988Z - [REQUEST]: log/.obs_test_details-default/-138:Windows 11-browserstack-51f8d40a272cb921b96a-632fd8185a55744988e6-0.json
[NX Daemon Server] - 2025-10-30T17:45:56.990Z - Time taken for 'hash changed files from watcher' 0.06825000001117587ms
[NX Daemon Server] - 2025-10-30T17:45:57.005Z - Time taken for 'build-project-configs' 12.836666999995941ms
[NX Daemon Server] - 2025-10-30T17:45:57.020Z - [SYNC]: collect registered sync generators
[NX Daemon Server] - 2025-10-30T17:45:57.020Z - [SYNC]: project graph hash is the same, not collecting task sync generators
[NX Daemon Server] - 2025-10-30T17:45:57.020Z - [SYNC]: nx.json hash is the same, not collecting global sync generators
[NX Daemon Server] - 2025-10-30T17:45:57.020Z - Time taken for 'total execution time for createProjectGraph()' 13.428541999979643ms
[NX Daemon Server] - 2025-10-30T17:46:01.602Z - [WATCHER]: 0 file(s) created or restored, 2 file(s) modified, 2 file(s) deleted
[NX Daemon Server] - 2025-10-30T17:46:01.602Z - [WATCHER]: Processing file changes in outputs
[NX Daemon Server] - 2025-10-30T17:46:02.197Z - [WATCHER]: log/bstack-logs.tar.gz was created or restored
[NX Daemon Server] - 2025-10-30T17:46:02.197Z - [WATCHER]: Processing file changes in outputs
[NX Daemon Server] - 2025-10-30T17:46:02.403Z - [REQUEST]: Updated workspace context based on watched changes, recomputing project graph...
[NX Daemon Server] - 2025-10-30T17:46:02.403Z - [REQUEST]: log/sdk-cli.log,log/sdk-cli-debug.log,log/bstack-logs.tar.gz
[NX Daemon Server] - 2025-10-30T17:46:02.403Z - [REQUEST]: log/.obs_test_details-undefined/-138:Windows 11-browserstack-51f8d40a272cb921b96a-632fd8185a55744988e6-0.json,log/.obs_test_details-undefined/c7312039-4253-4781-afad-6a75f3cad30c_platformDetails.json
[NX Daemon Server] - 2025-10-30T17:46:02.406Z - Time taken for 'hash changed files from watcher' 0.49887500001932494ms
[NX Daemon Server] - 2025-10-30T17:46:02.420Z - Time taken for 'build-project-configs' 13.861250000016298ms
[NX Daemon Server] - 2025-10-30T17:46:02.437Z - [SYNC]: collect registered sync generators
[NX Daemon Server] - 2025-10-30T17:46:02.438Z - [SYNC]: project graph hash is the same, not collecting task sync generators
[NX Daemon Server] - 2025-10-30T17:46:02.438Z - [SYNC]: nx.json hash is the same, not collecting global sync generators
[NX Daemon Server] - 2025-10-30T17:46:02.438Z - Time taken for 'total execution time for createProjectGraph()' 15.308250000001863ms
[NX Daemon Server] - 2025-10-30T17:46:07.131Z - [WATCHER]: 0 file(s) created or restored, 0 file(s) modified, 6 file(s) deleted
[NX Daemon Server] - 2025-10-30T17:46:07.131Z - [WATCHER]: Processing file changes in outputs
[NX Daemon Server] - 2025-10-30T17:46:07.315Z - [WATCHER]: 1 file(s) created or restored, 0 file(s) modified, 1 file(s) deleted
[NX Daemon Server] - 2025-10-30T17:46:07.315Z - [WATCHER]: Processing file changes in outputs
[NX Daemon Server] - 2025-10-30T17:46:07.331Z - [REQUEST]: Updated workspace context based on watched changes, recomputing project graph...
[NX Daemon Server] - 2025-10-30T17:46:07.331Z - [REQUEST]: log/performance-report/modified-key-metrics.json
[NX Daemon Server] - 2025-10-30T17:46:07.331Z - [REQUEST]: log/usage-debug.log,log/sdk-cli-debug.log,log/bstack-logs.tar.gz,playwright-browserstack-sdk.config.temp.json,apps/browserstack-e2e/browserstackSetupConfig.json,apps/browserstack-e2e/playwright-browserstack-sdk.config.ts,log/key-metrics.json
[NX Daemon Server] - 2025-10-30T17:46:07.331Z - Time taken for 'hash changed files from watcher' 0.09154200000921264ms
[NX Daemon Server] - 2025-10-30T17:46:07.340Z - Time taken for 'build-project-configs' 6.6104579999810085ms
[NX Daemon Server] - 2025-10-30T17:46:07.354Z - [SYNC]: collect registered sync generators
[NX Daemon Server] - 2025-10-30T17:46:07.354Z - [SYNC]: project graph hash is the same, not collecting task sync generators
[NX Daemon Server] - 2025-10-30T17:46:07.354Z - [SYNC]: nx.json hash is the same, not collecting global sync generators
[NX Daemon Server] - 2025-10-30T17:46:07.354Z - Time taken for 'total execution time for createProjectGraph()' 12.743207999999868ms
[NX Daemon Server] - 2025-10-30T17:46:08.361Z - [REQUEST]: Responding to the client. recordOutputsHash
[NX Daemon Server] - 2025-10-30T17:46:08.361Z - Done responding to the client recordOutputsHash
[NX Daemon Server] - 2025-10-30T17:46:08.361Z - Handled RECORD_OUTPUTS_HASH. Handling time: 1. Response time: 0.
[NX Daemon Server] - 2025-10-30T17:46:08.364Z - [REQUEST]: Responding to the client. handleRecordTaskRuns
[NX Daemon Server] - 2025-10-30T17:46:08.364Z - Done responding to the client handleRecordTaskRuns
[NX Daemon Server] - 2025-10-30T17:46:08.364Z - Handled RECORD_TASK_RUNS. Handling time: 1. Response time: 0.
[NX Daemon Server] - 2025-10-30T17:46:08.365Z - [REQUEST]: Responding to the client. handleGetFlakyTasks
[NX Daemon Server] - 2025-10-30T17:46:08.365Z - Done responding to the client handleGetFlakyTasks
[NX Daemon Server] - 2025-10-30T17:46:08.365Z - Handled GET_FLAKY_TASKS. Handling time: 0. Response time: 0.
[NX Daemon Server] - 2025-10-30T17:46:08.393Z - [WATCHER]: 0 file(s) created or restored, 2 file(s) modified, 1 file(s) deleted
[NX Daemon Server] - 2025-10-30T17:46:08.393Z - [WATCHER]: Processing file changes in outputs
[NX Daemon Server] - 2025-10-30T17:46:08.595Z - [REQUEST]: Updated workspace context based on watched changes, recomputing project graph...
[NX Daemon Server] - 2025-10-30T17:46:08.595Z - [REQUEST]: log/events.json,log/usage.log
[NX Daemon Server] - 2025-10-30T17:46:08.595Z - [REQUEST]: log/usage-debug.log
[NX Daemon Server] - 2025-10-30T17:46:08.596Z - Time taken for 'hash changed files from watcher' 0.577791999996407ms
[NX Daemon Server] - 2025-10-30T17:46:08.606Z - Time taken for 'build-project-configs' 9.070375000010245ms
[NX Daemon Server] - 2025-10-30T17:46:08.617Z - [SYNC]: collect registered sync generators
[NX Daemon Server] - 2025-10-30T17:46:08.617Z - [SYNC]: project graph hash is the same, not collecting task sync generators
[NX Daemon Server] - 2025-10-30T17:46:08.617Z - [SYNC]: nx.json hash is the same, not collecting global sync generators
[NX Daemon Server] - 2025-10-30T17:46:08.617Z - Time taken for 'total execution time for createProjectGraph()' 9.05891699998756ms
[NX Daemon Server] - 2025-10-30T17:46:08.699Z - Closed a connection. Number of open connections: 0
[NX Daemon Server] - 2025-10-30T17:49:40.126Z - [WATCHER]: apps/browserstack-e2e/tests/browserstack.spec.ts was modified
[NX Daemon Server] - 2025-10-30T17:49:40.126Z - [WATCHER]: Processing file changes in outputs
[NX Daemon Server] - 2025-10-30T17:49:40.528Z - [REQUEST]: Updated workspace context based on watched changes, recomputing project graph...
[NX Daemon Server] - 2025-10-30T17:49:40.528Z - [REQUEST]: apps/browserstack-e2e/tests/browserstack.spec.ts
[NX Daemon Server] - 2025-10-30T17:49:40.528Z - [REQUEST]: 
[NX Daemon Server] - 2025-10-30T17:49:40.531Z - Time taken for 'hash changed files from watcher' 0.2222920000203885ms
[NX Daemon Server] - 2025-10-30T17:49:40.553Z - Time taken for 'build-project-configs' 20.390958000032697ms
[NX Daemon Server] - 2025-10-30T17:49:40.569Z - [SYNC]: collect registered sync generators
[NX Daemon Server] - 2025-10-30T17:49:40.569Z - [SYNC]: project graph hash is the same, not collecting task sync generators
[NX Daemon Server] - 2025-10-30T17:49:40.569Z - [SYNC]: nx.json hash is the same, not collecting global sync generators
[NX Daemon Server] - 2025-10-30T17:49:40.569Z - Time taken for 'total execution time for createProjectGraph()' 14.920833999989554ms
[NX Daemon Server] - 2025-10-30T17:49:44.096Z - Established a connection. Number of open connections: 1
[NX Daemon Server] - 2025-10-30T17:49:44.097Z - Closed a connection. Number of open connections: 0
[NX Daemon Server] - 2025-10-30T17:49:44.097Z - Established a connection. Number of open connections: 1
[NX Daemon Server] - 2025-10-30T17:49:44.097Z - [REQUEST]: Client Request for Project Graph Received
[NX Daemon Server] - 2025-10-30T17:49:44.097Z - [REQUEST]: Responding to the client. project-graph
[NX Daemon Server] - 2025-10-30T17:49:44.098Z - Time taken for 'total for creating and serializing project graph' 0.11312499997438863ms
[NX Daemon Server] - 2025-10-30T17:49:44.099Z - Done responding to the client project-graph
[NX Daemon Server] - 2025-10-30T17:49:44.099Z - Handled REQUEST_PROJECT_GRAPH. Handling time: 0. Response time: 2.
[NX Daemon Server] - 2025-10-30T17:49:44.172Z - [REQUEST]: Responding to the client. handleHashTasks
[NX Daemon Server] - 2025-10-30T17:49:44.172Z - Done responding to the client handleHashTasks
[NX Daemon Server] - 2025-10-30T17:49:44.172Z - Handled HASH_TASKS. Handling time: 8. Response time: 0.
[NX Daemon Server] - 2025-10-30T17:49:44.180Z - [REQUEST]: Responding to the client. handleGetEstimatedTaskTimings
[NX Daemon Server] - 2025-10-30T17:49:44.180Z - Done responding to the client handleGetEstimatedTaskTimings
[NX Daemon Server] - 2025-10-30T17:49:44.180Z - Handled GET_ESTIMATED_TASK_TIMINGS. Handling time: 0. Response time: 0.
[NX Daemon Server] - 2025-10-30T17:49:48.950Z - [WATCHER]: 2 file(s) created or restored, 0 file(s) modified, 0 file(s) deleted
[NX Daemon Server] - 2025-10-30T17:49:48.950Z - [WATCHER]: Processing file changes in outputs
[NX Daemon Server] - 2025-10-30T17:49:49.050Z - [REQUEST]: Updated workspace context based on watched changes, recomputing project graph...
[NX Daemon Server] - 2025-10-30T17:49:49.050Z - [REQUEST]: log/sdk-cli-debug.log,log/usage-debug.log
[NX Daemon Server] - 2025-10-30T17:49:49.050Z - [REQUEST]: 
[NX Daemon Server] - 2025-10-30T17:49:49.051Z - Time taken for 'hash changed files from watcher' 0.16533300001174212ms
[NX Daemon Server] - 2025-10-30T17:49:49.061Z - Time taken for 'build-project-configs' 8.132042000012007ms
[NX Daemon Server] - 2025-10-30T17:49:49.072Z - [SYNC]: collect registered sync generators
[NX Daemon Server] - 2025-10-30T17:49:49.072Z - [SYNC]: project graph hash is the same, not collecting task sync generators
[NX Daemon Server] - 2025-10-30T17:49:49.072Z - [SYNC]: nx.json hash is the same, not collecting global sync generators
[NX Daemon Server] - 2025-10-30T17:49:49.072Z - Time taken for 'total execution time for createProjectGraph()' 10.116208999999799ms
[NX Daemon Server] - 2025-10-30T17:49:53.464Z - [WATCHER]: Processing file changes in outputs
[NX Daemon Server] - 2025-10-30T17:49:53.464Z - [WATCHER]: 3 file(s) created or restored, 0 file(s) modified, 1 file(s) deleted
[NX Daemon Server] - 2025-10-30T17:49:53.515Z - [WATCHER]: 1 file(s) created or restored, 0 file(s) modified, 1 file(s) deleted
[NX Daemon Server] - 2025-10-30T17:49:53.515Z - [WATCHER]: Processing file changes in outputs
[NX Daemon Server] - 2025-10-30T17:49:53.565Z - [REQUEST]: Updated workspace context based on watched changes, recomputing project graph...
[NX Daemon Server] - 2025-10-30T17:49:53.565Z - [REQUEST]: apps/browserstack-e2e/browserstackSetupConfig.json,apps/browserstack-e2e/playwright-browserstack-sdk.config.ts,log/key-metrics.json
[NX Daemon Server] - 2025-10-30T17:49:53.565Z - [REQUEST]: log/key-metrics.json.lock
[NX Daemon Server] - 2025-10-30T17:49:53.566Z - Time taken for 'hash changed files from watcher' 0.19450000004144385ms
[NX Daemon Server] - 2025-10-30T17:49:53.567Z - [WATCHER]: 1 file(s) created or restored, 0 file(s) modified, 1 file(s) deleted
[NX Daemon Server] - 2025-10-30T17:49:53.567Z - [WATCHER]: Processing file changes in outputs
[NX Daemon Server] - 2025-10-30T17:49:53.573Z - Time taken for 'build-project-configs' 6.195917000004556ms
[NX Daemon Server] - 2025-10-30T17:49:53.588Z - [SYNC]: collect registered sync generators
[NX Daemon Server] - 2025-10-30T17:49:53.588Z - [SYNC]: project graph hash is the same, not collecting task sync generators
[NX Daemon Server] - 2025-10-30T17:49:53.588Z - [SYNC]: nx.json hash is the same, not collecting global sync generators
[NX Daemon Server] - 2025-10-30T17:49:53.588Z - Time taken for 'total execution time for createProjectGraph()' 12.356167000019923ms
[NX Daemon Server] - 2025-10-30T17:49:53.667Z - [REQUEST]: Updated workspace context based on watched changes, recomputing project graph...
[NX Daemon Server] - 2025-10-30T17:49:53.667Z - [REQUEST]: 
[NX Daemon Server] - 2025-10-30T17:49:53.667Z - [REQUEST]: 
[NX Daemon Server] - 2025-10-30T17:49:53.668Z - Time taken for 'hash changed files from watcher' 0.024459000036586076ms
[NX Daemon Server] - 2025-10-30T17:49:53.678Z - Time taken for 'build-project-configs' 9.228041999973357ms
[NX Daemon Server] - 2025-10-30T17:49:53.692Z - [SYNC]: collect registered sync generators
[NX Daemon Server] - 2025-10-30T17:49:53.692Z - [SYNC]: project graph hash is the same, not collecting task sync generators
[NX Daemon Server] - 2025-10-30T17:49:53.693Z - [SYNC]: nx.json hash is the same, not collecting global sync generators
[NX Daemon Server] - 2025-10-30T17:49:53.693Z - Time taken for 'total execution time for createProjectGraph()' 12.498291999974754ms
[NX Daemon Server] - 2025-10-30T17:49:56.316Z - [WATCHER]: 1 file(s) created or restored, 1 file(s) modified, 2 file(s) deleted
[NX Daemon Server] - 2025-10-30T17:49:56.317Z - [WATCHER]: Processing file changes in outputs
[NX Daemon Server] - 2025-10-30T17:49:56.416Z - [REQUEST]: Updated workspace context based on watched changes, recomputing project graph...
[NX Daemon Server] - 2025-10-30T17:49:56.416Z - [REQUEST]: playwright-browserstack-sdk.config.temp.json,log/key-metrics.json
[NX Daemon Server] - 2025-10-30T17:49:56.416Z - [REQUEST]: log/key-metrics.json.lock,test-results/.last-run.json
[NX Daemon Server] - 2025-10-30T17:49:56.417Z - Time taken for 'hash changed files from watcher' 0.22366700001293793ms
[NX Daemon Server] - 2025-10-30T17:49:56.426Z - Time taken for 'build-project-configs' 7.507792000018526ms
[NX Daemon Server] - 2025-10-30T17:49:56.437Z - [SYNC]: collect registered sync generators
[NX Daemon Server] - 2025-10-30T17:49:56.437Z - [SYNC]: project graph hash is the same, not collecting task sync generators
[NX Daemon Server] - 2025-10-30T17:49:56.437Z - [SYNC]: nx.json hash is the same, not collecting global sync generators
[NX Daemon Server] - 2025-10-30T17:49:56.437Z - Time taken for 'total execution time for createProjectGraph()' 9.534750000049826ms
[NX Daemon Server] - 2025-10-30T17:49:58.294Z - [WATCHER]: log/.obs_test_details-default/-138:Windows 11-browserstack-51f8d40a272cb921b96a-632fd8185a55744988e6-0.json was created or restored
[NX Daemon Server] - 2025-10-30T17:49:58.294Z - [WATCHER]: Processing file changes in outputs
[NX Daemon Server] - 2025-10-30T17:49:58.394Z - [REQUEST]: Updated workspace context based on watched changes, recomputing project graph...
[NX Daemon Server] - 2025-10-30T17:49:58.394Z - [REQUEST]: log/.obs_test_details-default/-138:Windows 11-browserstack-51f8d40a272cb921b96a-632fd8185a55744988e6-0.json
[NX Daemon Server] - 2025-10-30T17:49:58.394Z - [REQUEST]: 
[NX Daemon Server] - 2025-10-30T17:49:58.395Z - Time taken for 'hash changed files from watcher' 0.06545900000492111ms
[NX Daemon Server] - 2025-10-30T17:49:58.402Z - Time taken for 'build-project-configs' 6.069999999948777ms
[NX Daemon Server] - 2025-10-30T17:49:58.411Z - [SYNC]: collect registered sync generators
[NX Daemon Server] - 2025-10-30T17:49:58.411Z - [SYNC]: project graph hash is the same, not collecting task sync generators
[NX Daemon Server] - 2025-10-30T17:49:58.412Z - [SYNC]: nx.json hash is the same, not collecting global sync generators
[NX Daemon Server] - 2025-10-30T17:49:58.412Z - Time taken for 'total execution time for createProjectGraph()' 7.1477080000331625ms
[NX Daemon Server] - 2025-10-30T17:50:33.223Z - [WATCHER]: 2 file(s) created or restored, 0 file(s) modified, 0 file(s) deleted
[NX Daemon Server] - 2025-10-30T17:50:33.224Z - [WATCHER]: Processing file changes in outputs
[NX Daemon Server] - 2025-10-30T17:50:33.326Z - [REQUEST]: Updated workspace context based on watched changes, recomputing project graph...
[NX Daemon Server] - 2025-10-30T17:50:33.326Z - [REQUEST]: log/.obs_test_details-undefined/1067f565-9260-4bee-9388-3ae13004ec7b_platformDetails.json,log/.obs_test_details-undefined/-138:Windows 11-browserstack-51f8d40a272cb921b96a-632fd8185a55744988e6-0.json
[NX Daemon Server] - 2025-10-30T17:50:33.326Z - [REQUEST]: 
[NX Daemon Server] - 2025-10-30T17:50:33.329Z - Time taken for 'hash changed files from watcher' 0.4569999999948777ms
[NX Daemon Server] - 2025-10-30T17:50:33.359Z - Time taken for 'build-project-configs' 30.426458000030834ms
[NX Daemon Server] - 2025-10-30T17:50:33.377Z - [SYNC]: collect registered sync generators
[NX Daemon Server] - 2025-10-30T17:50:33.377Z - [SYNC]: project graph hash is the same, not collecting task sync generators
[NX Daemon Server] - 2025-10-30T17:50:33.377Z - [SYNC]: nx.json hash is the same, not collecting global sync generators
[NX Daemon Server] - 2025-10-30T17:50:33.377Z - Time taken for 'total execution time for createProjectGraph()' 14.464667000051122ms
[NX Daemon Server] - 2025-10-30T17:50:45.446Z - [WATCHER]: 2 file(s) created or restored, 3 file(s) modified, 2 file(s) deleted
[NX Daemon Server] - 2025-10-30T17:50:45.447Z - [WATCHER]: Processing file changes in outputs
[NX Daemon Server] - 2025-10-30T17:50:45.549Z - [REQUEST]: Updated workspace context based on watched changes, recomputing project graph...
[NX Daemon Server] - 2025-10-30T17:50:45.549Z - [REQUEST]: test-results/.last-run.json,log/performance-report/performance-report-32402-0.json,log/usage-debug.log,log/.obs_test_details-default/-138:Windows 11-browserstack-51f8d40a272cb921b96a-632fd8185a55744988e6-0.json,log/usage.log
[NX Daemon Server] - 2025-10-30T17:50:45.549Z - [REQUEST]: log/performance-report/performance-report-29123-0.json,log/performance-report/modified-key-metrics.json
[NX Daemon Server] - 2025-10-30T17:50:45.550Z - Time taken for 'hash changed files from watcher' 1.2302919999929145ms
[NX Daemon Server] - 2025-10-30T17:50:45.566Z - Time taken for 'build-project-configs' 14.459084000030998ms
[NX Daemon Server] - 2025-10-30T17:50:45.597Z - [SYNC]: collect registered sync generators
[NX Daemon Server] - 2025-10-30T17:50:45.598Z - [SYNC]: project graph hash is the same, not collecting task sync generators
[NX Daemon Server] - 2025-10-30T17:50:45.598Z - [SYNC]: nx.json hash is the same, not collecting global sync generators
[NX Daemon Server] - 2025-10-30T17:50:45.598Z - Time taken for 'total execution time for createProjectGraph()' 24.055125000013504ms
[NX Daemon Server] - 2025-10-30T17:50:47.815Z - [WATCHER]: Processing file changes in outputs
[NX Daemon Server] - 2025-10-30T17:50:47.818Z - [WATCHER]: 0 file(s) created or restored, 1 file(s) modified, 1 file(s) deleted
[NX Daemon Server] - 2025-10-30T17:50:48.020Z - [REQUEST]: Updated workspace context based on watched changes, recomputing project graph...
[NX Daemon Server] - 2025-10-30T17:50:48.020Z - [REQUEST]: log/key-metrics.json
[NX Daemon Server] - 2025-10-30T17:50:48.020Z - [REQUEST]: log/key-metrics.json.lock
[NX Daemon Server] - 2025-10-30T17:50:48.020Z - Time taken for 'hash changed files from watcher' 0.12841599999228492ms
[NX Daemon Server] - 2025-10-30T17:50:48.031Z - Time taken for 'build-project-configs' 8.99895799998194ms
[NX Daemon Server] - 2025-10-30T17:50:48.045Z - [SYNC]: collect registered sync generators
[NX Daemon Server] - 2025-10-30T17:50:48.046Z - [SYNC]: project graph hash is the same, not collecting task sync generators
[NX Daemon Server] - 2025-10-30T17:50:48.046Z - [SYNC]: nx.json hash is the same, not collecting global sync generators
[NX Daemon Server] - 2025-10-30T17:50:48.046Z - Time taken for 'total execution time for createProjectGraph()' 11.783374999999069ms
[NX Daemon Server] - 2025-10-30T17:50:48.845Z - [WATCHER]: log/.obs_test_details-default/-138:Windows 11-browserstack-51f8d40a272cb921b96a-632fd8185a55744988e6-0.json was deleted
[NX Daemon Server] - 2025-10-30T17:50:48.850Z - [WATCHER]: Processing file changes in outputs
[NX Daemon Server] - 2025-10-30T17:50:49.245Z - [REQUEST]: Updated workspace context based on watched changes, recomputing project graph...
[NX Daemon Server] - 2025-10-30T17:50:49.245Z - [REQUEST]: 
[NX Daemon Server] - 2025-10-30T17:50:49.245Z - [REQUEST]: log/.obs_test_details-default/-138:Windows 11-browserstack-51f8d40a272cb921b96a-632fd8185a55744988e6-0.json
[NX Daemon Server] - 2025-10-30T17:50:49.247Z - Time taken for 'hash changed files from watcher' 0.09416699997382239ms
[NX Daemon Server] - 2025-10-30T17:50:49.263Z - Time taken for 'build-project-configs' 13.68687500001397ms
[NX Daemon Server] - 2025-10-30T17:50:49.282Z - [SYNC]: collect registered sync generators
[NX Daemon Server] - 2025-10-30T17:50:49.282Z - [SYNC]: project graph hash is the same, not collecting task sync generators
[NX Daemon Server] - 2025-10-30T17:50:49.282Z - [SYNC]: nx.json hash is the same, not collecting global sync generators
[NX Daemon Server] - 2025-10-30T17:50:49.282Z - Time taken for 'total execution time for createProjectGraph()' 14.997374999977183ms
[NX Daemon Server] - 2025-10-30T17:50:53.855Z - [WATCHER]: 0 file(s) created or restored, 2 file(s) modified, 2 file(s) deleted
[NX Daemon Server] - 2025-10-30T17:50:53.855Z - [WATCHER]: Processing file changes in outputs
[NX Daemon Server] - 2025-10-30T17:50:54.499Z - [WATCHER]: log/bstack-logs.tar.gz was created or restored
[NX Daemon Server] - 2025-10-30T17:50:54.499Z - [WATCHER]: Processing file changes in outputs
[NX Daemon Server] - 2025-10-30T17:50:54.656Z - [REQUEST]: Updated workspace context based on watched changes, recomputing project graph...
[NX Daemon Server] - 2025-10-30T17:50:54.656Z - [REQUEST]: log/sdk-cli-debug.log,log/sdk-cli.log,log/bstack-logs.tar.gz
[NX Daemon Server] - 2025-10-30T17:50:54.656Z - [REQUEST]: log/.obs_test_details-undefined/1067f565-9260-4bee-9388-3ae13004ec7b_platformDetails.json,log/.obs_test_details-undefined/-138:Windows 11-browserstack-51f8d40a272cb921b96a-632fd8185a55744988e6-0.json
[NX Daemon Server] - 2025-10-30T17:50:54.658Z - Time taken for 'hash changed files from watcher' 1.1863749999902211ms
[NX Daemon Server] - 2025-10-30T17:50:54.669Z - Time taken for 'build-project-configs' 9.143333000014536ms
[NX Daemon Server] - 2025-10-30T17:50:54.686Z - [SYNC]: collect registered sync generators
[NX Daemon Server] - 2025-10-30T17:50:54.686Z - [SYNC]: project graph hash is the same, not collecting task sync generators
[NX Daemon Server] - 2025-10-30T17:50:54.686Z - [SYNC]: nx.json hash is the same, not collecting global sync generators
[NX Daemon Server] - 2025-10-30T17:50:54.686Z - Time taken for 'total execution time for createProjectGraph()' 14.795333000016399ms
[NX Daemon Server] - 2025-10-30T17:50:58.599Z - [WATCHER]: 0 file(s) created or restored, 0 file(s) modified, 6 file(s) deleted
[NX Daemon Server] - 2025-10-30T17:50:58.599Z - [WATCHER]: Processing file changes in outputs
[NX Daemon Server] - 2025-10-30T17:50:58.747Z - [WATCHER]: 1 file(s) created or restored, 0 file(s) modified, 1 file(s) deleted
[NX Daemon Server] - 2025-10-30T17:50:58.748Z - [WATCHER]: Processing file changes in outputs
[NX Daemon Server] - 2025-10-30T17:50:58.799Z - [REQUEST]: Updated workspace context based on watched changes, recomputing project graph...
[NX Daemon Server] - 2025-10-30T17:50:58.799Z - [REQUEST]: log/performance-report/modified-key-metrics.json
[NX Daemon Server] - 2025-10-30T17:50:58.799Z - [REQUEST]: log/usage-debug.log,log/sdk-cli-debug.log,log/bstack-logs.tar.gz,apps/browserstack-e2e/playwright-browserstack-sdk.config.ts,playwright-browserstack-sdk.config.temp.json,apps/browserstack-e2e/browserstackSetupConfig.json,log/key-metrics.json
[NX Daemon Server] - 2025-10-30T17:50:58.800Z - Time taken for 'hash changed files from watcher' 0.10962499998277053ms
[NX Daemon Server] - 2025-10-30T17:50:58.809Z - Time taken for 'build-project-configs' 6.777667000016663ms
[NX Daemon Server] - 2025-10-30T17:50:58.821Z - [SYNC]: collect registered sync generators
[NX Daemon Server] - 2025-10-30T17:50:58.821Z - [SYNC]: project graph hash is the same, not collecting task sync generators
[NX Daemon Server] - 2025-10-30T17:50:58.821Z - [SYNC]: nx.json hash is the same, not collecting global sync generators
[NX Daemon Server] - 2025-10-30T17:50:58.821Z - Time taken for 'total execution time for createProjectGraph()' 11.01637500000652ms
[NX Daemon Server] - 2025-10-30T17:50:59.791Z - [REQUEST]: Responding to the client. recordOutputsHash
[NX Daemon Server] - 2025-10-30T17:50:59.791Z - Done responding to the client recordOutputsHash
[NX Daemon Server] - 2025-10-30T17:50:59.791Z - Handled RECORD_OUTPUTS_HASH. Handling time: 0. Response time: 0.
[NX Daemon Server] - 2025-10-30T17:50:59.794Z - [REQUEST]: Responding to the client. handleRecordTaskRuns
[NX Daemon Server] - 2025-10-30T17:50:59.794Z - Done responding to the client handleRecordTaskRuns
[NX Daemon Server] - 2025-10-30T17:50:59.794Z - Handled RECORD_TASK_RUNS. Handling time: 0. Response time: 0.
[NX Daemon Server] - 2025-10-30T17:50:59.795Z - [REQUEST]: Responding to the client. handleGetFlakyTasks
[NX Daemon Server] - 2025-10-30T17:50:59.795Z - Done responding to the client handleGetFlakyTasks
[NX Daemon Server] - 2025-10-30T17:50:59.795Z - Handled GET_FLAKY_TASKS. Handling time: 0. Response time: 0.
[NX Daemon Server] - 2025-10-30T17:50:59.830Z - [WATCHER]: 0 file(s) created or restored, 2 file(s) modified, 1 file(s) deleted
[NX Daemon Server] - 2025-10-30T17:50:59.830Z - [WATCHER]: Processing file changes in outputs
[NX Daemon Server] - 2025-10-30T17:51:00.030Z - [REQUEST]: Updated workspace context based on watched changes, recomputing project graph...
[NX Daemon Server] - 2025-10-30T17:51:00.031Z - [REQUEST]: log/usage.log,log/events.json
[NX Daemon Server] - 2025-10-30T17:51:00.031Z - [REQUEST]: log/usage-debug.log
[NX Daemon Server] - 2025-10-30T17:51:00.037Z - Time taken for 'hash changed files from watcher' 0.2294170000241138ms
[NX Daemon Server] - 2025-10-30T17:51:00.058Z - Time taken for 'build-project-configs' 21.705916000006255ms
[NX Daemon Server] - 2025-10-30T17:51:00.085Z - [SYNC]: collect registered sync generators
[NX Daemon Server] - 2025-10-30T17:51:00.088Z - [SYNC]: project graph hash is the same, not collecting task sync generators
[NX Daemon Server] - 2025-10-30T17:51:00.088Z - [SYNC]: nx.json hash is the same, not collecting global sync generators
[NX Daemon Server] - 2025-10-30T17:51:00.088Z - Time taken for 'total execution time for createProjectGraph()' 19.70133299997542ms
[NX Daemon Server] - 2025-10-30T17:51:00.213Z - Closed a connection. Number of open connections: 0
[NX Daemon Server] - 2025-10-30T17:51:48.346Z - [WATCHER]: apps/browserstack-e2e/browserstack.yml was modified
[NX Daemon Server] - 2025-10-30T17:51:48.347Z - [WATCHER]: Processing file changes in outputs
[NX Daemon Server] - 2025-10-30T17:51:48.748Z - [REQUEST]: Updated workspace context based on watched changes, recomputing project graph...
[NX Daemon Server] - 2025-10-30T17:51:48.748Z - [REQUEST]: apps/browserstack-e2e/browserstack.yml
[NX Daemon Server] - 2025-10-30T17:51:48.748Z - [REQUEST]: 
[NX Daemon Server] - 2025-10-30T17:51:48.749Z - Time taken for 'hash changed files from watcher' 0.16333300003316253ms
[NX Daemon Server] - 2025-10-30T17:51:48.772Z - Time taken for 'build-project-configs' 20.25179200002458ms
[NX Daemon Server] - 2025-10-30T17:51:48.788Z - [SYNC]: collect registered sync generators
[NX Daemon Server] - 2025-10-30T17:51:48.788Z - [SYNC]: project graph hash is the same, not collecting task sync generators
[NX Daemon Server] - 2025-10-30T17:51:48.788Z - [SYNC]: nx.json hash is the same, not collecting global sync generators
[NX Daemon Server] - 2025-10-30T17:51:48.788Z - Time taken for 'total execution time for createProjectGraph()' 14.848957999958657ms
[NX Daemon Server] - 2025-10-30T17:53:16.652Z - [WATCHER]: apps/browserstack-e2e/browserstack.yml was modified
[NX Daemon Server] - 2025-10-30T17:53:16.653Z - [WATCHER]: Processing file changes in outputs
[NX Daemon Server] - 2025-10-30T17:53:17.457Z - [REQUEST]: Updated workspace context based on watched changes, recomputing project graph...
[NX Daemon Server] - 2025-10-30T17:53:17.457Z - [REQUEST]: apps/browserstack-e2e/browserstack.yml
[NX Daemon Server] - 2025-10-30T17:53:17.457Z - [REQUEST]: 
[NX Daemon Server] - 2025-10-30T17:53:17.460Z - Time taken for 'hash changed files from watcher' 0.5010420000180602ms
[NX Daemon Server] - 2025-10-30T17:53:17.482Z - Time taken for 'build-project-configs' 21.088542000041343ms
[NX Daemon Server] - 2025-10-30T17:53:17.499Z - [SYNC]: collect registered sync generators
[NX Daemon Server] - 2025-10-30T17:53:17.499Z - [SYNC]: project graph hash is the same, not collecting task sync generators
[NX Daemon Server] - 2025-10-30T17:53:17.499Z - [SYNC]: nx.json hash is the same, not collecting global sync generators
[NX Daemon Server] - 2025-10-30T17:53:17.499Z - Time taken for 'total execution time for createProjectGraph()' 14.90458299999591ms
[NX Daemon Server] - 2025-11-11T18:50:02.552Z - Started listening on: /private/var/folders/tr/btrg4by958q2gn1px131s4fc0000gp/T/a6f33e8c56b427ef5bf0/d.sock
[NX Daemon Server] - 2025-11-11T18:50:02.554Z - [WATCHER]: Subscribed to changes within: /Users/princetonbaretto/Desktop/GitClone/nx-playwright-browserstack (native)
[NX Daemon Server] - 2025-11-11T18:50:02.562Z - Established a connection. Number of open connections: 1
[NX Daemon Server] - 2025-11-11T18:50:02.562Z - Established a connection. Number of open connections: 2
[NX Daemon Server] - 2025-11-11T18:50:02.563Z - Closed a connection. Number of open connections: 1
[NX Daemon Server] - 2025-11-11T18:50:02.564Z - [REQUEST]: Client Request for Project Graph Received
[NX Daemon Server] - 2025-11-11T18:50:02.767Z - Time taken for 'Load Nx Plugin: /Users/princetonbaretto/Desktop/GitClone/nx-playwright-browserstack/node_modules/nx/src/plugins/js' 203.11425000000003ms
[NX Daemon Server] - 2025-11-11T18:50:02.885Z - Time taken for 'Load Nx Plugin: /Users/princetonbaretto/Desktop/GitClone/nx-playwright-browserstack/node_modules/nx/src/plugins/package-json' 319.717792ms
[NX Daemon Server] - 2025-11-11T18:50:03.005Z - [REQUEST]: Updated workspace context based on watched changes, recomputing project graph...
[NX Daemon Server] - 2025-11-11T18:50:03.005Z - [REQUEST]: 
[NX Daemon Server] - 2025-11-11T18:50:03.005Z - [REQUEST]: 
[NX Daemon Server] - 2025-11-11T18:50:03.008Z - Time taken for 'loadNxPlugins' 440.93112500000007ms
[NX Daemon Server] - 2025-11-11T18:50:03.026Z - Time taken for 'build-project-configs' 9.533165999999937ms
[NX Daemon Server] - 2025-11-11T18:50:03.039Z - [SYNC]: collect registered sync generators
[NX Daemon Server] - 2025-11-11T18:50:03.040Z - [REQUEST]: Responding to the client. project-graph
[NX Daemon Server] - 2025-11-11T18:50:03.040Z - Time taken for 'total for creating and serializing project graph' 475.97204100000005ms
[NX Daemon Server] - 2025-11-11T18:50:03.043Z - Done responding to the client project-graph
[NX Daemon Server] - 2025-11-11T18:50:03.043Z - Handled REQUEST_PROJECT_GRAPH. Handling time: 476. Response time: 3.
[NX Daemon Server] - 2025-11-11T18:50:03.097Z - [REQUEST]: Responding to the client. handleHashTasks
[NX Daemon Server] - 2025-11-11T18:50:03.097Z - Done responding to the client handleHashTasks
[NX Daemon Server] - 2025-11-11T18:50:03.097Z - Handled HASH_TASKS. Handling time: 6. Response time: 0.
[NX Daemon Server] - 2025-11-11T18:50:03.127Z - [REQUEST]: Responding to the client. handleGetEstimatedTaskTimings
[NX Daemon Server] - 2025-11-11T18:50:03.127Z - Done responding to the client handleGetEstimatedTaskTimings
[NX Daemon Server] - 2025-11-11T18:50:03.127Z - Handled GET_ESTIMATED_TASK_TIMINGS. Handling time: 26. Response time: 0.
[NX Daemon Server] - 2025-11-11T18:50:07.740Z - [WATCHER]: 2 file(s) created or restored, 0 file(s) modified, 0 file(s) deleted
[NX Daemon Server] - 2025-11-11T18:50:07.740Z - [WATCHER]: Processing file changes in outputs
[NX Daemon Server] - 2025-11-11T18:50:07.840Z - [REQUEST]: Updated workspace context based on watched changes, recomputing project graph...
[NX Daemon Server] - 2025-11-11T18:50:07.840Z - [REQUEST]: log/usage-debug.log,log/sdk-cli-debug.log
[NX Daemon Server] - 2025-11-11T18:50:07.840Z - [REQUEST]: 
[NX Daemon Server] - 2025-11-11T18:50:07.842Z - Time taken for 'hash changed files from watcher' 0.15270799999962037ms
[NX Daemon Server] - 2025-11-11T18:50:07.850Z - Time taken for 'build-project-configs' 7.988792000000103ms
[NX Daemon Server] - 2025-11-11T18:50:07.866Z - [SYNC]: collect registered sync generators
[NX Daemon Server] - 2025-11-11T18:50:07.866Z - [SYNC]: project graph hash is the same, not collecting task sync generators
[NX Daemon Server] - 2025-11-11T18:50:07.866Z - [SYNC]: nx.json hash is the same, not collecting global sync generators
[NX Daemon Server] - 2025-11-11T18:50:07.866Z - Time taken for 'total execution time for createProjectGraph()' 13.30120799999986ms
[NX Daemon Server] - 2025-11-11T18:50:11.553Z - [WATCHER]: 2 file(s) created or restored, 1 file(s) modified, 1 file(s) deleted
[NX Daemon Server] - 2025-11-11T18:50:11.553Z - [WATCHER]: Processing file changes in outputs
[NX Daemon Server] - 2025-11-11T18:50:11.654Z - [REQUEST]: Updated workspace context based on watched changes, recomputing project graph...
[NX Daemon Server] - 2025-11-11T18:50:11.654Z - [REQUEST]: apps/browserstack-e2e/browserstackSetupConfig.json,apps/browserstack-e2e/playwright-browserstack-sdk.config.ts,log/key-metrics.json
[NX Daemon Server] - 2025-11-11T18:50:11.654Z - [REQUEST]: log/key-metrics.json.lock
[NX Daemon Server] - 2025-11-11T18:50:11.655Z - [WATCHER]: 0 file(s) created or restored, 1 file(s) modified, 1 file(s) deleted
[NX Daemon Server] - 2025-11-11T18:50:11.655Z - [WATCHER]: Processing file changes in outputs
[NX Daemon Server] - 2025-11-11T18:50:11.656Z - Time taken for 'hash changed files from watcher' 0.1465410000000702ms
[NX Daemon Server] - 2025-11-11T18:50:11.661Z - Time taken for 'build-project-configs' 5.269124999998894ms
[NX Daemon Server] - 2025-11-11T18:50:11.673Z - [SYNC]: collect registered sync generators
[NX Daemon Server] - 2025-11-11T18:50:11.673Z - [SYNC]: project graph hash is the same, not collecting task sync generators
[NX Daemon Server] - 2025-11-11T18:50:11.673Z - [SYNC]: nx.json hash is the same, not collecting global sync generators
[NX Daemon Server] - 2025-11-11T18:50:11.674Z - Time taken for 'total execution time for createProjectGraph()' 9.603042000000642ms
[NX Daemon Server] - 2025-11-11T18:50:11.856Z - [REQUEST]: Updated workspace context based on watched changes, recomputing project graph...
[NX Daemon Server] - 2025-11-11T18:50:11.856Z - [REQUEST]: 
[NX Daemon Server] - 2025-11-11T18:50:11.856Z - [REQUEST]: 
[NX Daemon Server] - 2025-11-11T18:50:11.857Z - Time taken for 'hash changed files from watcher' 0.03191599999991013ms
[NX Daemon Server] - 2025-11-11T18:50:11.864Z - Time taken for 'build-project-configs' 6.487082999999984ms
[NX Daemon Server] - 2025-11-11T18:50:11.875Z - [SYNC]: collect registered sync generators
[NX Daemon Server] - 2025-11-11T18:50:11.875Z - [SYNC]: project graph hash is the same, not collecting task sync generators
[NX Daemon Server] - 2025-11-11T18:50:11.875Z - [SYNC]: nx.json hash is the same, not collecting global sync generators
[NX Daemon Server] - 2025-11-11T18:50:11.875Z - Time taken for 'total execution time for createProjectGraph()' 8.56212499999856ms
[NX Daemon Server] - 2025-11-11T18:50:13.747Z - [WATCHER]: Processing file changes in outputs
[NX Daemon Server] - 2025-11-11T18:50:13.747Z - [WATCHER]: 1 file(s) created or restored, 0 file(s) modified, 1 file(s) deleted
[NX Daemon Server] - 2025-11-11T18:50:13.848Z - [REQUEST]: Updated workspace context based on watched changes, recomputing project graph...
[NX Daemon Server] - 2025-11-11T18:50:13.848Z - [REQUEST]: playwright-browserstack-sdk.config.temp.json
[NX Daemon Server] - 2025-11-11T18:50:13.848Z - [REQUEST]: test-results/.last-run.json
[NX Daemon Server] - 2025-11-11T18:50:13.849Z - Time taken for 'hash changed files from watcher' 0.07554199999867706ms
[NX Daemon Server] - 2025-11-11T18:50:13.854Z - Time taken for 'build-project-configs' 5.092499999998836ms
[NX Daemon Server] - 2025-11-11T18:50:13.864Z - [SYNC]: collect registered sync generators
[NX Daemon Server] - 2025-11-11T18:50:13.864Z - [SYNC]: project graph hash is the same, not collecting task sync generators
[NX Daemon Server] - 2025-11-11T18:50:13.864Z - [SYNC]: nx.json hash is the same, not collecting global sync generators
[NX Daemon Server] - 2025-11-11T18:50:13.864Z - Time taken for 'total execution time for createProjectGraph()' 7.228000000000975ms
[NX Daemon Server] - 2025-11-11T18:50:16.957Z - [WATCHER]: Processing file changes in outputs
[NX Daemon Server] - 2025-11-11T18:50:16.957Z - [WATCHER]: log/.obs_test_details-default/chrome-51f8d40a272cb921b96a-6e0230fd0d8a67e3e183-0.json was created or restored
[NX Daemon Server] - 2025-11-11T18:50:17.013Z - [WATCHER]: Processing file changes in outputs
[NX Daemon Server] - 2025-11-11T18:50:17.014Z - [WATCHER]: 3 file(s) created or restored, 2 file(s) modified, 3 file(s) deleted
[NX Daemon Server] - 2025-11-11T18:50:17.057Z - [REQUEST]: Updated workspace context based on watched changes, recomputing project graph...
[NX Daemon Server] - 2025-11-11T18:50:17.057Z - [REQUEST]: log/.obs_test_details-default/chrome-51f8d40a272cb921b96a-6e0230fd0d8a67e3e183-0.json,log/performance-report/performance-report-61163-0.json,test-results/.last-run.json,log/usage-debug.log,log/usage.log
[NX Daemon Server] - 2025-11-11T18:50:17.057Z - [REQUEST]: log/performance-report/modified-key-metrics.json,log/performance-report/performance-report-32402-0.json,log/performance-report/performance-report-60038-0.json
[NX Daemon Server] - 2025-11-11T18:50:17.058Z - Time taken for 'hash changed files from watcher' 0.47179099999993923ms
[NX Daemon Server] - 2025-11-11T18:50:17.065Z - Time taken for 'build-project-configs' 6.465874999999869ms
[NX Daemon Server] - 2025-11-11T18:50:17.075Z - [SYNC]: collect registered sync generators
[NX Daemon Server] - 2025-11-11T18:50:17.075Z - [SYNC]: project graph hash is the same, not collecting task sync generators
[NX Daemon Server] - 2025-11-11T18:50:17.075Z - [SYNC]: nx.json hash is the same, not collecting global sync generators
[NX Daemon Server] - 2025-11-11T18:50:17.075Z - Time taken for 'total execution time for createProjectGraph()' 7.5769579999996495ms
[NX Daemon Server] - 2025-11-11T18:50:20.273Z - [WATCHER]: 0 file(s) created or restored, 1 file(s) modified, 1 file(s) deleted
[NX Daemon Server] - 2025-11-11T18:50:20.273Z - [WATCHER]: Processing file changes in outputs
[NX Daemon Server] - 2025-11-11T18:50:20.473Z - [REQUEST]: Updated workspace context based on watched changes, recomputing project graph...
[NX Daemon Server] - 2025-11-11T18:50:20.474Z - [REQUEST]: log/key-metrics.json
[NX Daemon Server] - 2025-11-11T18:50:20.474Z - [REQUEST]: log/key-metrics.json.lock
[NX Daemon Server] - 2025-11-11T18:50:20.475Z - Time taken for 'hash changed files from watcher' 0.12554199999794946ms
[NX Daemon Server] - 2025-11-11T18:50:20.485Z - Time taken for 'build-project-configs' 8.335041000002093ms
[NX Daemon Server] - 2025-11-11T18:50:20.498Z - [SYNC]: collect registered sync generators
[NX Daemon Server] - 2025-11-11T18:50:20.499Z - [SYNC]: project graph hash is the same, not collecting task sync generators
[NX Daemon Server] - 2025-11-11T18:50:20.499Z - [SYNC]: nx.json hash is the same, not collecting global sync generators
[NX Daemon Server] - 2025-11-11T18:50:20.499Z - Time taken for 'total execution time for createProjectGraph()' 11.542499999999563ms
[NX Daemon Server] - 2025-11-11T18:50:21.119Z - [WATCHER]: log/.obs_test_details-default/chrome-51f8d40a272cb921b96a-6e0230fd0d8a67e3e183-0.json was deleted
[NX Daemon Server] - 2025-11-11T18:50:21.119Z - [WATCHER]: Processing file changes in outputs
[NX Daemon Server] - 2025-11-11T18:50:21.520Z - [REQUEST]: Updated workspace context based on watched changes, recomputing project graph...
[NX Daemon Server] - 2025-11-11T18:50:21.520Z - [REQUEST]: 
[NX Daemon Server] - 2025-11-11T18:50:21.520Z - [REQUEST]: log/.obs_test_details-default/chrome-51f8d40a272cb921b96a-6e0230fd0d8a67e3e183-0.json
[NX Daemon Server] - 2025-11-11T18:50:21.522Z - Time taken for 'hash changed files from watcher' 0.11562500000218279ms
[NX Daemon Server] - 2025-11-11T18:50:21.542Z - Time taken for 'build-project-configs' 17.53154099999665ms
[NX Daemon Server] - 2025-11-11T18:50:21.562Z - [SYNC]: collect registered sync generators
[NX Daemon Server] - 2025-11-11T18:50:21.562Z - [SYNC]: project graph hash is the same, not collecting task sync generators
[NX Daemon Server] - 2025-11-11T18:50:21.562Z - [SYNC]: nx.json hash is the same, not collecting global sync generators
[NX Daemon Server] - 2025-11-11T18:50:21.562Z - Time taken for 'total execution time for createProjectGraph()' 18.648417000000336ms
[NX Daemon Server] - 2025-11-11T18:50:26.134Z - [WATCHER]: 0 file(s) created or restored, 2 file(s) modified, 0 file(s) deleted
[NX Daemon Server] - 2025-11-11T18:50:26.134Z - [WATCHER]: Processing file changes in outputs
[NX Daemon Server] - 2025-11-11T18:50:26.692Z - [WATCHER]: log/bstack-logs.tar.gz was created or restored
[NX Daemon Server] - 2025-11-11T18:50:26.693Z - [WATCHER]: Processing file changes in outputs
[NX Daemon Server] - 2025-11-11T18:50:26.937Z - [REQUEST]: Updated workspace context based on watched changes, recomputing project graph...
[NX Daemon Server] - 2025-11-11T18:50:26.937Z - [REQUEST]: log/sdk-cli-debug.log,log/sdk-cli.log,log/bstack-logs.tar.gz
[NX Daemon Server] - 2025-11-11T18:50:26.937Z - [REQUEST]: 
[NX Daemon Server] - 2025-11-11T18:50:26.941Z - Time taken for 'hash changed files from watcher' 2.163542000002053ms
[NX Daemon Server] - 2025-11-11T18:50:26.957Z - Time taken for 'build-project-configs' 14.998541000000841ms
[NX Daemon Server] - 2025-11-11T18:50:26.979Z - [SYNC]: collect registered sync generators
[NX Daemon Server] - 2025-11-11T18:50:26.980Z - [SYNC]: project graph hash is the same, not collecting task sync generators
[NX Daemon Server] - 2025-11-11T18:50:26.980Z - [SYNC]: nx.json hash is the same, not collecting global sync generators
[NX Daemon Server] - 2025-11-11T18:50:26.981Z - Time taken for 'total execution time for createProjectGraph()' 19.6807919999992ms
[NX Daemon Server] - 2025-11-11T18:50:29.466Z - [WATCHER]: 0 file(s) created or restored, 0 file(s) modified, 6 file(s) deleted
[NX Daemon Server] - 2025-11-11T18:50:29.466Z - [WATCHER]: Processing file changes in outputs
[NX Daemon Server] - 2025-11-11T18:50:29.542Z - [REQUEST]: Responding to the client. recordOutputsHash
[NX Daemon Server] - 2025-11-11T18:50:29.542Z - Done responding to the client recordOutputsHash
[NX Daemon Server] - 2025-11-11T18:50:29.542Z - Handled RECORD_OUTPUTS_HASH. Handling time: 0. Response time: 0.
[NX Daemon Server] - 2025-11-11T18:50:29.544Z - [REQUEST]: Responding to the client. handleRecordTaskRuns
[NX Daemon Server] - 2025-11-11T18:50:29.544Z - Done responding to the client handleRecordTaskRuns
[NX Daemon Server] - 2025-11-11T18:50:29.544Z - Handled RECORD_TASK_RUNS. Handling time: 1. Response time: 0.
[NX Daemon Server] - 2025-11-11T18:50:29.544Z - [REQUEST]: Responding to the client. handleGetFlakyTasks
[NX Daemon Server] - 2025-11-11T18:50:29.544Z - Done responding to the client handleGetFlakyTasks
[NX Daemon Server] - 2025-11-11T18:50:29.544Z - Handled GET_FLAKY_TASKS. Handling time: 0. Response time: 0.
[NX Daemon Server] - 2025-11-11T18:50:29.591Z - [WATCHER]: Processing file changes in outputs
[NX Daemon Server] - 2025-11-11T18:50:29.591Z - [WATCHER]: 0 file(s) created or restored, 1 file(s) modified, 1 file(s) deleted
[NX Daemon Server] - 2025-11-11T18:50:29.667Z - [REQUEST]: Updated workspace context based on watched changes, recomputing project graph...
[NX Daemon Server] - 2025-11-11T18:50:29.667Z - [REQUEST]: log/usage.log
[NX Daemon Server] - 2025-11-11T18:50:29.667Z - [REQUEST]: log/sdk-cli-debug.log,playwright-browserstack-sdk.config.temp.json,apps/browserstack-e2e/browserstackSetupConfig.json,log/usage-debug.log,log/bstack-logs.tar.gz,apps/browserstack-e2e/playwright-browserstack-sdk.config.ts
[NX Daemon Server] - 2025-11-11T18:50:29.667Z - Time taken for 'hash changed files from watcher' 0.09912500000064028ms
[NX Daemon Server] - 2025-11-11T18:50:29.674Z - Time taken for 'build-project-configs' 5.911207999997714ms
[NX Daemon Server] - 2025-11-11T18:50:29.683Z - [SYNC]: collect registered sync generators
[NX Daemon Server] - 2025-11-11T18:50:29.683Z - [SYNC]: project graph hash is the same, not collecting task sync generators
[NX Daemon Server] - 2025-11-11T18:50:29.683Z - [SYNC]: nx.json hash is the same, not collecting global sync generators
[NX Daemon Server] - 2025-11-11T18:50:29.683Z - Time taken for 'total execution time for createProjectGraph()' 7.491834000000381ms
[NX Daemon Server] - 2025-11-11T18:50:29.814Z - Closed a connection. Number of open connections: 0
[NX Daemon Server] - 2025-11-11T18:54:24.381Z - [WATCHER]: Processing file changes in outputs
[NX Daemon Server] - 2025-11-11T18:54:24.389Z - [WATCHER]: apps/browserstack-e2e/playwright.config.js was deleted
[NX Daemon Server] - 2025-11-11T18:54:24.790Z - [REQUEST]: Updated workspace context based on watched changes, recomputing project graph...
[NX Daemon Server] - 2025-11-11T18:54:24.790Z - [REQUEST]: 
[NX Daemon Server] - 2025-11-11T18:54:24.790Z - [REQUEST]: apps/browserstack-e2e/playwright.config.js
[NX Daemon Server] - 2025-11-11T18:54:24.792Z - Time taken for 'hash changed files from watcher' 0.08383400004822761ms
[NX Daemon Server] - 2025-11-11T18:54:24.802Z - Time taken for 'build-project-configs' 9.500041999970563ms
[NX Daemon Server] - 2025-11-11T18:54:24.817Z - [SYNC]: collect registered sync generators
[NX Daemon Server] - 2025-11-11T18:54:24.817Z - [SYNC]: project graph hash is the same, not collecting task sync generators
[NX Daemon Server] - 2025-11-11T18:54:24.817Z - [SYNC]: nx.json hash is the same, not collecting global sync generators
[NX Daemon Server] - 2025-11-11T18:54:24.817Z - Time taken for 'total execution time for createProjectGraph()' 12.266333999985363ms
[NX Daemon Server] - 2025-11-11T18:54:28.151Z - [WATCHER]: Processing file changes in outputs
[NX Daemon Server] - 2025-11-11T18:54:28.152Z - [WATCHER]: apps/browserstack-e2e/playwright.config.js was created or restored
[NX Daemon Server] - 2025-11-11T18:54:28.253Z - [REQUEST]: Updated workspace context based on watched changes, recomputing project graph...
[NX Daemon Server] - 2025-11-11T18:54:28.253Z - [REQUEST]: apps/browserstack-e2e/playwright.config.js
[NX Daemon Server] - 2025-11-11T18:54:28.253Z - [REQUEST]: 
[NX Daemon Server] - 2025-11-11T18:54:28.255Z - Time taken for 'hash changed files from watcher' 0.2678340000566095ms
[NX Daemon Server] - 2025-11-11T18:54:28.275Z - Time taken for 'build-project-configs' 17.925582999945618ms
[NX Daemon Server] - 2025-11-11T18:54:28.295Z - [SYNC]: collect registered sync generators
[NX Daemon Server] - 2025-11-11T18:54:28.295Z - [SYNC]: project graph hash is the same, not collecting task sync generators
[NX Daemon Server] - 2025-11-11T18:54:28.295Z - [SYNC]: nx.json hash is the same, not collecting global sync generators
[NX Daemon Server] - 2025-11-11T18:54:28.295Z - Time taken for 'total execution time for createProjectGraph()' 17.883082999964245ms
[NX Daemon Server] - 2025-11-11T18:54:40.679Z - [WATCHER]: apps/browserstack-e2e/playwright.config.ts was modified
[NX Daemon Server] - 2025-11-11T18:54:40.680Z - [WATCHER]: Processing file changes in outputs
[NX Daemon Server] - 2025-11-11T18:54:40.882Z - [REQUEST]: Updated workspace context based on watched changes, recomputing project graph...
[NX Daemon Server] - 2025-11-11T18:54:40.882Z - [REQUEST]: apps/browserstack-e2e/playwright.config.ts
[NX Daemon Server] - 2025-11-11T18:54:40.882Z - [REQUEST]: 
[NX Daemon Server] - 2025-11-11T18:54:40.884Z - Time taken for 'hash changed files from watcher' 0.1971250000060536ms
[NX Daemon Server] - 2025-11-11T18:54:40.900Z - Time taken for 'build-project-configs' 14.429125000024214ms
[NX Daemon Server] - 2025-11-11T18:54:40.916Z - [SYNC]: collect registered sync generators
[NX Daemon Server] - 2025-11-11T18:54:40.916Z - [SYNC]: project graph hash is the same, not collecting task sync generators
[NX Daemon Server] - 2025-11-11T18:54:40.917Z - [SYNC]: nx.json hash is the same, not collecting global sync generators
[NX Daemon Server] - 2025-11-11T18:54:40.917Z - Time taken for 'total execution time for createProjectGraph()' 14.60658299998613ms
[NX Daemon Server] - 2025-11-11T18:54:43.274Z - [WATCHER]: apps/browserstack-e2e/playwright.config.ts was modified
[NX Daemon Server] - 2025-11-11T18:54:43.275Z - [WATCHER]: Processing file changes in outputs
[NX Daemon Server] - 2025-11-11T18:54:43.675Z - [REQUEST]: Updated workspace context based on watched changes, recomputing project graph...
[NX Daemon Server] - 2025-11-11T18:54:43.675Z - [REQUEST]: apps/browserstack-e2e/playwright.config.ts
[NX Daemon Server] - 2025-11-11T18:54:43.676Z - [REQUEST]: 
[NX Daemon Server] - 2025-11-11T18:54:43.677Z - Time taken for 'hash changed files from watcher' 0.13587500003632158ms
[NX Daemon Server] - 2025-11-11T18:54:43.689Z - Time taken for 'build-project-configs' 11.300333000021055ms
[NX Daemon Server] - 2025-11-11T18:54:43.706Z - [SYNC]: collect registered sync generators
[NX Daemon Server] - 2025-11-11T18:54:43.707Z - [SYNC]: project graph hash is the same, not collecting task sync generators
[NX Daemon Server] - 2025-11-11T18:54:43.707Z - [SYNC]: nx.json hash is the same, not collecting global sync generators
[NX Daemon Server] - 2025-11-11T18:54:43.707Z - Time taken for 'total execution time for createProjectGraph()' 15.080290999962017ms
[NX Daemon Server] - 2025-11-11T18:55:04.380Z - [WATCHER]: apps/browserstack-e2e/playwright.config.js was deleted
[NX Daemon Server] - 2025-11-11T18:55:04.381Z - [WATCHER]: Processing file changes in outputs
[NX Daemon Server] - 2025-11-11T18:55:05.182Z - [REQUEST]: Updated workspace context based on watched changes, recomputing project graph...
[NX Daemon Server] - 2025-11-11T18:55:05.182Z - [REQUEST]: 
[NX Daemon Server] - 2025-11-11T18:55:05.182Z - [REQUEST]: apps/browserstack-e2e/playwright.config.js
[NX Daemon Server] - 2025-11-11T18:55:05.183Z - Time taken for 'hash changed files from watcher' 0.0664579999865964ms
[NX Daemon Server] - 2025-11-11T18:55:05.196Z - Time taken for 'build-project-configs' 10.843457999988459ms
[NX Daemon Server] - 2025-11-11T18:55:05.209Z - [SYNC]: collect registered sync generators
[NX Daemon Server] - 2025-11-11T18:55:05.209Z - [SYNC]: project graph hash is the same, not collecting task sync generators
[NX Daemon Server] - 2025-11-11T18:55:05.210Z - [SYNC]: nx.json hash is the same, not collecting global sync generators
[NX Daemon Server] - 2025-11-11T18:55:05.210Z - Time taken for 'total execution time for createProjectGraph()' 12.195458000001963ms
[NX Daemon Server] - 2025-11-11T19:02:03.093Z - [WATCHER]: apps/browserstack-e2e/browserstack.yml was modified
[NX Daemon Server] - 2025-11-11T19:02:03.094Z - [WATCHER]: Processing file changes in outputs
[NX Daemon Server] - 2025-11-11T19:02:04.695Z - [REQUEST]: Updated workspace context based on watched changes, recomputing project graph...
[NX Daemon Server] - 2025-11-11T19:02:04.695Z - [REQUEST]: apps/browserstack-e2e/browserstack.yml
[NX Daemon Server] - 2025-11-11T19:02:04.695Z - [REQUEST]: 
[NX Daemon Server] - 2025-11-11T19:02:04.697Z - Time taken for 'hash changed files from watcher' 0.22908299998380244ms
[NX Daemon Server] - 2025-11-11T19:02:04.712Z - Time taken for 'build-project-configs' 14.487208999926224ms
[NX Daemon Server] - 2025-11-11T19:02:04.728Z - [SYNC]: collect registered sync generators
[NX Daemon Server] - 2025-11-11T19:02:04.729Z - [SYNC]: project graph hash is the same, not collecting task sync generators
[NX Daemon Server] - 2025-11-11T19:02:04.729Z - [SYNC]: nx.json hash is the same, not collecting global sync generators
[NX Daemon Server] - 2025-11-11T19:02:04.729Z - Time taken for 'total execution time for createProjectGraph()' 13.829000000027008ms
[NX Daemon Server] - 2025-11-11T19:02:06.831Z - [WATCHER]: apps/browserstack-e2e/browserstack.yml was modified
[NX Daemon Server] - 2025-11-11T19:02:06.831Z - [WATCHER]: Processing file changes in outputs
[NX Daemon Server] - 2025-11-11T19:02:08.964Z - [WATCHER]: apps/browserstack-e2e/browserstack.yml was modified
[NX Daemon Server] - 2025-11-11T19:02:08.964Z - [WATCHER]: Processing file changes in outputs
[NX Daemon Server] - 2025-11-11T19:02:10.033Z - [REQUEST]: Updated workspace context based on watched changes, recomputing project graph...
[NX Daemon Server] - 2025-11-11T19:02:10.033Z - [REQUEST]: apps/browserstack-e2e/browserstack.yml
[NX Daemon Server] - 2025-11-11T19:02:10.033Z - [REQUEST]: 
[NX Daemon Server] - 2025-11-11T19:02:10.035Z - Time taken for 'hash changed files from watcher' 0.25704200007021427ms
[NX Daemon Server] - 2025-11-11T19:02:10.050Z - Time taken for 'build-project-configs' 12.707750000059605ms
[NX Daemon Server] - 2025-11-11T19:02:10.070Z - [SYNC]: collect registered sync generators
[NX Daemon Server] - 2025-11-11T19:02:10.070Z - [SYNC]: project graph hash is the same, not collecting task sync generators
[NX Daemon Server] - 2025-11-11T19:02:10.070Z - [SYNC]: nx.json hash is the same, not collecting global sync generators
[NX Daemon Server] - 2025-11-11T19:02:10.070Z - Time taken for 'total execution time for createProjectGraph()' 19.182084000087343ms
[NX Daemon Server] - 2025-11-11T19:02:13.273Z - [WATCHER]: apps/browserstack-e2e/browserstack.yml was modified
[NX Daemon Server] - 2025-11-11T19:02:13.273Z - [WATCHER]: Processing file changes in outputs
[NX Daemon Server] - 2025-11-11T19:02:17.417Z - [WATCHER]: apps/browserstack-e2e/browserstack.yml was modified
[NX Daemon Server] - 2025-11-11T19:02:17.418Z - [WATCHER]: Processing file changes in outputs
[NX Daemon Server] - 2025-11-11T19:02:19.673Z - [REQUEST]: Updated workspace context based on watched changes, recomputing project graph...
[NX Daemon Server] - 2025-11-11T19:02:19.673Z - [REQUEST]: apps/browserstack-e2e/browserstack.yml
[NX Daemon Server] - 2025-11-11T19:02:19.673Z - [REQUEST]: 
[NX Daemon Server] - 2025-11-11T19:02:19.674Z - Time taken for 'hash changed files from watcher' 0.06362500006798655ms
[NX Daemon Server] - 2025-11-11T19:02:19.681Z - Time taken for 'build-project-configs' 6.491666999994777ms
[NX Daemon Server] - 2025-11-11T19:02:19.693Z - [SYNC]: collect registered sync generators
[NX Daemon Server] - 2025-11-11T19:02:19.694Z - [SYNC]: project graph hash is the same, not collecting task sync generators
[NX Daemon Server] - 2025-11-11T19:02:19.694Z - [SYNC]: nx.json hash is the same, not collecting global sync generators
[NX Daemon Server] - 2025-11-11T19:02:19.694Z - Time taken for 'total execution time for createProjectGraph()' 10.58379199996125ms
[NX Daemon Server] - 2025-11-11T19:03:58.874Z - [WATCHER]: apps/browserstack-e2e/fixture.js was modified
[NX Daemon Server] - 2025-11-11T19:03:58.875Z - [WATCHER]: Processing file changes in outputs
[NX Daemon Server] - 2025-11-11T19:04:05.276Z - [REQUEST]: Updated workspace context based on watched changes, recomputing project graph...
[NX Daemon Server] - 2025-11-11T19:04:05.276Z - [REQUEST]: apps/browserstack-e2e/fixture.js
[NX Daemon Server] - 2025-11-11T19:04:05.276Z - [REQUEST]: 
[NX Daemon Server] - 2025-11-11T19:04:05.278Z - Time taken for 'hash changed files from watcher' 0.15824999997857958ms
[NX Daemon Server] - 2025-11-11T19:04:05.293Z - Time taken for 'build-project-configs' 13.79245800001081ms
[NX Daemon Server] - 2025-11-11T19:04:05.308Z - [SYNC]: collect registered sync generators
[NX Daemon Server] - 2025-11-11T19:04:05.308Z - [SYNC]: project graph hash is the same, not collecting task sync generators
[NX Daemon Server] - 2025-11-11T19:04:05.308Z - [SYNC]: nx.json hash is the same, not collecting global sync generators
[NX Daemon Server] - 2025-11-11T19:04:05.308Z - Time taken for 'total execution time for createProjectGraph()' 12.66800000006333ms
[NX Daemon Server] - 2025-11-11T19:04:20.985Z - [WATCHER]: apps/browserstack-e2e/fixture.js was modified
[NX Daemon Server] - 2025-11-11T19:04:20.985Z - [WATCHER]: Processing file changes in outputs
[NX Daemon Server] - 2025-11-11T19:04:26.500Z - Established a connection. Number of open connections: 1
[NX Daemon Server] - 2025-11-11T19:04:26.500Z - Closed a connection. Number of open connections: 0
[NX Daemon Server] - 2025-11-11T19:04:26.501Z - Established a connection. Number of open connections: 1
[NX Daemon Server] - 2025-11-11T19:04:26.501Z - [REQUEST]: Client Request for Project Graph Received
[NX Daemon Server] - 2025-11-11T19:04:26.501Z - [REQUEST]: Updated workspace context based on watched changes, recomputing project graph...
[NX Daemon Server] - 2025-11-11T19:04:26.501Z - [REQUEST]: apps/browserstack-e2e/fixture.js
[NX Daemon Server] - 2025-11-11T19:04:26.501Z - [REQUEST]: 
[NX Daemon Server] - 2025-11-11T19:04:26.502Z - Time taken for 'hash changed files from watcher' 0.046292000100947917ms
[NX Daemon Server] - 2025-11-11T19:04:26.510Z - Time taken for 'build-project-configs' 6.316958000068553ms
[NX Daemon Server] - 2025-11-11T19:04:26.522Z - [SYNC]: collect registered sync generators
[NX Daemon Server] - 2025-11-11T19:04:26.522Z - [SYNC]: project graph hash is the same, not collecting task sync generators
[NX Daemon Server] - 2025-11-11T19:04:26.522Z - [SYNC]: nx.json hash is the same, not collecting global sync generators
[NX Daemon Server] - 2025-11-11T19:04:26.522Z - [REQUEST]: Responding to the client. project-graph
[NX Daemon Server] - 2025-11-11T19:04:26.523Z - Time taken for 'total for creating and serializing project graph' 21.003750000032596ms
[NX Daemon Server] - 2025-11-11T19:04:26.524Z - Done responding to the client project-graph
[NX Daemon Server] - 2025-11-11T19:04:26.524Z - Handled REQUEST_PROJECT_GRAPH. Handling time: 21. Response time: 2.
[NX Daemon Server] - 2025-11-11T19:04:26.577Z - [REQUEST]: Responding to the client. handleHashTasks
[NX Daemon Server] - 2025-11-11T19:04:26.577Z - Done responding to the client handleHashTasks
[NX Daemon Server] - 2025-11-11T19:04:26.577Z - Handled HASH_TASKS. Handling time: 6. Response time: 0.
[NX Daemon Server] - 2025-11-11T19:04:26.581Z - [REQUEST]: Responding to the client. handleGetEstimatedTaskTimings
[NX Daemon Server] - 2025-11-11T19:04:26.581Z - Done responding to the client handleGetEstimatedTaskTimings
[NX Daemon Server] - 2025-11-11T19:04:26.581Z - Handled GET_ESTIMATED_TASK_TIMINGS. Handling time: 0. Response time: 0.
[NX Daemon Server] - 2025-11-11T19:04:31.212Z - [WATCHER]: Processing file changes in outputs
[NX Daemon Server] - 2025-11-11T19:04:31.213Z - [WATCHER]: 2 file(s) created or restored, 0 file(s) modified, 0 file(s) deleted
[NX Daemon Server] - 2025-11-11T19:04:31.314Z - [REQUEST]: Updated workspace context based on watched changes, recomputing project graph...
[NX Daemon Server] - 2025-11-11T19:04:31.314Z - [REQUEST]: log/usage-debug.log,log/sdk-cli-debug.log
[NX Daemon Server] - 2025-11-11T19:04:31.314Z - [REQUEST]: 
[NX Daemon Server] - 2025-11-11T19:04:31.315Z - Time taken for 'hash changed files from watcher' 0.16825000010430813ms
[NX Daemon Server] - 2025-11-11T19:04:31.324Z - Time taken for 'build-project-configs' 8.394292000099085ms
[NX Daemon Server] - 2025-11-11T19:04:31.337Z - [SYNC]: collect registered sync generators
[NX Daemon Server] - 2025-11-11T19:04:31.337Z - [SYNC]: project graph hash is the same, not collecting task sync generators
[NX Daemon Server] - 2025-11-11T19:04:31.337Z - [SYNC]: nx.json hash is the same, not collecting global sync generators
[NX Daemon Server] - 2025-11-11T19:04:31.337Z - Time taken for 'total execution time for createProjectGraph()' 10.297167000011541ms
[NX Daemon Server] - 2025-11-11T19:04:33.582Z - [WATCHER]: 2 file(s) created or restored, 1 file(s) modified, 1 file(s) deleted
[NX Daemon Server] - 2025-11-11T19:04:33.582Z - [WATCHER]: Processing file changes in outputs
[NX Daemon Server] - 2025-11-11T19:04:33.633Z - [WATCHER]: 0 file(s) created or restored, 1 file(s) modified, 1 file(s) deleted
[NX Daemon Server] - 2025-11-11T19:04:33.633Z - [WATCHER]: Processing file changes in outputs
[NX Daemon Server] - 2025-11-11T19:04:33.683Z - [REQUEST]: Updated workspace context based on watched changes, recomputing project graph...
[NX Daemon Server] - 2025-11-11T19:04:33.683Z - [REQUEST]: apps/browserstack-e2e/playwright-browserstack-sdk.config.ts,apps/browserstack-e2e/browserstackSetupConfig.json,log/key-metrics.json
[NX Daemon Server] - 2025-11-11T19:04:33.683Z - [REQUEST]: log/key-metrics.json.lock
[NX Daemon Server] - 2025-11-11T19:04:33.684Z - Time taken for 'hash changed files from watcher' 0.16975000000093132ms
[NX Daemon Server] - 2025-11-11T19:04:33.685Z - [WATCHER]: 0 file(s) created or restored, 1 file(s) modified, 1 file(s) deleted
[NX Daemon Server] - 2025-11-11T19:04:33.685Z - [WATCHER]: Processing file changes in outputs
[NX Daemon Server] - 2025-11-11T19:04:33.690Z - Time taken for 'build-project-configs' 5.788124999962747ms
[NX Daemon Server] - 2025-11-11T19:04:33.706Z - [SYNC]: collect registered sync generators
[NX Daemon Server] - 2025-11-11T19:04:33.706Z - [SYNC]: project graph hash is the same, not collecting task sync generators
[NX Daemon Server] - 2025-11-11T19:04:33.706Z - [SYNC]: nx.json hash is the same, not collecting global sync generators
[NX Daemon Server] - 2025-11-11T19:04:33.706Z - Time taken for 'total execution time for createProjectGraph()' 12.74645800003782ms
[NX Daemon Server] - 2025-11-11T19:04:33.885Z - [REQUEST]: Updated workspace context based on watched changes, recomputing project graph...
[NX Daemon Server] - 2025-11-11T19:04:33.885Z - [REQUEST]: 
[NX Daemon Server] - 2025-11-11T19:04:33.885Z - [REQUEST]: 
[NX Daemon Server] - 2025-11-11T19:04:33.886Z - Time taken for 'hash changed files from watcher' 0.028624999918974936ms
[NX Daemon Server] - 2025-11-11T19:04:33.893Z - Time taken for 'build-project-configs' 6.884083000011742ms
[NX Daemon Server] - 2025-11-11T19:04:33.906Z - [SYNC]: collect registered sync generators
[NX Daemon Server] - 2025-11-11T19:04:33.906Z - [SYNC]: project graph hash is the same, not collecting task sync generators
[NX Daemon Server] - 2025-11-11T19:04:33.906Z - [SYNC]: nx.json hash is the same, not collecting global sync generators
[NX Daemon Server] - 2025-11-11T19:04:33.906Z - Time taken for 'total execution time for createProjectGraph()' 10.507500000065193ms
[NX Daemon Server] - 2025-11-11T19:04:35.680Z - [WATCHER]: 1 file(s) created or restored, 0 file(s) modified, 1 file(s) deleted
[NX Daemon Server] - 2025-11-11T19:04:35.680Z - [WATCHER]: Processing file changes in outputs
[NX Daemon Server] - 2025-11-11T19:04:35.780Z - [REQUEST]: Updated workspace context based on watched changes, recomputing project graph...
[NX Daemon Server] - 2025-11-11T19:04:35.781Z - [REQUEST]: playwright-browserstack-sdk.config.temp.json
[NX Daemon Server] - 2025-11-11T19:04:35.781Z - [REQUEST]: test-results/.last-run.json
[NX Daemon Server] - 2025-11-11T19:04:35.781Z - Time taken for 'hash changed files from watcher' 0.08662499999627471ms
[NX Daemon Server] - 2025-11-11T19:04:35.788Z - Time taken for 'build-project-configs' 5.606499999994412ms
[NX Daemon Server] - 2025-11-11T19:04:35.797Z - [SYNC]: collect registered sync generators
[NX Daemon Server] - 2025-11-11T19:04:35.797Z - [SYNC]: project graph hash is the same, not collecting task sync generators
[NX Daemon Server] - 2025-11-11T19:04:35.797Z - [SYNC]: nx.json hash is the same, not collecting global sync generators
[NX Daemon Server] - 2025-11-11T19:04:35.797Z - Time taken for 'total execution time for createProjectGraph()' 6.585542000015266ms
[NX Daemon Server] - 2025-11-11T19:04:38.962Z - [WATCHER]: log/.obs_test_details-default/chrome@135:Windows 10@browserstack-51f8d40a272cb921b96a-49aee2ae168977f8f4dc-0.json was created or restored
[NX Daemon Server] - 2025-11-11T19:04:38.962Z - [WATCHER]: Processing file changes in outputs
[NX Daemon Server] - 2025-11-11T19:04:39.020Z - [WATCHER]: 3 file(s) created or restored, 2 file(s) modified, 1 file(s) deleted
[NX Daemon Server] - 2025-11-11T19:04:39.020Z - [WATCHER]: Processing file changes in outputs
[NX Daemon Server] - 2025-11-11T19:04:39.063Z - [REQUEST]: Updated workspace context based on watched changes, recomputing project graph...
[NX Daemon Server] - 2025-11-11T19:04:39.064Z - [REQUEST]: log/.obs_test_details-default/chrome@135:Windows 10@browserstack-51f8d40a272cb921b96a-49aee2ae168977f8f4dc-0.json,log/performance-report/performance-report-64930-0.json,test-results/.last-run.json,log/usage-debug.log,log/usage.log
[NX Daemon Server] - 2025-11-11T19:04:39.064Z - [REQUEST]: log/performance-report/performance-report-61163-0.json
[NX Daemon Server] - 2025-11-11T19:04:39.064Z - Time taken for 'hash changed files from watcher' 1.2518750000745058ms
[NX Daemon Server] - 2025-11-11T19:04:39.072Z - Time taken for 'build-project-configs' 6.992500000051223ms
[NX Daemon Server] - 2025-11-11T19:04:39.082Z - [SYNC]: collect registered sync generators
[NX Daemon Server] - 2025-11-11T19:04:39.082Z - [SYNC]: project graph hash is the same, not collecting task sync generators
[NX Daemon Server] - 2025-11-11T19:04:39.082Z - [SYNC]: nx.json hash is the same, not collecting global sync generators
[NX Daemon Server] - 2025-11-11T19:04:39.082Z - Time taken for 'total execution time for createProjectGraph()' 8.564000000013039ms
[NX Daemon Server] - 2025-11-11T19:04:41.475Z - [WATCHER]: Processing file changes in outputs
[NX Daemon Server] - 2025-11-11T19:04:41.476Z - [WATCHER]: 0 file(s) created or restored, 1 file(s) modified, 1 file(s) deleted
[NX Daemon Server] - 2025-11-11T19:04:41.675Z - [REQUEST]: Updated workspace context based on watched changes, recomputing project graph...
[NX Daemon Server] - 2025-11-11T19:04:41.675Z - [REQUEST]: log/key-metrics.json
[NX Daemon Server] - 2025-11-11T19:04:41.675Z - [REQUEST]: log/key-metrics.json.lock
[NX Daemon Server] - 2025-11-11T19:04:41.676Z - Time taken for 'hash changed files from watcher' 0.11512500001117587ms
[NX Daemon Server] - 2025-11-11T19:04:41.688Z - Time taken for 'build-project-configs' 10.239082999993116ms
[NX Daemon Server] - 2025-11-11T19:04:41.702Z - [SYNC]: collect registered sync generators
[NX Daemon Server] - 2025-11-11T19:04:41.702Z - [SYNC]: project graph hash is the same, not collecting task sync generators
[NX Daemon Server] - 2025-11-11T19:04:41.702Z - [SYNC]: nx.json hash is the same, not collecting global sync generators
[NX Daemon Server] - 2025-11-11T19:04:41.702Z - Time taken for 'total execution time for createProjectGraph()' 11.967041999916546ms
[NX Daemon Server] - 2025-11-11T19:04:42.281Z - [WATCHER]: log/.obs_test_details-default/chrome@135:Windows 10@browserstack-51f8d40a272cb921b96a-49aee2ae168977f8f4dc-0.json was deleted
[NX Daemon Server] - 2025-11-11T19:04:42.281Z - [WATCHER]: Processing file changes in outputs
[NX Daemon Server] - 2025-11-11T19:04:42.683Z - [REQUEST]: Updated workspace context based on watched changes, recomputing project graph...
[NX Daemon Server] - 2025-11-11T19:04:42.683Z - [REQUEST]: 
[NX Daemon Server] - 2025-11-11T19:04:42.683Z - [REQUEST]: log/.obs_test_details-default/chrome@135:Windows 10@browserstack-51f8d40a272cb921b96a-49aee2ae168977f8f4dc-0.json
[NX Daemon Server] - 2025-11-11T19:04:42.686Z - Time taken for 'hash changed files from watcher' 0.11037500004749745ms
[NX Daemon Server] - 2025-11-11T19:04:42.699Z - Time taken for 'build-project-configs' 13.236583000048995ms
[NX Daemon Server] - 2025-11-11T19:04:42.708Z - [SYNC]: collect registered sync generators
[NX Daemon Server] - 2025-11-11T19:04:42.709Z - [SYNC]: project graph hash is the same, not collecting task sync generators
[NX Daemon Server] - 2025-11-11T19:04:42.709Z - [SYNC]: nx.json hash is the same, not collecting global sync generators
[NX Daemon Server] - 2025-11-11T19:04:42.709Z - Time taken for 'total execution time for createProjectGraph()' 8.294625000096858ms
[NX Daemon Server] - 2025-11-11T19:04:47.299Z - [WATCHER]: 0 file(s) created or restored, 2 file(s) modified, 0 file(s) deleted
[NX Daemon Server] - 2025-11-11T19:04:47.300Z - [WATCHER]: Processing file changes in outputs
[NX Daemon Server] - 2025-11-11T19:04:47.859Z - [WATCHER]: log/bstack-logs.tar.gz was created or restored
[NX Daemon Server] - 2025-11-11T19:04:47.859Z - [WATCHER]: Processing file changes in outputs
[NX Daemon Server] - 2025-11-11T19:04:48.102Z - [REQUEST]: Updated workspace context based on watched changes, recomputing project graph...
[NX Daemon Server] - 2025-11-11T19:04:48.102Z - [REQUEST]: log/sdk-cli-debug.log,log/sdk-cli.log,log/bstack-logs.tar.gz
[NX Daemon Server] - 2025-11-11T19:04:48.102Z - [REQUEST]: 
[NX Daemon Server] - 2025-11-11T19:04:48.106Z - Time taken for 'hash changed files from watcher' 0.8516669999808073ms
[NX Daemon Server] - 2025-11-11T19:04:48.126Z - Time taken for 'build-project-configs' 20.30854100000579ms
[NX Daemon Server] - 2025-11-11T19:04:48.141Z - [SYNC]: collect registered sync generators
[NX Daemon Server] - 2025-11-11T19:04:48.141Z - [SYNC]: project graph hash is the same, not collecting task sync generators
[NX Daemon Server] - 2025-11-11T19:04:48.141Z - [SYNC]: nx.json hash is the same, not collecting global sync generators
[NX Daemon Server] - 2025-11-11T19:04:48.141Z - Time taken for 'total execution time for createProjectGraph()' 13.130375000066124ms
[NX Daemon Server] - 2025-11-11T19:04:49.703Z - [WATCHER]: 0 file(s) created or restored, 0 file(s) modified, 6 file(s) deleted
[NX Daemon Server] - 2025-11-11T19:04:49.703Z - [WATCHER]: Processing file changes in outputs
[NX Daemon Server] - 2025-11-11T19:04:49.904Z - [REQUEST]: Updated workspace context based on watched changes, recomputing project graph...
[NX Daemon Server] - 2025-11-11T19:04:49.904Z - [REQUEST]: 
[NX Daemon Server] - 2025-11-11T19:04:49.905Z - [REQUEST]: apps/browserstack-e2e/browserstackSetupConfig.json,log/bstack-logs.tar.gz,playwright-browserstack-sdk.config.temp.json,log/usage-debug.log,apps/browserstack-e2e/playwright-browserstack-sdk.config.ts,log/sdk-cli-debug.log
[NX Daemon Server] - 2025-11-11T19:04:49.906Z - Time taken for 'hash changed files from watcher' 0.09091699996497482ms
[NX Daemon Server] - 2025-11-11T19:04:49.917Z - Time taken for 'build-project-configs' 9.962416999973357ms
[NX Daemon Server] - 2025-11-11T19:04:49.929Z - [SYNC]: collect registered sync generators
[NX Daemon Server] - 2025-11-11T19:04:49.929Z - [SYNC]: project graph hash is the same, not collecting task sync generators
[NX Daemon Server] - 2025-11-11T19:04:49.929Z - [SYNC]: nx.json hash is the same, not collecting global sync generators
[NX Daemon Server] - 2025-11-11T19:04:49.929Z - Time taken for 'total execution time for createProjectGraph()' 10.405374999972992ms
[NX Daemon Server] - 2025-11-11T19:04:50.256Z - [REQUEST]: Responding to the client. recordOutputsHash
[NX Daemon Server] - 2025-11-11T19:04:50.256Z - Done responding to the client recordOutputsHash
[NX Daemon Server] - 2025-11-11T19:04:50.256Z - Handled RECORD_OUTPUTS_HASH. Handling time: 0. Response time: 0.
[NX Daemon Server] - 2025-11-11T19:04:50.260Z - [REQUEST]: Responding to the client. handleRecordTaskRuns
[NX Daemon Server] - 2025-11-11T19:04:50.260Z - Done responding to the client handleRecordTaskRuns
[NX Daemon Server] - 2025-11-11T19:04:50.260Z - Handled RECORD_TASK_RUNS. Handling time: 1. Response time: 0.
[NX Daemon Server] - 2025-11-11T19:04:50.260Z - [REQUEST]: Responding to the client. handleGetFlakyTasks
[NX Daemon Server] - 2025-11-11T19:04:50.261Z - Done responding to the client handleGetFlakyTasks
[NX Daemon Server] - 2025-11-11T19:04:50.261Z - Handled GET_FLAKY_TASKS. Handling time: 0. Response time: 1.
[NX Daemon Server] - 2025-11-11T19:04:50.302Z - [WATCHER]: 0 file(s) created or restored, 1 file(s) modified, 1 file(s) deleted
[NX Daemon Server] - 2025-11-11T19:04:50.302Z - [WATCHER]: Processing file changes in outputs
[NX Daemon Server] - 2025-11-11T19:04:50.578Z - Closed a connection. Number of open connections: 0
[NX Daemon Server] - 2025-11-11T19:04:50.703Z - [REQUEST]: Updated workspace context based on watched changes, recomputing project graph...
[NX Daemon Server] - 2025-11-11T19:04:50.703Z - [REQUEST]: log/usage.log
[NX Daemon Server] - 2025-11-11T19:04:50.703Z - [REQUEST]: log/usage-debug.log
[NX Daemon Server] - 2025-11-11T19:04:50.703Z - Time taken for 'hash changed files from watcher' 0.4959159999853ms
[NX Daemon Server] - 2025-11-11T19:04:50.709Z - Time taken for 'build-project-configs' 5.238916000002064ms
[NX Daemon Server] - 2025-11-11T19:04:50.718Z - [SYNC]: collect registered sync generators
[NX Daemon Server] - 2025-11-11T19:04:50.719Z - [SYNC]: project graph hash is the same, not collecting task sync generators
[NX Daemon Server] - 2025-11-11T19:04:50.719Z - [SYNC]: nx.json hash is the same, not collecting global sync generators
[NX Daemon Server] - 2025-11-11T19:04:50.719Z - Time taken for 'total execution time for createProjectGraph()' 6.802208000095561ms
[NX Daemon Server] - 2025-11-11T19:05:01.922Z - [WATCHER]: apps/browserstack-e2e/browserstack.yml was modified
[NX Daemon Server] - 2025-11-11T19:05:01.923Z - [WATCHER]: Processing file changes in outputs
[NX Daemon Server] - 2025-11-11T19:05:02.724Z - [REQUEST]: Updated workspace context based on watched changes, recomputing project graph...
[NX Daemon Server] - 2025-11-11T19:05:02.724Z - [REQUEST]: apps/browserstack-e2e/browserstack.yml
[NX Daemon Server] - 2025-11-11T19:05:02.724Z - [REQUEST]: 
[NX Daemon Server] - 2025-11-11T19:05:02.727Z - Time taken for 'hash changed files from watcher' 0.37958299997262657ms
[NX Daemon Server] - 2025-11-11T19:05:02.744Z - Time taken for 'build-project-configs' 15.571915999986231ms
[NX Daemon Server] - 2025-11-11T19:05:02.763Z - [SYNC]: collect registered sync generators
[NX Daemon Server] - 2025-11-11T19:05:02.763Z - [SYNC]: project graph hash is the same, not collecting task sync generators
[NX Daemon Server] - 2025-11-11T19:05:02.763Z - [SYNC]: nx.json hash is the same, not collecting global sync generators
[NX Daemon Server] - 2025-11-11T19:05:02.763Z - Time taken for 'total execution time for createProjectGraph()' 17.102707999991253ms
[NX Daemon Server] - 2025-11-11T19:06:17.656Z - [WATCHER]: apps/browserstack-e2e/browserstack.yml was modified
[NX Daemon Server] - 2025-11-11T19:06:17.657Z - [WATCHER]: Processing file changes in outputs
[NX Daemon Server] - 2025-11-11T19:06:19.261Z - [REQUEST]: Updated workspace context based on watched changes, recomputing project graph...
[NX Daemon Server] - 2025-11-11T19:06:19.261Z - [REQUEST]: apps/browserstack-e2e/browserstack.yml
[NX Daemon Server] - 2025-11-11T19:06:19.261Z - [REQUEST]: 
[NX Daemon Server] - 2025-11-11T19:06:19.263Z - Time taken for 'hash changed files from watcher' 0.4907909999601543ms
[NX Daemon Server] - 2025-11-11T19:06:19.289Z - Time taken for 'build-project-configs' 24.941749999998137ms
[NX Daemon Server] - 2025-11-11T19:06:19.314Z - [SYNC]: collect registered sync generators
[NX Daemon Server] - 2025-11-11T19:06:19.314Z - [SYNC]: project graph hash is the same, not collecting task sync generators
[NX Daemon Server] - 2025-11-11T19:06:19.315Z - [SYNC]: nx.json hash is the same, not collecting global sync generators
[NX Daemon Server] - 2025-11-11T19:06:19.315Z - Time taken for 'total execution time for createProjectGraph()' 22.721916000009514ms
[NX Daemon Server] - 2025-11-11T19:07:11.309Z - [WATCHER]: 0 file(s) created or restored, 0 file(s) modified, 5 file(s) deleted
[NX Daemon Server] - 2025-11-11T19:07:11.309Z - [WATCHER]: Processing file changes in outputs
[NX Daemon Server] - 2025-11-11T19:07:14.511Z - [REQUEST]: Updated workspace context based on watched changes, recomputing project graph...
[NX Daemon Server] - 2025-11-11T19:07:14.511Z - [REQUEST]: 
[NX Daemon Server] - 2025-11-11T19:07:14.511Z - [REQUEST]: log/usage.log,log/performance-report/performance-report-64930-0.json,log/sdk-cli.log,log/events.json,log/key-metrics.json
[NX Daemon Server] - 2025-11-11T19:07:14.514Z - Time taken for 'hash changed files from watcher' 0.17270899994764477ms
[NX Daemon Server] - 2025-11-11T19:07:14.535Z - Time taken for 'build-project-configs' 19.05220899998676ms
[NX Daemon Server] - 2025-11-11T19:07:14.557Z - [SYNC]: collect registered sync generators
[NX Daemon Server] - 2025-11-11T19:07:14.557Z - [SYNC]: project graph hash is the same, not collecting task sync generators
[NX Daemon Server] - 2025-11-11T19:07:14.557Z - [SYNC]: nx.json hash is the same, not collecting global sync generators
[NX Daemon Server] - 2025-11-11T19:07:14.557Z - Time taken for 'total execution time for createProjectGraph()' 17.631832999992184ms
[NX Daemon Server] - 2025-11-11T19:07:18.354Z - Established a connection. Number of open connections: 1
[NX Daemon Server] - 2025-11-11T19:07:18.355Z - Closed a connection. Number of open connections: 0
[NX Daemon Server] - 2025-11-11T19:07:18.355Z - Established a connection. Number of open connections: 1
[NX Daemon Server] - 2025-11-11T19:07:18.355Z - [REQUEST]: Client Request for Project Graph Received
[NX Daemon Server] - 2025-11-11T19:07:18.356Z - [REQUEST]: Responding to the client. project-graph
[NX Daemon Server] - 2025-11-11T19:07:18.356Z - Time taken for 'total for creating and serializing project graph' 0.09550000005401671ms
[NX Daemon Server] - 2025-11-11T19:07:18.357Z - Done responding to the client project-graph
[NX Daemon Server] - 2025-11-11T19:07:18.357Z - Handled REQUEST_PROJECT_GRAPH. Handling time: 1. Response time: 1.
[NX Daemon Server] - 2025-11-11T19:07:18.417Z - [REQUEST]: Responding to the client. handleHashTasks
[NX Daemon Server] - 2025-11-11T19:07:18.417Z - Done responding to the client handleHashTasks
[NX Daemon Server] - 2025-11-11T19:07:18.417Z - Handled HASH_TASKS. Handling time: 6. Response time: 0.
[NX Daemon Server] - 2025-11-11T19:07:18.422Z - [REQUEST]: Responding to the client. handleGetEstimatedTaskTimings
[NX Daemon Server] - 2025-11-11T19:07:18.422Z - Done responding to the client handleGetEstimatedTaskTimings
[NX Daemon Server] - 2025-11-11T19:07:18.422Z - Handled GET_ESTIMATED_TASK_TIMINGS. Handling time: 1. Response time: 0.
[NX Daemon Server] - 2025-11-11T19:07:22.527Z - [WATCHER]: 3 file(s) created or restored, 0 file(s) modified, 0 file(s) deleted
[NX Daemon Server] - 2025-11-11T19:07:22.527Z - [WATCHER]: Processing file changes in outputs
[NX Daemon Server] - 2025-11-11T19:07:22.628Z - [REQUEST]: Updated workspace context based on watched changes, recomputing project graph...
[NX Daemon Server] - 2025-11-11T19:07:22.628Z - [REQUEST]: log/sdk-cli-debug.log,log/usage.log,log/usage-debug.log
[NX Daemon Server] - 2025-11-11T19:07:22.628Z - [REQUEST]: 
[NX Daemon Server] - 2025-11-11T19:07:22.628Z - Time taken for 'hash changed files from watcher' 0.12183299998287112ms
[NX Daemon Server] - 2025-11-11T19:07:22.635Z - Time taken for 'build-project-configs' 5.882542000035755ms
[NX Daemon Server] - 2025-11-11T19:07:22.645Z - [SYNC]: collect registered sync generators
[NX Daemon Server] - 2025-11-11T19:07:22.646Z - [SYNC]: project graph hash is the same, not collecting task sync generators
[NX Daemon Server] - 2025-11-11T19:07:22.646Z - [SYNC]: nx.json hash is the same, not collecting global sync generators
[NX Daemon Server] - 2025-11-11T19:07:22.646Z - Time taken for 'total execution time for createProjectGraph()' 8.986124999937601ms
[NX Daemon Server] - 2025-11-11T19:07:24.118Z - [WATCHER]: log/sdk-cli.log was created or restored
[NX Daemon Server] - 2025-11-11T19:07:24.118Z - [WATCHER]: Processing file changes in outputs
[NX Daemon Server] - 2025-11-11T19:07:24.218Z - [REQUEST]: Updated workspace context based on watched changes, recomputing project graph...
[NX Daemon Server] - 2025-11-11T19:07:24.218Z - [REQUEST]: log/sdk-cli.log
[NX Daemon Server] - 2025-11-11T19:07:24.218Z - [REQUEST]: 
[NX Daemon Server] - 2025-11-11T19:07:24.219Z - Time taken for 'hash changed files from watcher' 0.054625000106170774ms
[NX Daemon Server] - 2025-11-11T19:07:24.226Z - Time taken for 'build-project-configs' 6.66945799998939ms
[NX Daemon Server] - 2025-11-11T19:07:24.237Z - [SYNC]: collect registered sync generators
[NX Daemon Server] - 2025-11-11T19:07:24.237Z - [SYNC]: project graph hash is the same, not collecting task sync generators
[NX Daemon Server] - 2025-11-11T19:07:24.237Z - [SYNC]: nx.json hash is the same, not collecting global sync generators
[NX Daemon Server] - 2025-11-11T19:07:24.237Z - Time taken for 'total execution time for createProjectGraph()' 9.198291000095196ms
[NX Daemon Server] - 2025-11-11T19:07:24.879Z - [WATCHER]: 3 file(s) created or restored, 0 file(s) modified, 1 file(s) deleted
[NX Daemon Server] - 2025-11-11T19:07:24.879Z - [WATCHER]: Processing file changes in outputs
[NX Daemon Server] - 2025-11-11T19:07:24.929Z - [WATCHER]: 1 file(s) created or restored, 0 file(s) modified, 1 file(s) deleted
[NX Daemon Server] - 2025-11-11T19:07:24.929Z - [WATCHER]: Processing file changes in outputs
[NX Daemon Server] - 2025-11-11T19:07:24.980Z - [REQUEST]: Updated workspace context based on watched changes, recomputing project graph...
[NX Daemon Server] - 2025-11-11T19:07:24.980Z - [REQUEST]: log/key-metrics.json,apps/browserstack-e2e/browserstackSetupConfig.json,apps/browserstack-e2e/playwright-browserstack-sdk.config.ts
[NX Daemon Server] - 2025-11-11T19:07:24.980Z - [REQUEST]: log/key-metrics.json.lock
[NX Daemon Server] - 2025-11-11T19:07:24.980Z - Time taken for 'hash changed files from watcher' 0.13720800005830824ms
[NX Daemon Server] - 2025-11-11T19:07:24.981Z - [WATCHER]: 1 file(s) created or restored, 0 file(s) modified, 1 file(s) deleted
[NX Daemon Server] - 2025-11-11T19:07:24.982Z - [WATCHER]: Processing file changes in outputs
[NX Daemon Server] - 2025-11-11T19:07:24.987Z - Time taken for 'build-project-configs' 5.144124999991618ms
[NX Daemon Server] - 2025-11-11T19:07:24.997Z - [SYNC]: collect registered sync generators
[NX Daemon Server] - 2025-11-11T19:07:24.997Z - [SYNC]: project graph hash is the same, not collecting task sync generators
[NX Daemon Server] - 2025-11-11T19:07:24.998Z - [SYNC]: nx.json hash is the same, not collecting global sync generators
[NX Daemon Server] - 2025-11-11T19:07:24.998Z - Time taken for 'total execution time for createProjectGraph()' 9.25883300008718ms
[NX Daemon Server] - 2025-11-11T19:07:25.083Z - [REQUEST]: Updated workspace context based on watched changes, recomputing project graph...
[NX Daemon Server] - 2025-11-11T19:07:25.083Z - [REQUEST]: 
[NX Daemon Server] - 2025-11-11T19:07:25.083Z - [REQUEST]: 
[NX Daemon Server] - 2025-11-11T19:07:25.083Z - Time taken for 'hash changed files from watcher' 0.027000000001862645ms
[NX Daemon Server] - 2025-11-11T19:07:25.093Z - Time taken for 'build-project-configs' 8.310124999959953ms
[NX Daemon Server] - 2025-11-11T19:07:25.103Z - [SYNC]: collect registered sync generators
[NX Daemon Server] - 2025-11-11T19:07:25.103Z - [SYNC]: project graph hash is the same, not collecting task sync generators
[NX Daemon Server] - 2025-11-11T19:07:25.103Z - [SYNC]: nx.json hash is the same, not collecting global sync generators
[NX Daemon Server] - 2025-11-11T19:07:25.103Z - Time taken for 'total execution time for createProjectGraph()' 7.969583000056446ms
[NX Daemon Server] - 2025-11-11T19:07:26.929Z - [WATCHER]: 1 file(s) created or restored, 0 file(s) modified, 1 file(s) deleted
[NX Daemon Server] - 2025-11-11T19:07:26.929Z - [WATCHER]: Processing file changes in outputs
[NX Daemon Server] - 2025-11-11T19:07:27.029Z - [REQUEST]: Updated workspace context based on watched changes, recomputing project graph...
[NX Daemon Server] - 2025-11-11T19:07:27.029Z - [REQUEST]: playwright-browserstack-sdk.config.temp.json
[NX Daemon Server] - 2025-11-11T19:07:27.029Z - [REQUEST]: test-results/.last-run.json
[NX Daemon Server] - 2025-11-11T19:07:27.030Z - Time taken for 'hash changed files from watcher' 0.08179200009908527ms
[NX Daemon Server] - 2025-11-11T19:07:27.040Z - Time taken for 'build-project-configs' 8.79550000000745ms
[NX Daemon Server] - 2025-11-11T19:07:27.049Z - [SYNC]: collect registered sync generators
[NX Daemon Server] - 2025-11-11T19:07:27.049Z - [SYNC]: project graph hash is the same, not collecting task sync generators
[NX Daemon Server] - 2025-11-11T19:07:27.049Z - [SYNC]: nx.json hash is the same, not collecting global sync generators
[NX Daemon Server] - 2025-11-11T19:07:27.049Z - Time taken for 'total execution time for createProjectGraph()' 7.074000000022352ms
[NX Daemon Server] - 2025-11-11T19:07:29.960Z - [WATCHER]: log/.obs_test_details-default/chrome@135:Windows 10@browserstack-51f8d40a272cb921b96a-49aee2ae168977f8f4dc-0.json was created or restored
[NX Daemon Server] - 2025-11-11T19:07:29.960Z - [WATCHER]: Processing file changes in outputs
[NX Daemon Server] - 2025-11-11T19:07:30.017Z - [WATCHER]: 3 file(s) created or restored, 2 file(s) modified, 0 file(s) deleted
[NX Daemon Server] - 2025-11-11T19:07:30.017Z - [WATCHER]: Processing file changes in outputs
[NX Daemon Server] - 2025-11-11T19:07:30.060Z - [REQUEST]: Updated workspace context based on watched changes, recomputing project graph...
[NX Daemon Server] - 2025-11-11T19:07:30.060Z - [REQUEST]: log/.obs_test_details-default/chrome@135:Windows 10@browserstack-51f8d40a272cb921b96a-49aee2ae168977f8f4dc-0.json,test-results/.last-run.json,log/performance-report/performance-report-65369-0.json,log/usage-debug.log,log/usage.log
[NX Daemon Server] - 2025-11-11T19:07:30.060Z - [REQUEST]: 
[NX Daemon Server] - 2025-11-11T19:07:30.061Z - Time taken for 'hash changed files from watcher' 0.25437499990221113ms
[NX Daemon Server] - 2025-11-11T19:07:30.068Z - Time taken for 'build-project-configs' 5.643291000043973ms
[NX Daemon Server] - 2025-11-11T19:07:30.077Z - [SYNC]: collect registered sync generators
[NX Daemon Server] - 2025-11-11T19:07:30.077Z - [SYNC]: project graph hash is the same, not collecting task sync generators
[NX Daemon Server] - 2025-11-11T19:07:30.077Z - [SYNC]: nx.json hash is the same, not collecting global sync generators
[NX Daemon Server] - 2025-11-11T19:07:30.077Z - Time taken for 'total execution time for createProjectGraph()' 7.521124999970198ms
[NX Daemon Server] - 2025-11-11T19:07:33.349Z - [WATCHER]: 0 file(s) created or restored, 1 file(s) modified, 1 file(s) deleted
[NX Daemon Server] - 2025-11-11T19:07:33.349Z - [WATCHER]: Processing file changes in outputs
[NX Daemon Server] - 2025-11-11T19:07:33.550Z - [REQUEST]: Updated workspace context based on watched changes, recomputing project graph...
[NX Daemon Server] - 2025-11-11T19:07:33.551Z - [REQUEST]: log/key-metrics.json
[NX Daemon Server] - 2025-11-11T19:07:33.551Z - [REQUEST]: log/key-metrics.json.lock
[NX Daemon Server] - 2025-11-11T19:07:33.553Z - Time taken for 'hash changed files from watcher' 0.23812499991618097ms
[NX Daemon Server] - 2025-11-11T19:07:33.568Z - Time taken for 'build-project-configs' 13.600208000047132ms
[NX Daemon Server] - 2025-11-11T19:07:33.585Z - [SYNC]: collect registered sync generators
[NX Daemon Server] - 2025-11-11T19:07:33.585Z - [SYNC]: project graph hash is the same, not collecting task sync generators
[NX Daemon Server] - 2025-11-11T19:07:33.585Z - [SYNC]: nx.json hash is the same, not collecting global sync generators
[NX Daemon Server] - 2025-11-11T19:07:33.585Z - Time taken for 'total execution time for createProjectGraph()' 14.958499999949709ms
[NX Daemon Server] - 2025-11-11T19:07:34.160Z - [WATCHER]: Processing file changes in outputs
[NX Daemon Server] - 2025-11-11T19:07:34.161Z - [WATCHER]: log/.obs_test_details-default/chrome@135:Windows 10@browserstack-51f8d40a272cb921b96a-49aee2ae168977f8f4dc-0.json was deleted
[NX Daemon Server] - 2025-11-11T19:07:34.561Z - [REQUEST]: Updated workspace context based on watched changes, recomputing project graph...
[NX Daemon Server] - 2025-11-11T19:07:34.562Z - [REQUEST]: 
[NX Daemon Server] - 2025-11-11T19:07:34.562Z - [REQUEST]: log/.obs_test_details-default/chrome@135:Windows 10@browserstack-51f8d40a272cb921b96a-49aee2ae168977f8f4dc-0.json
[NX Daemon Server] - 2025-11-11T19:07:34.565Z - Time taken for 'hash changed files from watcher' 0.2347079999744892ms
[NX Daemon Server] - 2025-11-11T19:07:34.584Z - Time taken for 'build-project-configs' 18.68599999998696ms
[NX Daemon Server] - 2025-11-11T19:07:34.603Z - [SYNC]: collect registered sync generators
[NX Daemon Server] - 2025-11-11T19:07:34.604Z - [SYNC]: project graph hash is the same, not collecting task sync generators
[NX Daemon Server] - 2025-11-11T19:07:34.604Z - [SYNC]: nx.json hash is the same, not collecting global sync generators
[NX Daemon Server] - 2025-11-11T19:07:34.604Z - Time taken for 'total execution time for createProjectGraph()' 14.12270800000988ms
[NX Daemon Server] - 2025-11-11T19:07:39.179Z - [WATCHER]: 0 file(s) created or restored, 2 file(s) modified, 0 file(s) deleted
[NX Daemon Server] - 2025-11-11T19:07:39.180Z - [WATCHER]: Processing file changes in outputs
[NX Daemon Server] - 2025-11-11T19:07:39.734Z - [WATCHER]: log/bstack-logs.tar.gz was created or restored
[NX Daemon Server] - 2025-11-11T19:07:39.734Z - [WATCHER]: Processing file changes in outputs
[NX Daemon Server] - 2025-11-11T19:07:39.982Z - [REQUEST]: Updated workspace context based on watched changes, recomputing project graph...
[NX Daemon Server] - 2025-11-11T19:07:39.983Z - [REQUEST]: log/sdk-cli-debug.log,log/sdk-cli.log,log/bstack-logs.tar.gz
[NX Daemon Server] - 2025-11-11T19:07:39.983Z - [REQUEST]: 
[NX Daemon Server] - 2025-11-11T19:07:39.987Z - Time taken for 'hash changed files from watcher' 0.9571249999571592ms
[NX Daemon Server] - 2025-11-11T19:07:40.007Z - Time taken for 'build-project-configs' 20.866167000029236ms
[NX Daemon Server] - 2025-11-11T19:07:40.024Z - [SYNC]: collect registered sync generators
[NX Daemon Server] - 2025-11-11T19:07:40.024Z - [SYNC]: project graph hash is the same, not collecting task sync generators
[NX Daemon Server] - 2025-11-11T19:07:40.024Z - [SYNC]: nx.json hash is the same, not collecting global sync generators
[NX Daemon Server] - 2025-11-11T19:07:40.024Z - Time taken for 'total execution time for createProjectGraph()' 14.132457999978215ms
[NX Daemon Server] - 2025-11-11T19:07:41.442Z - [WATCHER]: 0 file(s) created or restored, 0 file(s) modified, 6 file(s) deleted
[NX Daemon Server] - 2025-11-11T19:07:41.442Z - [WATCHER]: Processing file changes in outputs
[NX Daemon Server] - 2025-11-11T19:07:41.641Z - [REQUEST]: Updated workspace context based on watched changes, recomputing project graph...
[NX Daemon Server] - 2025-11-11T19:07:41.642Z - [REQUEST]: 
[NX Daemon Server] - 2025-11-11T19:07:41.642Z - [REQUEST]: log/bstack-logs.tar.gz,apps/browserstack-e2e/browserstackSetupConfig.json,log/sdk-cli-debug.log,playwright-browserstack-sdk.config.temp.json,log/usage-debug.log,apps/browserstack-e2e/playwright-browserstack-sdk.config.ts
[NX Daemon Server] - 2025-11-11T19:07:41.643Z - Time taken for 'hash changed files from watcher' 0.0516249998472631ms
[NX Daemon Server] - 2025-11-11T19:07:41.651Z - Time taken for 'build-project-configs' 7.249333999818191ms
[NX Daemon Server] - 2025-11-11T19:07:41.662Z - [SYNC]: collect registered sync generators
[NX Daemon Server] - 2025-11-11T19:07:41.662Z - [SYNC]: project graph hash is the same, not collecting task sync generators
[NX Daemon Server] - 2025-11-11T19:07:41.662Z - [SYNC]: nx.json hash is the same, not collecting global sync generators
[NX Daemon Server] - 2025-11-11T19:07:41.662Z - Time taken for 'total execution time for createProjectGraph()' 9.506208000006154ms
[NX Daemon Server] - 2025-11-11T19:07:42.124Z - [REQUEST]: Responding to the client. recordOutputsHash
[NX Daemon Server] - 2025-11-11T19:07:42.124Z - Done responding to the client recordOutputsHash
[NX Daemon Server] - 2025-11-11T19:07:42.124Z - Handled RECORD_OUTPUTS_HASH. Handling time: 0. Response time: 0.
[NX Daemon Server] - 2025-11-11T19:07:42.127Z - [REQUEST]: Responding to the client. handleRecordTaskRuns
[NX Daemon Server] - 2025-11-11T19:07:42.127Z - Done responding to the client handleRecordTaskRuns
[NX Daemon Server] - 2025-11-11T19:07:42.127Z - Handled RECORD_TASK_RUNS. Handling time: 1. Response time: 0.
[NX Daemon Server] - 2025-11-11T19:07:42.127Z - [REQUEST]: Responding to the client. handleGetFlakyTasks
[NX Daemon Server] - 2025-11-11T19:07:42.127Z - Done responding to the client handleGetFlakyTasks
[NX Daemon Server] - 2025-11-11T19:07:42.127Z - Handled GET_FLAKY_TASKS. Handling time: 0. Response time: 0.
[NX Daemon Server] - 2025-11-11T19:07:42.175Z - [WATCHER]: 0 file(s) created or restored, 1 file(s) modified, 1 file(s) deleted
[NX Daemon Server] - 2025-11-11T19:07:42.175Z - [WATCHER]: Processing file changes in outputs
[NX Daemon Server] - 2025-11-11T19:07:42.400Z - Closed a connection. Number of open connections: 0
[NX Daemon Server] - 2025-11-11T19:07:42.576Z - [REQUEST]: Updated workspace context based on watched changes, recomputing project graph...
[NX Daemon Server] - 2025-11-11T19:07:42.576Z - [REQUEST]: log/usage.log
[NX Daemon Server] - 2025-11-11T19:07:42.576Z - [REQUEST]: log/usage-debug.log
[NX Daemon Server] - 2025-11-11T19:07:42.576Z - Time taken for 'hash changed files from watcher' 0.07329199998639524ms
[NX Daemon Server] - 2025-11-11T19:07:42.584Z - Time taken for 'build-project-configs' 6.412708000047132ms
[NX Daemon Server] - 2025-11-11T19:07:42.595Z - [SYNC]: collect registered sync generators
[NX Daemon Server] - 2025-11-11T19:07:42.596Z - [SYNC]: project graph hash is the same, not collecting task sync generators
[NX Daemon Server] - 2025-11-11T19:07:42.596Z - [SYNC]: nx.json hash is the same, not collecting global sync generators
[NX Daemon Server] - 2025-11-11T19:07:42.596Z - Time taken for 'total execution time for createProjectGraph()' 10.198499999940395ms
[NX Daemon Server] - 2025-11-11T19:08:20.128Z - [WATCHER]: apps/browserstack-e2e/tests/executors/playwright/playwright.ts was modified
[NX Daemon Server] - 2025-11-11T19:08:20.129Z - [WATCHER]: Processing file changes in outputs
[NX Daemon Server] - 2025-11-11T19:08:20.930Z - [REQUEST]: Updated workspace context based on watched changes, recomputing project graph...
[NX Daemon Server] - 2025-11-11T19:08:20.930Z - [REQUEST]: apps/browserstack-e2e/tests/executors/playwright/playwright.ts
[NX Daemon Server] - 2025-11-11T19:08:20.930Z - [REQUEST]: 
[NX Daemon Server] - 2025-11-11T19:08:20.932Z - Time taken for 'hash changed files from watcher' 0.34487500018440187ms
[NX Daemon Server] - 2025-11-11T19:08:20.952Z - Time taken for 'build-project-configs' 18.095916000194848ms
[NX Daemon Server] - 2025-11-11T19:08:20.970Z - [SYNC]: collect registered sync generators
[NX Daemon Server] - 2025-11-11T19:08:20.970Z - [SYNC]: project graph hash is the same, not collecting task sync generators
[NX Daemon Server] - 2025-11-11T19:08:20.970Z - [SYNC]: nx.json hash is the same, not collecting global sync generators
[NX Daemon Server] - 2025-11-11T19:08:20.970Z - Time taken for 'total execution time for createProjectGraph()' 15.169332999968901ms
[NX Daemon Server] - 2025-11-11T19:08:43.315Z - Established a connection. Number of open connections: 1
[NX Daemon Server] - 2025-11-11T19:08:43.315Z - Closed a connection. Number of open connections: 0
[NX Daemon Server] - 2025-11-11T19:08:43.315Z - Established a connection. Number of open connections: 1
[NX Daemon Server] - 2025-11-11T19:08:43.316Z - [REQUEST]: Client Request for Project Graph Received
[NX Daemon Server] - 2025-11-11T19:08:43.316Z - [REQUEST]: Responding to the client. project-graph
[NX Daemon Server] - 2025-11-11T19:08:43.317Z - Time taken for 'total for creating and serializing project graph' 0.12283300003036857ms
[NX Daemon Server] - 2025-11-11T19:08:43.318Z - Done responding to the client project-graph
[NX Daemon Server] - 2025-11-11T19:08:43.318Z - Handled REQUEST_PROJECT_GRAPH. Handling time: 0. Response time: 2.
[NX Daemon Server] - 2025-11-11T19:08:43.374Z - [REQUEST]: Responding to the client. handleHashTasks
[NX Daemon Server] - 2025-11-11T19:08:43.374Z - Done responding to the client handleHashTasks
[NX Daemon Server] - 2025-11-11T19:08:43.374Z - Handled HASH_TASKS. Handling time: 8. Response time: 0.
[NX Daemon Server] - 2025-11-11T19:08:43.378Z - [REQUEST]: Responding to the client. handleGetEstimatedTaskTimings
[NX Daemon Server] - 2025-11-11T19:08:43.378Z - Done responding to the client handleGetEstimatedTaskTimings
[NX Daemon Server] - 2025-11-11T19:08:43.378Z - Handled GET_ESTIMATED_TASK_TIMINGS. Handling time: 0. Response time: 0.
[NX Daemon Server] - 2025-11-11T19:08:46.541Z - [WATCHER]: test-results/.last-run.json was deleted
[NX Daemon Server] - 2025-11-11T19:08:46.542Z - [WATCHER]: Processing file changes in outputs
[NX Daemon Server] - 2025-11-11T19:08:46.642Z - [REQUEST]: Updated workspace context based on watched changes, recomputing project graph...
[NX Daemon Server] - 2025-11-11T19:08:46.642Z - [REQUEST]: 
[NX Daemon Server] - 2025-11-11T19:08:46.642Z - [REQUEST]: test-results/.last-run.json
[NX Daemon Server] - 2025-11-11T19:08:46.642Z - Time taken for 'hash changed files from watcher' 0.04099999996833503ms
[NX Daemon Server] - 2025-11-11T19:08:46.652Z - Time taken for 'build-project-configs' 8.244834000011906ms
[NX Daemon Server] - 2025-11-11T19:08:46.666Z - [SYNC]: collect registered sync generators
[NX Daemon Server] - 2025-11-11T19:08:46.666Z - [SYNC]: project graph hash is the same, not collecting task sync generators
[NX Daemon Server] - 2025-11-11T19:08:46.666Z - [SYNC]: nx.json hash is the same, not collecting global sync generators
[NX Daemon Server] - 2025-11-11T19:08:46.666Z - Time taken for 'total execution time for createProjectGraph()' 10.803624999942258ms
[NX Daemon Server] - 2025-11-11T19:08:48.498Z - [REQUEST]: Responding to the client. recordOutputsHash
[NX Daemon Server] - 2025-11-11T19:08:48.498Z - Done responding to the client recordOutputsHash
[NX Daemon Server] - 2025-11-11T19:08:48.498Z - Handled RECORD_OUTPUTS_HASH. Handling time: 0. Response time: 0.
[NX Daemon Server] - 2025-11-11T19:08:48.501Z - [REQUEST]: Responding to the client. handleRecordTaskRuns
[NX Daemon Server] - 2025-11-11T19:08:48.501Z - Done responding to the client handleRecordTaskRuns
[NX Daemon Server] - 2025-11-11T19:08:48.501Z - Handled RECORD_TASK_RUNS. Handling time: 1. Response time: 0.
[NX Daemon Server] - 2025-11-11T19:08:48.501Z - [REQUEST]: Responding to the client. handleGetFlakyTasks
[NX Daemon Server] - 2025-11-11T19:08:48.501Z - Done responding to the client handleGetFlakyTasks
[NX Daemon Server] - 2025-11-11T19:08:48.501Z - Handled GET_FLAKY_TASKS. Handling time: 0. Response time: 0.
[NX Daemon Server] - 2025-11-11T19:08:48.541Z - [WATCHER]: test-results/.last-run.json was created or restored
[NX Daemon Server] - 2025-11-11T19:08:48.541Z - [WATCHER]: Processing file changes in outputs
[NX Daemon Server] - 2025-11-11T19:08:48.642Z - [REQUEST]: Updated workspace context based on watched changes, recomputing project graph...
[NX Daemon Server] - 2025-11-11T19:08:48.642Z - [REQUEST]: test-results/.last-run.json
[NX Daemon Server] - 2025-11-11T19:08:48.642Z - [REQUEST]: 
[NX Daemon Server] - 2025-11-11T19:08:48.643Z - Time taken for 'hash changed files from watcher' 0.07508399989455938ms
[NX Daemon Server] - 2025-11-11T19:08:48.651Z - Time taken for 'build-project-configs' 7.1771249999292195ms
[NX Daemon Server] - 2025-11-11T19:08:48.663Z - [SYNC]: collect registered sync generators
[NX Daemon Server] - 2025-11-11T19:08:48.663Z - [SYNC]: project graph hash is the same, not collecting task sync generators
[NX Daemon Server] - 2025-11-11T19:08:48.663Z - [SYNC]: nx.json hash is the same, not collecting global sync generators
[NX Daemon Server] - 2025-11-11T19:08:48.663Z - Time taken for 'total execution time for createProjectGraph()' 9.38925000000745ms
[NX Daemon Server] - 2025-11-11T19:08:48.758Z - Closed a connection. Number of open connections: 0
[NX Daemon Server] - 2025-11-11T19:09:23.538Z - [WATCHER]: apps/browserstack-e2e/fixture.js was modified
[NX Daemon Server] - 2025-11-11T19:09:23.539Z - [WATCHER]: Processing file changes in outputs
[NX Daemon Server] - 2025-11-11T19:09:23.740Z - [REQUEST]: Updated workspace context based on watched changes, recomputing project graph...
[NX Daemon Server] - 2025-11-11T19:09:23.740Z - [REQUEST]: apps/browserstack-e2e/fixture.js
[NX Daemon Server] - 2025-11-11T19:09:23.740Z - [REQUEST]: 
[NX Daemon Server] - 2025-11-11T19:09:23.742Z - Time taken for 'hash changed files from watcher' 0.18887499999254942ms
[NX Daemon Server] - 2025-11-11T19:09:23.758Z - Time taken for 'build-project-configs' 13.663915999932215ms
[NX Daemon Server] - 2025-11-11T19:09:23.776Z - [SYNC]: collect registered sync generators
[NX Daemon Server] - 2025-11-11T19:09:23.776Z - [SYNC]: project graph hash is the same, not collecting task sync generators
[NX Daemon Server] - 2025-11-11T19:09:23.776Z - [SYNC]: nx.json hash is the same, not collecting global sync generators
[NX Daemon Server] - 2025-11-11T19:09:23.776Z - Time taken for 'total execution time for createProjectGraph()' 17.043957999907434ms
[NX Daemon Server] - 2025-11-11T19:09:49.305Z - [WATCHER]: chrome-headless-shell/142.0.7444.61-chrome-headless-shell-mac-arm64.zip was created or restored
[NX Daemon Server] - 2025-11-11T19:09:49.306Z - [WATCHER]: Processing file changes in outputs
[NX Daemon Server] - 2025-11-11T19:09:49.407Z - [REQUEST]: Updated workspace context based on watched changes, recomputing project graph...
[NX Daemon Server] - 2025-11-11T19:09:49.407Z - [REQUEST]: chrome-headless-shell/142.0.7444.61-chrome-headless-shell-mac-arm64.zip
[NX Daemon Server] - 2025-11-11T19:09:49.407Z - [REQUEST]: 
[NX Daemon Server] - 2025-11-11T19:09:49.408Z - Time taken for 'hash changed files from watcher' 0.17537500010803342ms
[NX Daemon Server] - 2025-11-11T19:09:49.426Z - Time taken for 'build-project-configs' 16.513999999966472ms
[NX Daemon Server] - 2025-11-11T19:09:49.436Z - [SYNC]: collect registered sync generators
[NX Daemon Server] - 2025-11-11T19:09:49.437Z - [SYNC]: project graph hash is the same, not collecting task sync generators
[NX Daemon Server] - 2025-11-11T19:09:49.437Z - [SYNC]: nx.json hash is the same, not collecting global sync generators
[NX Daemon Server] - 2025-11-11T19:09:49.437Z - Time taken for 'total execution time for createProjectGraph()' 9.314125000033528ms
[NX Daemon Server] - 2025-11-11T19:10:09.623Z - [WATCHER]: 5 file(s) created or restored, 1 file(s) modified, 0 file(s) deleted
[NX Daemon Server] - 2025-11-11T19:10:09.623Z - [WATCHER]: Processing file changes in outputs
[NX Daemon Server] - 2025-11-11T19:10:09.792Z - [REQUEST]: Updated workspace context based on watched changes, recomputing project graph...
[NX Daemon Server] - 2025-11-11T19:10:09.792Z - [REQUEST]: chrome-headless-shell/mac_arm-142.0.7444.61/chrome-headless-shell-mac-arm64/PrivacySandboxAttestationsPreloaded/manifest.json,chrome-headless-shell/mac_arm-142.0.7444.61/chrome-headless-shell-mac-arm64/ABOUT,chrome-headless-shell/mac_arm-142.0.7444.61/chrome-headless-shell-mac-arm64/LICENSE.headless_shell,chrome-headless-shell/mac_arm-142.0.7444.61/chrome-headless-shell-mac-arm64/chrome-headless-shell,chrome-headless-shell/mac_arm-142.0.7444.61/chrome-headless-shell-mac-arm64/PrivacySandboxAttestationsPreloaded/privacy-sandbox-attestations.dat,chrome-headless-shell/142.0.7444.61-chrome-headless-shell-mac-arm64.zip
[NX Daemon Server] - 2025-11-11T19:10:09.792Z - [REQUEST]: 
[NX Daemon Server] - 2025-11-11T19:10:09.793Z - Time taken for 'hash changed files from watcher' 68.66541599994525ms
[NX Daemon Server] - 2025-11-11T19:10:09.808Z - Time taken for 'build-project-configs' 13.340874999994412ms
[NX Daemon Server] - 2025-11-11T19:10:09.822Z - [SYNC]: collect registered sync generators
[NX Daemon Server] - 2025-11-11T19:10:09.822Z - [SYNC]: project graph hash is the same, not collecting task sync generators
[NX Daemon Server] - 2025-11-11T19:10:09.822Z - [SYNC]: nx.json hash is the same, not collecting global sync generators
[NX Daemon Server] - 2025-11-11T19:10:09.822Z - Time taken for 'total execution time for createProjectGraph()' 11.933791999937966ms
[NX Daemon Server] - 2025-11-11T19:10:10.271Z - [WATCHER]: Processing file changes in outputs
[NX Daemon Server] - 2025-11-11T19:10:10.272Z - [WATCHER]: 6 file(s) created or restored, 1 file(s) modified, 0 file(s) deleted
[NX Daemon Server] - 2025-11-11T19:10:10.347Z - [WATCHER]: Processing file changes in outputs
[NX Daemon Server] - 2025-11-11T19:10:10.348Z - [WATCHER]: 2 file(s) created or restored, 0 file(s) modified, 0 file(s) deleted
[NX Daemon Server] - 2025-11-11T19:10:10.411Z - [REQUEST]: Updated workspace context based on watched changes, recomputing project graph...
[NX Daemon Server] - 2025-11-11T19:10:10.411Z - [REQUEST]: chrome-headless-shell/mac_arm-142.0.7444.61/chrome-headless-shell-mac-arm64/libEGL.dylib,chrome-headless-shell/mac_arm-142.0.7444.61/chrome-headless-shell-mac-arm64/libGLESv2.dylib,chrome-headless-shell/mac_arm-142.0.7444.61/chrome-headless-shell-mac-arm64/icudtl.dat,chrome-headless-shell/mac_arm-142.0.7444.61/chrome-headless-shell-mac-arm64/headless_command_resources.pak,chrome-headless-shell/mac_arm-142.0.7444.61/chrome-headless-shell-mac-arm64/headless_lib_data.pak,chrome-headless-shell/mac_arm-142.0.7444.61/chrome-headless-shell-mac-arm64/headless_lib_strings.pak,chrome-headless-shell/mac_arm-142.0.7444.61/chrome-headless-shell-mac-arm64/chrome-headless-shell,chrome-headless-shell/mac_arm-142.0.7444.61/chrome-headless-shell-mac-arm64/libvk_swiftshader.dylib
[NX Daemon Server] - 2025-11-11T19:10:10.411Z - [REQUEST]: 
[NX Daemon Server] - 2025-11-11T19:10:10.413Z - [WATCHER]: 7 file(s) created or restored, 0 file(s) modified, 1 file(s) deleted
[NX Daemon Server] - 2025-11-11T19:10:10.413Z - [WATCHER]: Processing file changes in outputs
[NX Daemon Server] - 2025-11-11T19:10:10.413Z - Time taken for 'hash changed files from watcher' 39.84349999995902ms
[NX Daemon Server] - 2025-11-11T19:10:10.420Z - Time taken for 'build-project-configs' 6.480999999912456ms
[NX Daemon Server] - 2025-11-11T19:10:10.433Z - [SYNC]: collect registered sync generators
[NX Daemon Server] - 2025-11-11T19:10:10.434Z - [SYNC]: project graph hash is the same, not collecting task sync generators
[NX Daemon Server] - 2025-11-11T19:10:10.434Z - [SYNC]: nx.json hash is the same, not collecting global sync generators
[NX Daemon Server] - 2025-11-11T19:10:10.434Z - Time taken for 'total execution time for createProjectGraph()' 11.729832999873906ms
[NX Daemon Server] - 2025-11-11T19:10:10.514Z - [REQUEST]: Updated workspace context based on watched changes, recomputing project graph...
[NX Daemon Server] - 2025-11-11T19:10:10.514Z - [REQUEST]: 
[NX Daemon Server] - 2025-11-11T19:10:10.514Z - [REQUEST]: 
[NX Daemon Server] - 2025-11-11T19:10:10.515Z - Time taken for 'hash changed files from watcher' 0.0409580001141876ms
[NX Daemon Server] - 2025-11-11T19:10:10.522Z - Time taken for 'build-project-configs' 6.807624999899417ms
[NX Daemon Server] - 2025-11-11T19:10:10.533Z - [SYNC]: collect registered sync generators
[NX Daemon Server] - 2025-11-11T19:10:10.533Z - [SYNC]: project graph hash is the same, not collecting task sync generators
[NX Daemon Server] - 2025-11-11T19:10:10.533Z - [SYNC]: nx.json hash is the same, not collecting global sync generators
[NX Daemon Server] - 2025-11-11T19:10:10.533Z - Time taken for 'total execution time for createProjectGraph()' 8.634583000093699ms
[NX Daemon Server] - 2025-11-11T19:10:33.556Z - Established a connection. Number of open connections: 1
[NX Daemon Server] - 2025-11-11T19:10:33.557Z - Established a connection. Number of open connections: 2
[NX Daemon Server] - 2025-11-11T19:10:33.557Z - Closed a connection. Number of open connections: 1
[NX Daemon Server] - 2025-11-11T19:10:33.557Z - [REQUEST]: Client Request for Project Graph Received
[NX Daemon Server] - 2025-11-11T19:10:33.558Z - [REQUEST]: Responding to the client. project-graph
[NX Daemon Server] - 2025-11-11T19:10:33.558Z - Time taken for 'total for creating and serializing project graph' 0.1802499999757856ms
[NX Daemon Server] - 2025-11-11T19:10:33.559Z - Done responding to the client project-graph
[NX Daemon Server] - 2025-11-11T19:10:33.559Z - Handled REQUEST_PROJECT_GRAPH. Handling time: 1. Response time: 1.
[NX Daemon Server] - 2025-11-11T19:10:33.607Z - [REQUEST]: Responding to the client. handleHashTasks
[NX Daemon Server] - 2025-11-11T19:10:33.608Z - Done responding to the client handleHashTasks
[NX Daemon Server] - 2025-11-11T19:10:33.608Z - Handled HASH_TASKS. Handling time: 7. Response time: 1.
[NX Daemon Server] - 2025-11-11T19:10:33.612Z - [REQUEST]: Responding to the client. handleGetEstimatedTaskTimings
[NX Daemon Server] - 2025-11-11T19:10:33.612Z - Done responding to the client handleGetEstimatedTaskTimings
[NX Daemon Server] - 2025-11-11T19:10:33.612Z - Handled GET_ESTIMATED_TASK_TIMINGS. Handling time: 0. Response time: 0.
[NX Daemon Server] - 2025-11-11T19:10:34.281Z - [WATCHER]: apps/browserstack-e2e/tests/executors/playwright/playwright.ts was modified
[NX Daemon Server] - 2025-11-11T19:10:34.281Z - [WATCHER]: Processing file changes in outputs
[NX Daemon Server] - 2025-11-11T19:10:34.382Z - [REQUEST]: Updated workspace context based on watched changes, recomputing project graph...
[NX Daemon Server] - 2025-11-11T19:10:34.382Z - [REQUEST]: apps/browserstack-e2e/tests/executors/playwright/playwright.ts
[NX Daemon Server] - 2025-11-11T19:10:34.382Z - [REQUEST]: 
[NX Daemon Server] - 2025-11-11T19:10:34.383Z - Time taken for 'hash changed files from watcher' 0.07266699988394976ms
[NX Daemon Server] - 2025-11-11T19:10:34.396Z - Time taken for 'build-project-configs' 12.443375000031665ms
[NX Daemon Server] - 2025-11-11T19:10:34.409Z - [SYNC]: collect registered sync generators
[NX Daemon Server] - 2025-11-11T19:10:34.409Z - [SYNC]: project graph hash is the same, not collecting task sync generators
[NX Daemon Server] - 2025-11-11T19:10:34.409Z - [SYNC]: nx.json hash is the same, not collecting global sync generators
[NX Daemon Server] - 2025-11-11T19:10:34.409Z - Time taken for 'total execution time for createProjectGraph()' 9.565166999818757ms
[NX Daemon Server] - 2025-11-11T19:10:36.356Z - [WATCHER]: apps/browserstack-e2e/fixture.js was modified
[NX Daemon Server] - 2025-11-11T19:10:36.356Z - [WATCHER]: Processing file changes in outputs
[NX Daemon Server] - 2025-11-11T19:10:36.556Z - [REQUEST]: Updated workspace context based on watched changes, recomputing project graph...
[NX Daemon Server] - 2025-11-11T19:10:36.556Z - [REQUEST]: apps/browserstack-e2e/fixture.js
[NX Daemon Server] - 2025-11-11T19:10:36.556Z - [REQUEST]: 
[NX Daemon Server] - 2025-11-11T19:10:36.557Z - Time taken for 'hash changed files from watcher' 0.23416700004599988ms
[NX Daemon Server] - 2025-11-11T19:10:36.563Z - Time taken for 'build-project-configs' 5.833333000075072ms
[NX Daemon Server] - 2025-11-11T19:10:36.575Z - [SYNC]: collect registered sync generators
[NX Daemon Server] - 2025-11-11T19:10:36.575Z - [SYNC]: project graph hash is the same, not collecting task sync generators
[NX Daemon Server] - 2025-11-11T19:10:36.575Z - [SYNC]: nx.json hash is the same, not collecting global sync generators
[NX Daemon Server] - 2025-11-11T19:10:36.575Z - Time taken for 'total execution time for createProjectGraph()' 8.810250000096858ms
[NX Daemon Server] - 2025-11-11T19:10:37.291Z - [WATCHER]: test-results/.last-run.json was deleted
[NX Daemon Server] - 2025-11-11T19:10:37.291Z - [WATCHER]: Processing file changes in outputs
[NX Daemon Server] - 2025-11-11T19:10:37.691Z - [REQUEST]: Updated workspace context based on watched changes, recomputing project graph...
[NX Daemon Server] - 2025-11-11T19:10:37.691Z - [REQUEST]: 
[NX Daemon Server] - 2025-11-11T19:10:37.691Z - [REQUEST]: test-results/.last-run.json
[NX Daemon Server] - 2025-11-11T19:10:37.692Z - Time taken for 'hash changed files from watcher' 0.06300000008195639ms
[NX Daemon Server] - 2025-11-11T19:10:37.701Z - Time taken for 'build-project-configs' 7.201207999838516ms
[NX Daemon Server] - 2025-11-11T19:10:37.713Z - [SYNC]: collect registered sync generators
[NX Daemon Server] - 2025-11-11T19:10:37.713Z - [SYNC]: project graph hash is the same, not collecting task sync generators
[NX Daemon Server] - 2025-11-11T19:10:37.713Z - [SYNC]: nx.json hash is the same, not collecting global sync generators
[NX Daemon Server] - 2025-11-11T19:10:37.713Z - Time taken for 'total execution time for createProjectGraph()' 10.399833000032231ms
[NX Daemon Server] - 2025-11-11T19:11:09.217Z - [REQUEST]: Responding to the client. recordOutputsHash
[NX Daemon Server] - 2025-11-11T19:11:09.217Z - Done responding to the client recordOutputsHash
[NX Daemon Server] - 2025-11-11T19:11:09.217Z - Handled RECORD_OUTPUTS_HASH. Handling time: 0. Response time: 1.
[NX Daemon Server] - 2025-11-11T19:11:09.219Z - [REQUEST]: Responding to the client. handleRecordTaskRuns
[NX Daemon Server] - 2025-11-11T19:11:09.219Z - Done responding to the client handleRecordTaskRuns
[NX Daemon Server] - 2025-11-11T19:11:09.219Z - Handled RECORD_TASK_RUNS. Handling time: 0. Response time: 0.
[NX Daemon Server] - 2025-11-11T19:11:09.220Z - [REQUEST]: Responding to the client. handleGetFlakyTasks
[NX Daemon Server] - 2025-11-11T19:11:09.220Z - Done responding to the client handleGetFlakyTasks
[NX Daemon Server] - 2025-11-11T19:11:09.220Z - Handled GET_FLAKY_TASKS. Handling time: 0. Response time: 0.
[NX Daemon Server] - 2025-11-11T19:11:09.252Z - [WATCHER]: Processing file changes in outputs
[NX Daemon Server] - 2025-11-11T19:11:09.252Z - [WATCHER]: test-results/.last-run.json was created or restored
[NX Daemon Server] - 2025-11-11T19:11:09.352Z - [REQUEST]: Updated workspace context based on watched changes, recomputing project graph...
[NX Daemon Server] - 2025-11-11T19:11:09.352Z - [REQUEST]: test-results/.last-run.json
[NX Daemon Server] - 2025-11-11T19:11:09.352Z - [REQUEST]: 
[NX Daemon Server] - 2025-11-11T19:11:09.354Z - Time taken for 'hash changed files from watcher' 0.1705829999409616ms
[NX Daemon Server] - 2025-11-11T19:11:09.368Z - Time taken for 'build-project-configs' 13.055542000103742ms
[NX Daemon Server] - 2025-11-11T19:11:09.410Z - [SYNC]: collect registered sync generators
[NX Daemon Server] - 2025-11-11T19:11:09.410Z - [SYNC]: project graph hash is the same, not collecting task sync generators
[NX Daemon Server] - 2025-11-11T19:11:09.411Z - [SYNC]: nx.json hash is the same, not collecting global sync generators
[NX Daemon Server] - 2025-11-11T19:11:09.411Z - Time taken for 'total execution time for createProjectGraph()' 34.04270899994299ms
[NX Daemon Server] - 2025-11-11T19:11:09.642Z - Closed a connection. Number of open connections: 0
[NX Daemon Server] - 2025-11-11T19:11:33.054Z - [WATCHER]: apps/browserstack-e2e/tests/executors/playwright/playwright.ts was modified
[NX Daemon Server] - 2025-11-11T19:11:33.054Z - [WATCHER]: Processing file changes in outputs
[NX Daemon Server] - 2025-11-11T19:11:33.255Z - [REQUEST]: Updated workspace context based on watched changes, recomputing project graph...
[NX Daemon Server] - 2025-11-11T19:11:33.255Z - [REQUEST]: apps/browserstack-e2e/tests/executors/playwright/playwright.ts
[NX Daemon Server] - 2025-11-11T19:11:33.255Z - [REQUEST]: 
[NX Daemon Server] - 2025-11-11T19:11:33.257Z - Time taken for 'hash changed files from watcher' 0.16658399999141693ms
[NX Daemon Server] - 2025-11-11T19:11:33.270Z - Time taken for 'build-project-configs' 12.544915999984369ms
[NX Daemon Server] - 2025-11-11T19:11:33.287Z - [SYNC]: collect registered sync generators
[NX Daemon Server] - 2025-11-11T19:11:33.287Z - [SYNC]: project graph hash is the same, not collecting task sync generators
[NX Daemon Server] - 2025-11-11T19:11:33.287Z - [SYNC]: nx.json hash is the same, not collecting global sync generators
[NX Daemon Server] - 2025-11-11T19:11:33.287Z - Time taken for 'total execution time for createProjectGraph()' 13.609458999941126ms
[NX Daemon Server] - 2025-11-11T19:11:35.180Z - [WATCHER]: apps/browserstack-e2e/tests/executors/playwright/playwright.ts was modified
[NX Daemon Server] - 2025-11-11T19:11:35.180Z - [WATCHER]: Processing file changes in outputs
[NX Daemon Server] - 2025-11-11T19:11:35.581Z - [REQUEST]: Updated workspace context based on watched changes, recomputing project graph...
[NX Daemon Server] - 2025-11-11T19:11:35.581Z - [REQUEST]: apps/browserstack-e2e/tests/executors/playwright/playwright.ts
[NX Daemon Server] - 2025-11-11T19:11:35.581Z - [REQUEST]: 
[NX Daemon Server] - 2025-11-11T19:11:35.584Z - Time taken for 'hash changed files from watcher' 0.31825000001117587ms
[NX Daemon Server] - 2025-11-11T19:11:35.601Z - Time taken for 'build-project-configs' 15.959249999839813ms
[NX Daemon Server] - 2025-11-11T19:11:35.619Z - [SYNC]: collect registered sync generators
[NX Daemon Server] - 2025-11-11T19:11:35.619Z - [SYNC]: project graph hash is the same, not collecting task sync generators
[NX Daemon Server] - 2025-11-11T19:11:35.619Z - [SYNC]: nx.json hash is the same, not collecting global sync generators
[NX Daemon Server] - 2025-11-11T19:11:35.619Z - Time taken for 'total execution time for createProjectGraph()' 14.851792000001296ms
[NX Daemon Server] - 2025-11-11T19:11:37.086Z - Established a connection. Number of open connections: 1
[NX Daemon Server] - 2025-11-11T19:11:37.086Z - Closed a connection. Number of open connections: 0
[NX Daemon Server] - 2025-11-11T19:11:37.087Z - Established a connection. Number of open connections: 1
[NX Daemon Server] - 2025-11-11T19:11:37.087Z - [REQUEST]: Client Request for Project Graph Received
[NX Daemon Server] - 2025-11-11T19:11:37.087Z - [REQUEST]: Responding to the client. project-graph
[NX Daemon Server] - 2025-11-11T19:11:37.088Z - Time taken for 'total for creating and serializing project graph' 0.11037499993108213ms
[NX Daemon Server] - 2025-11-11T19:11:37.089Z - Done responding to the client project-graph
[NX Daemon Server] - 2025-11-11T19:11:37.089Z - Handled REQUEST_PROJECT_GRAPH. Handling time: 0. Response time: 2.
[NX Daemon Server] - 2025-11-11T19:11:37.147Z - [REQUEST]: Responding to the client. handleHashTasks
[NX Daemon Server] - 2025-11-11T19:11:37.147Z - Done responding to the client handleHashTasks
[NX Daemon Server] - 2025-11-11T19:11:37.147Z - Handled HASH_TASKS. Handling time: 7. Response time: 0.
[NX Daemon Server] - 2025-11-11T19:11:37.151Z - [REQUEST]: Responding to the client. handleGetEstimatedTaskTimings
[NX Daemon Server] - 2025-11-11T19:11:37.151Z - Done responding to the client handleGetEstimatedTaskTimings
[NX Daemon Server] - 2025-11-11T19:11:37.151Z - Handled GET_ESTIMATED_TASK_TIMINGS. Handling time: 0. Response time: 0.
[NX Daemon Server] - 2025-11-11T19:11:41.875Z - [WATCHER]: Processing file changes in outputs
[NX Daemon Server] - 2025-11-11T19:11:41.876Z - [WATCHER]: 2 file(s) created or restored, 0 file(s) modified, 0 file(s) deleted
[NX Daemon Server] - 2025-11-11T19:11:41.976Z - [REQUEST]: Updated workspace context based on watched changes, recomputing project graph...
[NX Daemon Server] - 2025-11-11T19:11:41.976Z - [REQUEST]: log/usage-debug.log,log/sdk-cli-debug.log
[NX Daemon Server] - 2025-11-11T19:11:41.976Z - [REQUEST]: 
[NX Daemon Server] - 2025-11-11T19:11:41.977Z - Time taken for 'hash changed files from watcher' 0.13037499994970858ms
[NX Daemon Server] - 2025-11-11T19:11:41.987Z - Time taken for 'build-project-configs' 9.333499999949709ms
[NX Daemon Server] - 2025-11-11T19:11:42.001Z - [SYNC]: collect registered sync generators
[NX Daemon Server] - 2025-11-11T19:11:42.001Z - [SYNC]: project graph hash is the same, not collecting task sync generators
[NX Daemon Server] - 2025-11-11T19:11:42.001Z - [SYNC]: nx.json hash is the same, not collecting global sync generators
[NX Daemon Server] - 2025-11-11T19:11:42.001Z - Time taken for 'total execution time for createProjectGraph()' 11.165999999968335ms
[NX Daemon Server] - 2025-11-11T19:11:44.060Z - [WATCHER]: 2 file(s) created or restored, 1 file(s) modified, 1 file(s) deleted
[NX Daemon Server] - 2025-11-11T19:11:44.060Z - [WATCHER]: Processing file changes in outputs
[NX Daemon Server] - 2025-11-11T19:11:44.112Z - [WATCHER]: 0 file(s) created or restored, 1 file(s) modified, 1 file(s) deleted
[NX Daemon Server] - 2025-11-11T19:11:44.112Z - [WATCHER]: Processing file changes in outputs
[NX Daemon Server] - 2025-11-11T19:11:44.159Z - [REQUEST]: Updated workspace context based on watched changes, recomputing project graph...
[NX Daemon Server] - 2025-11-11T19:11:44.160Z - [REQUEST]: apps/browserstack-e2e/browserstackSetupConfig.json,apps/browserstack-e2e/playwright-browserstack-sdk.config.ts,log/key-metrics.json
[NX Daemon Server] - 2025-11-11T19:11:44.160Z - [REQUEST]: log/key-metrics.json.lock
[NX Daemon Server] - 2025-11-11T19:11:44.160Z - Time taken for 'hash changed files from watcher' 0.14362500002607703ms
[NX Daemon Server] - 2025-11-11T19:11:44.164Z - [WATCHER]: 0 file(s) created or restored, 1 file(s) modified, 1 file(s) deleted
[NX Daemon Server] - 2025-11-11T19:11:44.164Z - [WATCHER]: Processing file changes in outputs
[NX Daemon Server] - 2025-11-11T19:11:44.167Z - Time taken for 'build-project-configs' 6.23291700007394ms
[NX Daemon Server] - 2025-11-11T19:11:44.179Z - [SYNC]: collect registered sync generators
[NX Daemon Server] - 2025-11-11T19:11:44.180Z - [SYNC]: project graph hash is the same, not collecting task sync generators
[NX Daemon Server] - 2025-11-11T19:11:44.180Z - [SYNC]: nx.json hash is the same, not collecting global sync generators
[NX Daemon Server] - 2025-11-11T19:11:44.180Z - Time taken for 'total execution time for createProjectGraph()' 10.64795899996534ms
[NX Daemon Server] - 2025-11-11T19:11:44.364Z - [REQUEST]: Updated workspace context based on watched changes, recomputing project graph...
[NX Daemon Server] - 2025-11-11T19:11:44.364Z - [REQUEST]: 
[NX Daemon Server] - 2025-11-11T19:11:44.364Z - [REQUEST]: 
[NX Daemon Server] - 2025-11-11T19:11:44.365Z - Time taken for 'hash changed files from watcher' 0.03191700018942356ms
[NX Daemon Server] - 2025-11-11T19:11:44.374Z - Time taken for 'build-project-configs' 7.641208000015467ms
[NX Daemon Server] - 2025-11-11T19:11:44.384Z - [SYNC]: collect registered sync generators
[NX Daemon Server] - 2025-11-11T19:11:44.384Z - [SYNC]: project graph hash is the same, not collecting task sync generators
[NX Daemon Server] - 2025-11-11T19:11:44.384Z - [SYNC]: nx.json hash is the same, not collecting global sync generators
[NX Daemon Server] - 2025-11-11T19:11:44.384Z - Time taken for 'total execution time for createProjectGraph()' 8.197292000055313ms
[NX Daemon Server] - 2025-11-11T19:11:46.212Z - [WATCHER]: Processing file changes in outputs
[NX Daemon Server] - 2025-11-11T19:11:46.212Z - [WATCHER]: 1 file(s) created or restored, 0 file(s) modified, 1 file(s) deleted
[NX Daemon Server] - 2025-11-11T19:11:46.312Z - [REQUEST]: Updated workspace context based on watched changes, recomputing project graph...
[NX Daemon Server] - 2025-11-11T19:11:46.312Z - [REQUEST]: playwright-browserstack-sdk.config.temp.json
[NX Daemon Server] - 2025-11-11T19:11:46.312Z - [REQUEST]: test-results/.last-run.json
[NX Daemon Server] - 2025-11-11T19:11:46.313Z - Time taken for 'hash changed files from watcher' 0.07600000011734664ms
[NX Daemon Server] - 2025-11-11T19:11:46.319Z - Time taken for 'build-project-configs' 5.566791999852285ms
[NX Daemon Server] - 2025-11-11T19:11:46.331Z - [SYNC]: collect registered sync generators
[NX Daemon Server] - 2025-11-11T19:11:46.331Z - [SYNC]: project graph hash is the same, not collecting task sync generators
[NX Daemon Server] - 2025-11-11T19:11:46.331Z - [SYNC]: nx.json hash is the same, not collecting global sync generators
[NX Daemon Server] - 2025-11-11T19:11:46.332Z - Time taken for 'total execution time for createProjectGraph()' 10.047541999956593ms
[NX Daemon Server] - 2025-11-11T19:11:49.323Z - [WATCHER]: log/.obs_test_details-default/chrome@135:Windows 10@browserstack-51f8d40a272cb921b96a-49aee2ae168977f8f4dc-0.json was created or restored
[NX Daemon Server] - 2025-11-11T19:11:49.323Z - [WATCHER]: Processing file changes in outputs
[NX Daemon Server] - 2025-11-11T19:11:49.424Z - [REQUEST]: Updated workspace context based on watched changes, recomputing project graph...
[NX Daemon Server] - 2025-11-11T19:11:49.424Z - [REQUEST]: log/.obs_test_details-default/chrome@135:Windows 10@browserstack-51f8d40a272cb921b96a-49aee2ae168977f8f4dc-0.json
[NX Daemon Server] - 2025-11-11T19:11:49.424Z - [REQUEST]: 
[NX Daemon Server] - 2025-11-11T19:11:49.425Z - Time taken for 'hash changed files from watcher' 0.0775419999845326ms
[NX Daemon Server] - 2025-11-11T19:11:49.431Z - Time taken for 'build-project-configs' 5.502124999882653ms
[NX Daemon Server] - 2025-11-11T19:11:49.440Z - [SYNC]: collect registered sync generators
[NX Daemon Server] - 2025-11-11T19:11:49.440Z - [SYNC]: project graph hash is the same, not collecting task sync generators
[NX Daemon Server] - 2025-11-11T19:11:49.440Z - [SYNC]: nx.json hash is the same, not collecting global sync generators
[NX Daemon Server] - 2025-11-11T19:11:49.440Z - Time taken for 'total execution time for createProjectGraph()' 7.504833000013605ms
[NX Daemon Server] - 2025-11-11T19:12:18.953Z - [WATCHER]: Processing file changes in outputs
[NX Daemon Server] - 2025-11-11T19:12:18.955Z - [WATCHER]: 2 file(s) created or restored, 3 file(s) modified, 1 file(s) deleted
[NX Daemon Server] - 2025-11-11T19:12:19.057Z - [REQUEST]: Updated workspace context based on watched changes, recomputing project graph...
[NX Daemon Server] - 2025-11-11T19:12:19.057Z - [REQUEST]: log/performance-report/performance-report-69111-0.json,test-results/.last-run.json,log/.obs_test_details-default/chrome@135:Windows 10@browserstack-51f8d40a272cb921b96a-49aee2ae168977f8f4dc-0.json,log/usage-debug.log,log/usage.log
[NX Daemon Server] - 2025-11-11T19:12:19.057Z - [REQUEST]: log/performance-report/performance-report-65369-0.json
[NX Daemon Server] - 2025-11-11T19:12:19.058Z - Time taken for 'hash changed files from watcher' 0.7469160000327975ms
[NX Daemon Server] - 2025-11-11T19:12:19.072Z - Time taken for 'build-project-configs' 12.085749999852851ms
[NX Daemon Server] - 2025-11-11T19:12:19.084Z - [SYNC]: collect registered sync generators
[NX Daemon Server] - 2025-11-11T19:12:19.084Z - [SYNC]: project graph hash is the same, not collecting task sync generators
[NX Daemon Server] - 2025-11-11T19:12:19.084Z - [SYNC]: nx.json hash is the same, not collecting global sync generators
[NX Daemon Server] - 2025-11-11T19:12:19.084Z - Time taken for 'total execution time for createProjectGraph()' 10.361916000023484ms
[NX Daemon Server] - 2025-11-11T19:12:22.020Z - [WATCHER]: 0 file(s) created or restored, 1 file(s) modified, 1 file(s) deleted
[NX Daemon Server] - 2025-11-11T19:12:22.020Z - [WATCHER]: Processing file changes in outputs
[NX Daemon Server] - 2025-11-11T19:12:22.222Z - [REQUEST]: Updated workspace context based on watched changes, recomputing project graph...
[NX Daemon Server] - 2025-11-11T19:12:22.222Z - [REQUEST]: log/key-metrics.json
[NX Daemon Server] - 2025-11-11T19:12:22.222Z - [REQUEST]: log/key-metrics.json.lock
[NX Daemon Server] - 2025-11-11T19:12:22.229Z - Time taken for 'hash changed files from watcher' 0.2807080000638962ms
[NX Daemon Server] - 2025-11-11T19:12:22.250Z - Time taken for 'build-project-configs' 23.529417000012472ms
[NX Daemon Server] - 2025-11-11T19:12:22.270Z - [SYNC]: collect registered sync generators
[NX Daemon Server] - 2025-11-11T19:12:22.270Z - [SYNC]: project graph hash is the same, not collecting task sync generators
[NX Daemon Server] - 2025-11-11T19:12:22.270Z - [SYNC]: nx.json hash is the same, not collecting global sync generators
[NX Daemon Server] - 2025-11-11T19:12:22.270Z - Time taken for 'total execution time for createProjectGraph()' 18.35595800005831ms
[NX Daemon Server] - 2025-11-11T19:12:22.829Z - [WATCHER]: log/.obs_test_details-default/chrome@135:Windows 10@browserstack-51f8d40a272cb921b96a-49aee2ae168977f8f4dc-0.json was deleted
[NX Daemon Server] - 2025-11-11T19:12:22.829Z - [WATCHER]: Processing file changes in outputs
[NX Daemon Server] - 2025-11-11T19:12:23.230Z - [REQUEST]: Updated workspace context based on watched changes, recomputing project graph...
[NX Daemon Server] - 2025-11-11T19:12:23.230Z - [REQUEST]: 
[NX Daemon Server] - 2025-11-11T19:12:23.231Z - [REQUEST]: log/.obs_test_details-default/chrome@135:Windows 10@browserstack-51f8d40a272cb921b96a-49aee2ae168977f8f4dc-0.json
[NX Daemon Server] - 2025-11-11T19:12:23.233Z - Time taken for 'hash changed files from watcher' 0.08950000000186265ms
[NX Daemon Server] - 2025-11-11T19:12:23.247Z - Time taken for 'build-project-configs' 13.535499999998137ms
[NX Daemon Server] - 2025-11-11T19:12:23.264Z - [SYNC]: collect registered sync generators
[NX Daemon Server] - 2025-11-11T19:12:23.265Z - [SYNC]: project graph hash is the same, not collecting task sync generators
[NX Daemon Server] - 2025-11-11T19:12:23.265Z - [SYNC]: nx.json hash is the same, not collecting global sync generators
[NX Daemon Server] - 2025-11-11T19:12:23.265Z - Time taken for 'total execution time for createProjectGraph()' 15.202791000017896ms
[NX Daemon Server] - 2025-11-11T19:12:27.849Z - [WATCHER]: 0 file(s) created or restored, 2 file(s) modified, 0 file(s) deleted
[NX Daemon Server] - 2025-11-11T19:12:27.850Z - [WATCHER]: Processing file changes in outputs
[NX Daemon Server] - 2025-11-11T19:12:28.397Z - [WATCHER]: log/bstack-logs.tar.gz was created or restored
[NX Daemon Server] - 2025-11-11T19:12:28.397Z - [WATCHER]: Processing file changes in outputs
[NX Daemon Server] - 2025-11-11T19:12:28.650Z - [REQUEST]: Updated workspace context based on watched changes, recomputing project graph...
[NX Daemon Server] - 2025-11-11T19:12:28.650Z - [REQUEST]: log/sdk-cli.log,log/sdk-cli-debug.log,log/bstack-logs.tar.gz
[NX Daemon Server] - 2025-11-11T19:12:28.650Z - [REQUEST]: 
[NX Daemon Server] - 2025-11-11T19:12:28.652Z - Time taken for 'hash changed files from watcher' 0.3518749999348074ms
[NX Daemon Server] - 2025-11-11T19:12:28.666Z - Time taken for 'build-project-configs' 14.021582999965176ms
[NX Daemon Server] - 2025-11-11T19:12:28.684Z - [SYNC]: collect registered sync generators
[NX Daemon Server] - 2025-11-11T19:12:28.685Z - [SYNC]: project graph hash is the same, not collecting task sync generators
[NX Daemon Server] - 2025-11-11T19:12:28.685Z - [SYNC]: nx.json hash is the same, not collecting global sync generators
[NX Daemon Server] - 2025-11-11T19:12:28.685Z - Time taken for 'total execution time for createProjectGraph()' 14.876875000074506ms
[NX Daemon Server] - 2025-11-11T19:12:30.651Z - [WATCHER]: Processing file changes in outputs
[NX Daemon Server] - 2025-11-11T19:12:30.652Z - [WATCHER]: 0 file(s) created or restored, 0 file(s) modified, 6 file(s) deleted
[NX Daemon Server] - 2025-11-11T19:12:30.796Z - [REQUEST]: Responding to the client. recordOutputsHash
[NX Daemon Server] - 2025-11-11T19:12:30.796Z - Done responding to the client recordOutputsHash
[NX Daemon Server] - 2025-11-11T19:12:30.796Z - Handled RECORD_OUTPUTS_HASH. Handling time: 0. Response time: 0.
[NX Daemon Server] - 2025-11-11T19:12:30.798Z - [REQUEST]: Responding to the client. handleRecordTaskRuns
[NX Daemon Server] - 2025-11-11T19:12:30.798Z - Done responding to the client handleRecordTaskRuns
[NX Daemon Server] - 2025-11-11T19:12:30.798Z - Handled RECORD_TASK_RUNS. Handling time: 0. Response time: 0.
[NX Daemon Server] - 2025-11-11T19:12:30.799Z - [REQUEST]: Responding to the client. handleGetFlakyTasks
[NX Daemon Server] - 2025-11-11T19:12:30.799Z - Done responding to the client handleGetFlakyTasks
[NX Daemon Server] - 2025-11-11T19:12:30.799Z - Handled GET_FLAKY_TASKS. Handling time: 0. Response time: 0.
[NX Daemon Server] - 2025-11-11T19:12:30.841Z - [WATCHER]: Processing file changes in outputs
[NX Daemon Server] - 2025-11-11T19:12:30.842Z - [WATCHER]: 0 file(s) created or restored, 1 file(s) modified, 1 file(s) deleted
[NX Daemon Server] - 2025-11-11T19:12:30.852Z - [REQUEST]: Updated workspace context based on watched changes, recomputing project graph...
[NX Daemon Server] - 2025-11-11T19:12:30.852Z - [REQUEST]: log/usage.log
[NX Daemon Server] - 2025-11-11T19:12:30.852Z - [REQUEST]: log/sdk-cli-debug.log,apps/browserstack-e2e/playwright-browserstack-sdk.config.ts,log/usage-debug.log,apps/browserstack-e2e/browserstackSetupConfig.json,log/bstack-logs.tar.gz,playwright-browserstack-sdk.config.temp.json
[NX Daemon Server] - 2025-11-11T19:12:30.853Z - Time taken for 'hash changed files from watcher' 0.10420800000429153ms
[NX Daemon Server] - 2025-11-11T19:12:30.860Z - Time taken for 'build-project-configs' 6.365250000031665ms
[NX Daemon Server] - 2025-11-11T19:12:30.871Z - [SYNC]: collect registered sync generators
[NX Daemon Server] - 2025-11-11T19:12:30.871Z - [SYNC]: project graph hash is the same, not collecting task sync generators
[NX Daemon Server] - 2025-11-11T19:12:30.871Z - [SYNC]: nx.json hash is the same, not collecting global sync generators
[NX Daemon Server] - 2025-11-11T19:12:30.871Z - Time taken for 'total execution time for createProjectGraph()' 8.605083000147715ms
[NX Daemon Server] - 2025-11-11T19:12:31.089Z - Closed a connection. Number of open connections: 0
[NX Daemon Server] - 2025-11-11T19:12:49.636Z - [WATCHER]: apps/browserstack-e2e/tests/executors/playwright/playwright.ts was modified
[NX Daemon Server] - 2025-11-11T19:12:49.637Z - [WATCHER]: Processing file changes in outputs
[NX Daemon Server] - 2025-11-11T19:12:50.037Z - [REQUEST]: Updated workspace context based on watched changes, recomputing project graph...
[NX Daemon Server] - 2025-11-11T19:12:50.037Z - [REQUEST]: apps/browserstack-e2e/tests/executors/playwright/playwright.ts
[NX Daemon Server] - 2025-11-11T19:12:50.038Z - [REQUEST]: 
[NX Daemon Server] - 2025-11-11T19:12:50.040Z - Time taken for 'hash changed files from watcher' 0.18637500004842877ms
[NX Daemon Server] - 2025-11-11T19:12:50.056Z - Time taken for 'build-project-configs' 14.108999999938533ms
[NX Daemon Server] - 2025-11-11T19:12:50.075Z - [SYNC]: collect registered sync generators
[NX Daemon Server] - 2025-11-11T19:12:50.076Z - [SYNC]: project graph hash is the same, not collecting task sync generators
[NX Daemon Server] - 2025-11-11T19:12:50.076Z - [SYNC]: nx.json hash is the same, not collecting global sync generators
[NX Daemon Server] - 2025-11-11T19:12:50.076Z - Time taken for 'total execution time for createProjectGraph()' 18.335916999960318ms
[NX Daemon Server] - 2025-11-11T19:12:53.313Z - [WATCHER]: apps/browserstack-e2e/browserstack.yml was modified
[NX Daemon Server] - 2025-11-11T19:12:53.313Z - [WATCHER]: Processing file changes in outputs
[NX Daemon Server] - 2025-11-11T19:12:54.115Z - [REQUEST]: Updated workspace context based on watched changes, recomputing project graph...
[NX Daemon Server] - 2025-11-11T19:12:54.115Z - [REQUEST]: apps/browserstack-e2e/browserstack.yml
[NX Daemon Server] - 2025-11-11T19:12:54.116Z - [REQUEST]: 
[NX Daemon Server] - 2025-11-11T19:12:54.119Z - Time taken for 'hash changed files from watcher' 0.44499999983236194ms
[NX Daemon Server] - 2025-11-11T19:12:54.140Z - Time taken for 'build-project-configs' 19.85016699996777ms
[NX Daemon Server] - 2025-11-11T19:12:54.159Z - [SYNC]: collect registered sync generators
[NX Daemon Server] - 2025-11-11T19:12:54.159Z - [SYNC]: project graph hash is the same, not collecting task sync generators
[NX Daemon Server] - 2025-11-11T19:12:54.159Z - [SYNC]: nx.json hash is the same, not collecting global sync generators
[NX Daemon Server] - 2025-11-11T19:12:54.159Z - Time taken for 'total execution time for createProjectGraph()' 17.54895900003612ms
[NX Daemon Server] - 2025-11-11T19:12:55.593Z - Established a connection. Number of open connections: 1
[NX Daemon Server] - 2025-11-11T19:12:55.594Z - Closed a connection. Number of open connections: 0
[NX Daemon Server] - 2025-11-11T19:12:55.594Z - Established a connection. Number of open connections: 1
[NX Daemon Server] - 2025-11-11T19:12:55.595Z - [REQUEST]: Client Request for Project Graph Received
[NX Daemon Server] - 2025-11-11T19:12:55.595Z - [REQUEST]: Responding to the client. project-graph
[NX Daemon Server] - 2025-11-11T19:12:55.595Z - Time taken for 'total for creating and serializing project graph' 0.08250000001862645ms
[NX Daemon Server] - 2025-11-11T19:12:55.596Z - Done responding to the client project-graph
[NX Daemon Server] - 2025-11-11T19:12:55.596Z - Handled REQUEST_PROJECT_GRAPH. Handling time: 0. Response time: 1.
[NX Daemon Server] - 2025-11-11T19:12:55.652Z - [REQUEST]: Responding to the client. handleHashTasks
[NX Daemon Server] - 2025-11-11T19:12:55.652Z - Done responding to the client handleHashTasks
[NX Daemon Server] - 2025-11-11T19:12:55.652Z - Handled HASH_TASKS. Handling time: 6. Response time: 0.
[NX Daemon Server] - 2025-11-11T19:12:55.656Z - [REQUEST]: Responding to the client. handleGetEstimatedTaskTimings
[NX Daemon Server] - 2025-11-11T19:12:55.656Z - Done responding to the client handleGetEstimatedTaskTimings
[NX Daemon Server] - 2025-11-11T19:12:55.656Z - Handled GET_ESTIMATED_TASK_TIMINGS. Handling time: 0. Response time: 0.
[NX Daemon Server] - 2025-11-11T19:12:59.831Z - [WATCHER]: 2 file(s) created or restored, 0 file(s) modified, 0 file(s) deleted
[NX Daemon Server] - 2025-11-11T19:12:59.831Z - [WATCHER]: Processing file changes in outputs
[NX Daemon Server] - 2025-11-11T19:12:59.931Z - [REQUEST]: Updated workspace context based on watched changes, recomputing project graph...
[NX Daemon Server] - 2025-11-11T19:12:59.931Z - [REQUEST]: log/usage-debug.log,log/sdk-cli-debug.log
[NX Daemon Server] - 2025-11-11T19:12:59.931Z - [REQUEST]: 
[NX Daemon Server] - 2025-11-11T19:12:59.932Z - Time taken for 'hash changed files from watcher' 0.16533300001174212ms
[NX Daemon Server] - 2025-11-11T19:12:59.942Z - Time taken for 'build-project-configs' 8.512249999912456ms
[NX Daemon Server] - 2025-11-11T19:12:59.955Z - [SYNC]: collect registered sync generators
[NX Daemon Server] - 2025-11-11T19:12:59.955Z - [SYNC]: project graph hash is the same, not collecting task sync generators
[NX Daemon Server] - 2025-11-11T19:12:59.955Z - [SYNC]: nx.json hash is the same, not collecting global sync generators
[NX Daemon Server] - 2025-11-11T19:12:59.955Z - Time taken for 'total execution time for createProjectGraph()' 11.172541999956593ms
[NX Daemon Server] - 2025-11-11T19:13:03.230Z - [WATCHER]: Processing file changes in outputs
[NX Daemon Server] - 2025-11-11T19:13:03.230Z - [WATCHER]: 2 file(s) created or restored, 1 file(s) modified, 1 file(s) deleted
[NX Daemon Server] - 2025-11-11T19:13:03.281Z - [WATCHER]: Processing file changes in outputs
[NX Daemon Server] - 2025-11-11T19:13:03.281Z - [WATCHER]: 0 file(s) created or restored, 1 file(s) modified, 1 file(s) deleted
[NX Daemon Server] - 2025-11-11T19:13:03.331Z - [REQUEST]: Updated workspace context based on watched changes, recomputing project graph...
[NX Daemon Server] - 2025-11-11T19:13:03.331Z - [REQUEST]: apps/browserstack-e2e/browserstackSetupConfig.json,apps/browserstack-e2e/playwright-browserstack-sdk.config.ts,log/key-metrics.json
[NX Daemon Server] - 2025-11-11T19:13:03.331Z - [REQUEST]: log/key-metrics.json.lock
[NX Daemon Server] - 2025-11-11T19:13:03.332Z - Time taken for 'hash changed files from watcher' 0.2795829998794943ms
[NX Daemon Server] - 2025-11-11T19:13:03.333Z - [WATCHER]: 0 file(s) created or restored, 1 file(s) modified, 1 file(s) deleted
[NX Daemon Server] - 2025-11-11T19:13:03.333Z - [WATCHER]: Processing file changes in outputs
[NX Daemon Server] - 2025-11-11T19:13:03.341Z - Time taken for 'build-project-configs' 8.275374999968335ms
[NX Daemon Server] - 2025-11-11T19:13:03.352Z - [SYNC]: collect registered sync generators
[NX Daemon Server] - 2025-11-11T19:13:03.352Z - [SYNC]: project graph hash is the same, not collecting task sync generators
[NX Daemon Server] - 2025-11-11T19:13:03.352Z - [SYNC]: nx.json hash is the same, not collecting global sync generators
[NX Daemon Server] - 2025-11-11T19:13:03.352Z - Time taken for 'total execution time for createProjectGraph()' 9.515041999984533ms
[NX Daemon Server] - 2025-11-11T19:13:03.534Z - [REQUEST]: Updated workspace context based on watched changes, recomputing project graph...
[NX Daemon Server] - 2025-11-11T19:13:03.534Z - [REQUEST]: 
[NX Daemon Server] - 2025-11-11T19:13:03.534Z - [REQUEST]: 
[NX Daemon Server] - 2025-11-11T19:13:03.535Z - Time taken for 'hash changed files from watcher' 0.03820899990387261ms
[NX Daemon Server] - 2025-11-11T19:13:03.545Z - Time taken for 'build-project-configs' 9.699874999932945ms
[NX Daemon Server] - 2025-11-11T19:13:03.556Z - [SYNC]: collect registered sync generators
[NX Daemon Server] - 2025-11-11T19:13:03.556Z - [SYNC]: project graph hash is the same, not collecting task sync generators
[NX Daemon Server] - 2025-11-11T19:13:03.556Z - [SYNC]: nx.json hash is the same, not collecting global sync generators
[NX Daemon Server] - 2025-11-11T19:13:03.556Z - Time taken for 'total execution time for createProjectGraph()' 9.568749999860302ms
[NX Daemon Server] - 2025-11-11T19:13:05.525Z - [WATCHER]: 1 file(s) created or restored, 0 file(s) modified, 1 file(s) deleted
[NX Daemon Server] - 2025-11-11T19:13:05.525Z - [WATCHER]: Processing file changes in outputs
[NX Daemon Server] - 2025-11-11T19:13:05.625Z - [REQUEST]: Updated workspace context based on watched changes, recomputing project graph...
[NX Daemon Server] - 2025-11-11T19:13:05.625Z - [REQUEST]: playwright-browserstack-sdk.config.temp.json
[NX Daemon Server] - 2025-11-11T19:13:05.625Z - [REQUEST]: test-results/.last-run.json
[NX Daemon Server] - 2025-11-11T19:13:05.626Z - Time taken for 'hash changed files from watcher' 0.07116700010374188ms
[NX Daemon Server] - 2025-11-11T19:13:05.631Z - Time taken for 'build-project-configs' 4.779291999991983ms
[NX Daemon Server] - 2025-11-11T19:13:05.640Z - [SYNC]: collect registered sync generators
[NX Daemon Server] - 2025-11-11T19:13:05.640Z - [SYNC]: project graph hash is the same, not collecting task sync generators
[NX Daemon Server] - 2025-11-11T19:13:05.640Z - [SYNC]: nx.json hash is the same, not collecting global sync generators
[NX Daemon Server] - 2025-11-11T19:13:05.640Z - Time taken for 'total execution time for createProjectGraph()' 7.36345799989067ms
[NX Daemon Server] - 2025-11-11T19:13:08.710Z - [WATCHER]: Processing file changes in outputs
[NX Daemon Server] - 2025-11-11T19:13:08.711Z - [WATCHER]: log/.obs_test_details-default/chrome@135:Windows 10@browserstack-51f8d40a272cb921b96a-49aee2ae168977f8f4dc-0.json was created or restored
[NX Daemon Server] - 2025-11-11T19:13:08.812Z - [REQUEST]: Updated workspace context based on watched changes, recomputing project graph...
[NX Daemon Server] - 2025-11-11T19:13:08.812Z - [REQUEST]: log/.obs_test_details-default/chrome@135:Windows 10@browserstack-51f8d40a272cb921b96a-49aee2ae168977f8f4dc-0.json
[NX Daemon Server] - 2025-11-11T19:13:08.812Z - [REQUEST]: 
[NX Daemon Server] - 2025-11-11T19:13:08.812Z - Time taken for 'hash changed files from watcher' 0.08258299995213747ms
[NX Daemon Server] - 2025-11-11T19:13:08.820Z - Time taken for 'build-project-configs' 6.543957999907434ms
[NX Daemon Server] - 2025-11-11T19:13:08.832Z - [SYNC]: collect registered sync generators
[NX Daemon Server] - 2025-11-11T19:13:08.832Z - [SYNC]: project graph hash is the same, not collecting task sync generators
[NX Daemon Server] - 2025-11-11T19:13:08.832Z - [SYNC]: nx.json hash is the same, not collecting global sync generators
[NX Daemon Server] - 2025-11-11T19:13:08.833Z - Time taken for 'total execution time for createProjectGraph()' 9.435584000078961ms
[NX Daemon Server] - 2025-11-11T19:13:30.700Z - [WATCHER]: 2 file(s) created or restored, 3 file(s) modified, 1 file(s) deleted
[NX Daemon Server] - 2025-11-11T19:13:30.700Z - [WATCHER]: Processing file changes in outputs
[NX Daemon Server] - 2025-11-11T19:13:30.802Z - [REQUEST]: Updated workspace context based on watched changes, recomputing project graph...
[NX Daemon Server] - 2025-11-11T19:13:30.802Z - [REQUEST]: log/performance-report/performance-report-69428-0.json,test-results/.last-run.json,log/usage.log,log/.obs_test_details-default/chrome@135:Windows 10@browserstack-51f8d40a272cb921b96a-49aee2ae168977f8f4dc-0.json,log/usage-debug.log
[NX Daemon Server] - 2025-11-11T19:13:30.802Z - [REQUEST]: log/performance-report/performance-report-69111-0.json
[NX Daemon Server] - 2025-11-11T19:13:30.803Z - Time taken for 'hash changed files from watcher' 0.8743749998975545ms
[NX Daemon Server] - 2025-11-11T19:13:30.815Z - Time taken for 'build-project-configs' 10.477292000083253ms
[NX Daemon Server] - 2025-11-11T19:13:30.830Z - [SYNC]: collect registered sync generators
[NX Daemon Server] - 2025-11-11T19:13:30.830Z - [SYNC]: project graph hash is the same, not collecting task sync generators
[NX Daemon Server] - 2025-11-11T19:13:30.830Z - [SYNC]: nx.json hash is the same, not collecting global sync generators
[NX Daemon Server] - 2025-11-11T19:13:30.830Z - Time taken for 'total execution time for createProjectGraph()' 12.683416000101715ms
[NX Daemon Server] - 2025-11-11T19:13:34.256Z - [WATCHER]: 0 file(s) created or restored, 1 file(s) modified, 1 file(s) deleted
[NX Daemon Server] - 2025-11-11T19:13:34.256Z - [WATCHER]: Processing file changes in outputs
[NX Daemon Server] - 2025-11-11T19:13:34.457Z - [REQUEST]: Updated workspace context based on watched changes, recomputing project graph...
[NX Daemon Server] - 2025-11-11T19:13:34.457Z - [REQUEST]: log/key-metrics.json
[NX Daemon Server] - 2025-11-11T19:13:34.457Z - [REQUEST]: log/key-metrics.json.lock
[NX Daemon Server] - 2025-11-11T19:13:34.461Z - Time taken for 'hash changed files from watcher' 0.525292000034824ms
[NX Daemon Server] - 2025-11-11T19:13:34.480Z - Time taken for 'build-project-configs' 19.17095800000243ms
[NX Daemon Server] - 2025-11-11T19:13:34.499Z - [SYNC]: collect registered sync generators
[NX Daemon Server] - 2025-11-11T19:13:34.499Z - [SYNC]: project graph hash is the same, not collecting task sync generators
[NX Daemon Server] - 2025-11-11T19:13:34.499Z - [SYNC]: nx.json hash is the same, not collecting global sync generators
[NX Daemon Server] - 2025-11-11T19:13:34.499Z - Time taken for 'total execution time for createProjectGraph()' 16.34091699984856ms
[NX Daemon Server] - 2025-11-11T19:13:35.079Z - [WATCHER]: log/.obs_test_details-default/chrome@135:Windows 10@browserstack-51f8d40a272cb921b96a-49aee2ae168977f8f4dc-0.json was deleted
[NX Daemon Server] - 2025-11-11T19:13:35.079Z - [WATCHER]: Processing file changes in outputs
[NX Daemon Server] - 2025-11-11T19:13:35.479Z - [REQUEST]: Updated workspace context based on watched changes, recomputing project graph...
[NX Daemon Server] - 2025-11-11T19:13:35.480Z - [REQUEST]: 
[NX Daemon Server] - 2025-11-11T19:13:35.480Z - [REQUEST]: log/.obs_test_details-default/chrome@135:Windows 10@browserstack-51f8d40a272cb921b96a-49aee2ae168977f8f4dc-0.json
[NX Daemon Server] - 2025-11-11T19:13:35.485Z - Time taken for 'hash changed files from watcher' 0.16204200009815395ms
[NX Daemon Server] - 2025-11-11T19:13:35.502Z - Time taken for 'build-project-configs' 17.787207999965176ms
[NX Daemon Server] - 2025-11-11T19:13:35.518Z - [SYNC]: collect registered sync generators
[NX Daemon Server] - 2025-11-11T19:13:35.518Z - [SYNC]: project graph hash is the same, not collecting task sync generators
[NX Daemon Server] - 2025-11-11T19:13:35.518Z - [SYNC]: nx.json hash is the same, not collecting global sync generators
[NX Daemon Server] - 2025-11-11T19:13:35.518Z - Time taken for 'total execution time for createProjectGraph()' 14.329625000013039ms
[NX Daemon Server] - 2025-11-11T19:13:40.108Z - [WATCHER]: 0 file(s) created or restored, 2 file(s) modified, 0 file(s) deleted
[NX Daemon Server] - 2025-11-11T19:13:40.108Z - [WATCHER]: Processing file changes in outputs
[NX Daemon Server] - 2025-11-11T19:13:40.662Z - [WATCHER]: log/bstack-logs.tar.gz was created or restored
[NX Daemon Server] - 2025-11-11T19:13:40.663Z - [WATCHER]: Processing file changes in outputs
[NX Daemon Server] - 2025-11-11T19:13:40.912Z - [REQUEST]: Updated workspace context based on watched changes, recomputing project graph...
[NX Daemon Server] - 2025-11-11T19:13:40.913Z - [REQUEST]: log/sdk-cli-debug.log,log/sdk-cli.log,log/bstack-logs.tar.gz
[NX Daemon Server] - 2025-11-11T19:13:40.913Z - [REQUEST]: 
[NX Daemon Server] - 2025-11-11T19:13:40.916Z - Time taken for 'hash changed files from watcher' 2.5303749998565763ms
[NX Daemon Server] - 2025-11-11T19:13:40.935Z - Time taken for 'build-project-configs' 18.496334000024945ms
[NX Daemon Server] - 2025-11-11T19:13:40.955Z - [SYNC]: collect registered sync generators
[NX Daemon Server] - 2025-11-11T19:13:40.955Z - [SYNC]: project graph hash is the same, not collecting task sync generators
[NX Daemon Server] - 2025-11-11T19:13:40.955Z - [SYNC]: nx.json hash is the same, not collecting global sync generators
[NX Daemon Server] - 2025-11-11T19:13:40.955Z - Time taken for 'total execution time for createProjectGraph()' 17.5353330001235ms
[NX Daemon Server] - 2025-11-11T19:13:44.198Z - [WATCHER]: 0 file(s) created or restored, 0 file(s) modified, 6 file(s) deleted
[NX Daemon Server] - 2025-11-11T19:13:44.198Z - [WATCHER]: Processing file changes in outputs
[NX Daemon Server] - 2025-11-11T19:13:44.290Z - [REQUEST]: Responding to the client. recordOutputsHash
[NX Daemon Server] - 2025-11-11T19:13:44.290Z - Done responding to the client recordOutputsHash
[NX Daemon Server] - 2025-11-11T19:13:44.291Z - Handled RECORD_OUTPUTS_HASH. Handling time: 0. Response time: 1.
[NX Daemon Server] - 2025-11-11T19:13:44.293Z - [REQUEST]: Responding to the client. handleRecordTaskRuns
[NX Daemon Server] - 2025-11-11T19:13:44.293Z - Done responding to the client handleRecordTaskRuns
[NX Daemon Server] - 2025-11-11T19:13:44.293Z - Handled RECORD_TASK_RUNS. Handling time: 0. Response time: 0.
[NX Daemon Server] - 2025-11-11T19:13:44.294Z - [REQUEST]: Responding to the client. handleGetFlakyTasks
[NX Daemon Server] - 2025-11-11T19:13:44.294Z - Done responding to the client handleGetFlakyTasks
[NX Daemon Server] - 2025-11-11T19:13:44.294Z - Handled GET_FLAKY_TASKS. Handling time: 0. Response time: 0.
[NX Daemon Server] - 2025-11-11T19:13:44.323Z - [WATCHER]: 0 file(s) created or restored, 1 file(s) modified, 1 file(s) deleted
[NX Daemon Server] - 2025-11-11T19:13:44.324Z - [WATCHER]: Processing file changes in outputs
[NX Daemon Server] - 2025-11-11T19:13:44.399Z - [REQUEST]: Updated workspace context based on watched changes, recomputing project graph...
[NX Daemon Server] - 2025-11-11T19:13:44.399Z - [REQUEST]: log/usage.log
[NX Daemon Server] - 2025-11-11T19:13:44.399Z - [REQUEST]: apps/browserstack-e2e/playwright-browserstack-sdk.config.ts,apps/browserstack-e2e/browserstackSetupConfig.json,log/bstack-logs.tar.gz,log/usage-debug.log,playwright-browserstack-sdk.config.temp.json,log/sdk-cli-debug.log
[NX Daemon Server] - 2025-11-11T19:13:44.400Z - Time taken for 'hash changed files from watcher' 0.11229199985973537ms
[NX Daemon Server] - 2025-11-11T19:13:44.411Z - Time taken for 'build-project-configs' 8.818709000013769ms
[NX Daemon Server] - 2025-11-11T19:13:44.422Z - [SYNC]: collect registered sync generators
[NX Daemon Server] - 2025-11-11T19:13:44.422Z - [SYNC]: project graph hash is the same, not collecting task sync generators
[NX Daemon Server] - 2025-11-11T19:13:44.422Z - [SYNC]: nx.json hash is the same, not collecting global sync generators
[NX Daemon Server] - 2025-11-11T19:13:44.422Z - Time taken for 'total execution time for createProjectGraph()' 10.680457999929786ms
[NX Daemon Server] - 2025-11-11T19:13:44.833Z - Closed a connection. Number of open connections: 0
[NX Daemon Server] - 2025-11-11T19:14:27.993Z - [WATCHER]: apps/browserstack-e2e/tests/executors/playwright/playwright.ts was modified
[NX Daemon Server] - 2025-11-11T19:14:27.994Z - [WATCHER]: Processing file changes in outputs
[NX Daemon Server] - 2025-11-11T19:14:28.395Z - [REQUEST]: Updated workspace context based on watched changes, recomputing project graph...
[NX Daemon Server] - 2025-11-11T19:14:28.395Z - [REQUEST]: apps/browserstack-e2e/tests/executors/playwright/playwright.ts
[NX Daemon Server] - 2025-11-11T19:14:28.395Z - [REQUEST]: 
[NX Daemon Server] - 2025-11-11T19:14:28.399Z - Time taken for 'hash changed files from watcher' 0.7422500001266599ms
[NX Daemon Server] - 2025-11-11T19:14:28.424Z - Time taken for 'build-project-configs' 24.893708999967203ms
[NX Daemon Server] - 2025-11-11T19:14:28.443Z - [SYNC]: collect registered sync generators
[NX Daemon Server] - 2025-11-11T19:14:28.443Z - [SYNC]: project graph hash is the same, not collecting task sync generators
[NX Daemon Server] - 2025-11-11T19:14:28.443Z - [SYNC]: nx.json hash is the same, not collecting global sync generators
[NX Daemon Server] - 2025-11-11T19:14:28.443Z - Time taken for 'total execution time for createProjectGraph()' 17.014040999813005ms
[NX Daemon Server] - 2025-11-11T19:16:41.849Z - [WATCHER]: apps/browserstack-e2e/tests/executors/playwright/playwright.ts was modified
[NX Daemon Server] - 2025-11-11T19:16:41.849Z - [WATCHER]: Processing file changes in outputs
[NX Daemon Server] - 2025-11-11T19:16:42.651Z - [REQUEST]: Updated workspace context based on watched changes, recomputing project graph...
[NX Daemon Server] - 2025-11-11T19:16:42.651Z - [REQUEST]: apps/browserstack-e2e/tests/executors/playwright/playwright.ts
[NX Daemon Server] - 2025-11-11T19:16:42.651Z - [REQUEST]: 
[NX Daemon Server] - 2025-11-11T19:16:42.654Z - Time taken for 'hash changed files from watcher' 0.4140000001061708ms
[NX Daemon Server] - 2025-11-11T19:16:42.676Z - Time taken for 'build-project-configs' 20.688625000184402ms
[NX Daemon Server] - 2025-11-11T19:16:42.697Z - [SYNC]: collect registered sync generators
[NX Daemon Server] - 2025-11-11T19:16:42.698Z - [SYNC]: project graph hash is the same, not collecting task sync generators
[NX Daemon Server] - 2025-11-11T19:16:42.698Z - [SYNC]: nx.json hash is the same, not collecting global sync generators
[NX Daemon Server] - 2025-11-11T19:16:42.698Z - Time taken for 'total execution time for createProjectGraph()' 18.56479199999012ms
[NX Daemon Server] - 2025-11-11T19:17:16.391Z - [WATCHER]: chrome-headless-shell was deleted
[NX Daemon Server] - 2025-11-11T19:17:16.392Z - [WATCHER]: Processing file changes in outputs
[NX Daemon Server] - 2025-11-11T19:17:17.993Z - [REQUEST]: Updated workspace context based on watched changes, recomputing project graph...
[NX Daemon Server] - 2025-11-11T19:17:17.993Z - [REQUEST]: 
[NX Daemon Server] - 2025-11-11T19:17:17.993Z - [REQUEST]: chrome-headless-shell
[NX Daemon Server] - 2025-11-11T19:17:17.997Z - Time taken for 'hash changed files from watcher' 0.29237499996088445ms
[NX Daemon Server] - 2025-11-11T19:17:18.017Z - Time taken for 'build-project-configs' 20.148459000047296ms
[NX Daemon Server] - 2025-11-11T19:17:18.037Z - [SYNC]: collect registered sync generators
[NX Daemon Server] - 2025-11-11T19:17:18.037Z - [SYNC]: project graph hash is the same, not collecting task sync generators
[NX Daemon Server] - 2025-11-11T19:17:18.037Z - [SYNC]: nx.json hash is the same, not collecting global sync generators
[NX Daemon Server] - 2025-11-11T19:17:18.037Z - Time taken for 'total execution time for createProjectGraph()' 18.83029199996963ms
[NX Daemon Server] - 2025-11-11T19:17:20.635Z - [WATCHER]: log was deleted
[NX Daemon Server] - 2025-11-11T19:17:20.635Z - [WATCHER]: Processing file changes in outputs
[NX Daemon Server] - 2025-11-11T19:17:23.835Z - [REQUEST]: Updated workspace context based on watched changes, recomputing project graph...
[NX Daemon Server] - 2025-11-11T19:17:23.836Z - [REQUEST]: 
[NX Daemon Server] - 2025-11-11T19:17:23.836Z - [REQUEST]: log
[NX Daemon Server] - 2025-11-11T19:17:23.837Z - Time taken for 'hash changed files from watcher' 0.057792000006884336ms
[NX Daemon Server] - 2025-11-11T19:17:23.848Z - Time taken for 'build-project-configs' 9.364250000100583ms
[NX Daemon Server] - 2025-11-11T19:17:23.863Z - [SYNC]: collect registered sync generators
[NX Daemon Server] - 2025-11-11T19:17:23.863Z - [SYNC]: project graph hash is the same, not collecting task sync generators
[NX Daemon Server] - 2025-11-11T19:17:23.864Z - [SYNC]: nx.json hash is the same, not collecting global sync generators
[NX Daemon Server] - 2025-11-11T19:17:23.864Z - Time taken for 'total execution time for createProjectGraph()' 11.995624999981374ms
[NX Daemon Server] - 2025-11-11T19:17:28.938Z - [WATCHER]: apps/browserstack-e2e/browserstack.yml was modified
[NX Daemon Server] - 2025-11-11T19:17:28.939Z - [WATCHER]: Processing file changes in outputs
[NX Daemon Server] - 2025-11-11T19:17:32.714Z - Established a connection. Number of open connections: 1
[NX Daemon Server] - 2025-11-11T19:17:32.715Z - Closed a connection. Number of open connections: 0
[NX Daemon Server] - 2025-11-11T19:17:32.715Z - Established a connection. Number of open connections: 1
[NX Daemon Server] - 2025-11-11T19:17:32.716Z - [REQUEST]: Client Request for Project Graph Received
[NX Daemon Server] - 2025-11-11T19:17:32.716Z - [REQUEST]: Updated workspace context based on watched changes, recomputing project graph...
[NX Daemon Server] - 2025-11-11T19:17:32.716Z - [REQUEST]: apps/browserstack-e2e/browserstack.yml
[NX Daemon Server] - 2025-11-11T19:17:32.716Z - [REQUEST]: 
[NX Daemon Server] - 2025-11-11T19:17:32.716Z - Time taken for 'hash changed files from watcher' 0.053499999921768904ms
[NX Daemon Server] - 2025-11-11T19:17:32.724Z - Time taken for 'build-project-configs' 6.280375000089407ms
[NX Daemon Server] - 2025-11-11T19:17:32.739Z - [SYNC]: collect registered sync generators
[NX Daemon Server] - 2025-11-11T19:17:32.739Z - [SYNC]: project graph hash is the same, not collecting task sync generators
[NX Daemon Server] - 2025-11-11T19:17:32.739Z - [SYNC]: nx.json hash is the same, not collecting global sync generators
[NX Daemon Server] - 2025-11-11T19:17:32.739Z - [REQUEST]: Responding to the client. project-graph
[NX Daemon Server] - 2025-11-11T19:17:32.740Z - Time taken for 'total for creating and serializing project graph' 23.53866700013168ms
[NX Daemon Server] - 2025-11-11T19:17:32.741Z - Done responding to the client project-graph
[NX Daemon Server] - 2025-11-11T19:17:32.741Z - Handled REQUEST_PROJECT_GRAPH. Handling time: 23. Response time: 2.
[NX Daemon Server] - 2025-11-11T19:17:32.795Z - [REQUEST]: Responding to the client. handleHashTasks
[NX Daemon Server] - 2025-11-11T19:17:32.795Z - Done responding to the client handleHashTasks
[NX Daemon Server] - 2025-11-11T19:17:32.795Z - Handled HASH_TASKS. Handling time: 7. Response time: 0.
[NX Daemon Server] - 2025-11-11T19:17:32.800Z - [REQUEST]: Responding to the client. handleGetEstimatedTaskTimings
[NX Daemon Server] - 2025-11-11T19:17:32.800Z - Done responding to the client handleGetEstimatedTaskTimings
[NX Daemon Server] - 2025-11-11T19:17:32.800Z - Handled GET_ESTIMATED_TASK_TIMINGS. Handling time: 0. Response time: 0.
[NX Daemon Server] - 2025-11-11T19:17:38.415Z - [WATCHER]: Processing file changes in outputs
[NX Daemon Server] - 2025-11-11T19:17:38.416Z - [WATCHER]: 3 file(s) created or restored, 0 file(s) modified, 0 file(s) deleted
[NX Daemon Server] - 2025-11-11T19:17:38.517Z - [REQUEST]: Updated workspace context based on watched changes, recomputing project graph...
[NX Daemon Server] - 2025-11-11T19:17:38.517Z - [REQUEST]: log/usage.log,log/sdk-cli-debug.log,log/usage-debug.log
[NX Daemon Server] - 2025-11-11T19:17:38.517Z - [REQUEST]: 
[NX Daemon Server] - 2025-11-11T19:17:38.518Z - Time taken for 'hash changed files from watcher' 0.23708399990573525ms
[NX Daemon Server] - 2025-11-11T19:17:38.528Z - Time taken for 'build-project-configs' 8.728124999906868ms
[NX Daemon Server] - 2025-11-11T19:17:38.542Z - [SYNC]: collect registered sync generators
[NX Daemon Server] - 2025-11-11T19:17:38.543Z - [SYNC]: project graph hash is the same, not collecting task sync generators
[NX Daemon Server] - 2025-11-11T19:17:38.543Z - [SYNC]: nx.json hash is the same, not collecting global sync generators
[NX Daemon Server] - 2025-11-11T19:17:38.543Z - Time taken for 'total execution time for createProjectGraph()' 11.62679100013338ms
[NX Daemon Server] - 2025-11-11T19:17:40.120Z - [WATCHER]: log/sdk-cli.log was created or restored
[NX Daemon Server] - 2025-11-11T19:17:40.120Z - [WATCHER]: Processing file changes in outputs
[NX Daemon Server] - 2025-11-11T19:17:40.220Z - [REQUEST]: Updated workspace context based on watched changes, recomputing project graph...
[NX Daemon Server] - 2025-11-11T19:17:40.220Z - [REQUEST]: log/sdk-cli.log
[NX Daemon Server] - 2025-11-11T19:17:40.220Z - [REQUEST]: 
[NX Daemon Server] - 2025-11-11T19:17:40.221Z - Time taken for 'hash changed files from watcher' 0.07462499989196658ms
[NX Daemon Server] - 2025-11-11T19:17:40.231Z - Time taken for 'build-project-configs' 8.496040999889374ms
[NX Daemon Server] - 2025-11-11T19:17:40.240Z - [SYNC]: collect registered sync generators
[NX Daemon Server] - 2025-11-11T19:17:40.241Z - [SYNC]: project graph hash is the same, not collecting task sync generators
[NX Daemon Server] - 2025-11-11T19:17:40.241Z - [SYNC]: nx.json hash is the same, not collecting global sync generators
[NX Daemon Server] - 2025-11-11T19:17:40.241Z - Time taken for 'total execution time for createProjectGraph()' 8.448707999894395ms
[NX Daemon Server] - 2025-11-11T19:17:42.818Z - [WATCHER]: Processing file changes in outputs
[NX Daemon Server] - 2025-11-11T19:17:42.818Z - [WATCHER]: 3 file(s) created or restored, 0 file(s) modified, 1 file(s) deleted
[NX Daemon Server] - 2025-11-11T19:17:42.869Z - [WATCHER]: 1 file(s) created or restored, 0 file(s) modified, 1 file(s) deleted
[NX Daemon Server] - 2025-11-11T19:17:42.870Z - [WATCHER]: Processing file changes in outputs
[NX Daemon Server] - 2025-11-11T19:17:42.919Z - [REQUEST]: Updated workspace context based on watched changes, recomputing project graph...
[NX Daemon Server] - 2025-11-11T19:17:42.919Z - [REQUEST]: apps/browserstack-e2e/playwright-browserstack-sdk.config.ts,apps/browserstack-e2e/browserstackSetupConfig.json,log/key-metrics.json
[NX Daemon Server] - 2025-11-11T19:17:42.919Z - [REQUEST]: log/key-metrics.json.lock
[NX Daemon Server] - 2025-11-11T19:17:42.920Z - Time taken for 'hash changed files from watcher' 0.20349999982863665ms
[NX Daemon Server] - 2025-11-11T19:17:42.922Z - [WATCHER]: 1 file(s) created or restored, 0 file(s) modified, 1 file(s) deleted
[NX Daemon Server] - 2025-11-11T19:17:42.922Z - [WATCHER]: Processing file changes in outputs
[NX Daemon Server] - 2025-11-11T19:17:42.930Z - Time taken for 'build-project-configs' 8.969125000061467ms
[NX Daemon Server] - 2025-11-11T19:17:42.946Z - [SYNC]: collect registered sync generators
[NX Daemon Server] - 2025-11-11T19:17:42.946Z - [SYNC]: project graph hash is the same, not collecting task sync generators
[NX Daemon Server] - 2025-11-11T19:17:42.946Z - [SYNC]: nx.json hash is the same, not collecting global sync generators
[NX Daemon Server] - 2025-11-11T19:17:42.946Z - Time taken for 'total execution time for createProjectGraph()' 12.502458000089973ms
[NX Daemon Server] - 2025-11-11T19:17:43.023Z - [REQUEST]: Updated workspace context based on watched changes, recomputing project graph...
[NX Daemon Server] - 2025-11-11T19:17:43.023Z - [REQUEST]: 
[NX Daemon Server] - 2025-11-11T19:17:43.023Z - [REQUEST]: 
[NX Daemon Server] - 2025-11-11T19:17:43.033Z - Time taken for 'hash changed files from watcher' 0.03866699989885092ms
[NX Daemon Server] - 2025-11-11T19:17:43.039Z - Time taken for 'build-project-configs' 4.959792000008747ms
[NX Daemon Server] - 2025-11-11T19:17:43.066Z - [SYNC]: collect registered sync generators
[NX Daemon Server] - 2025-11-11T19:17:43.066Z - [SYNC]: project graph hash is the same, not collecting task sync generators
[NX Daemon Server] - 2025-11-11T19:17:43.066Z - [SYNC]: nx.json hash is the same, not collecting global sync generators
[NX Daemon Server] - 2025-11-11T19:17:43.066Z - Time taken for 'total execution time for createProjectGraph()' 14.95983300008811ms
[NX Daemon Server] - 2025-11-11T19:17:45.605Z - [WATCHER]: 1 file(s) created or restored, 0 file(s) modified, 1 file(s) deleted
[NX Daemon Server] - 2025-11-11T19:17:45.606Z - [WATCHER]: Processing file changes in outputs
[NX Daemon Server] - 2025-11-11T19:17:45.706Z - [REQUEST]: Updated workspace context based on watched changes, recomputing project graph...
[NX Daemon Server] - 2025-11-11T19:17:45.707Z - [REQUEST]: playwright-browserstack-sdk.config.temp.json
[NX Daemon Server] - 2025-11-11T19:17:45.707Z - [REQUEST]: test-results/.last-run.json
[NX Daemon Server] - 2025-11-11T19:17:45.708Z - Time taken for 'hash changed files from watcher' 0.18295800010673702ms
[NX Daemon Server] - 2025-11-11T19:17:45.726Z - Time taken for 'build-project-configs' 12.187459000153467ms
[NX Daemon Server] - 2025-11-11T19:17:45.744Z - [SYNC]: collect registered sync generators
[NX Daemon Server] - 2025-11-11T19:17:45.744Z - [SYNC]: project graph hash is the same, not collecting task sync generators
[NX Daemon Server] - 2025-11-11T19:17:45.744Z - [SYNC]: nx.json hash is the same, not collecting global sync generators
[NX Daemon Server] - 2025-11-11T19:17:45.744Z - Time taken for 'total execution time for createProjectGraph()' 19.050125000067055ms
[NX Daemon Server] - 2025-11-11T19:17:49.754Z - [WATCHER]: log/.obs_test_details-default/chrome@135:Windows 10@browserstack-51f8d40a272cb921b96a-49aee2ae168977f8f4dc-0.json was created or restored
[NX Daemon Server] - 2025-11-11T19:17:49.754Z - [WATCHER]: Processing file changes in outputs
[NX Daemon Server] - 2025-11-11T19:17:49.854Z - [REQUEST]: Updated workspace context based on watched changes, recomputing project graph...
[NX Daemon Server] - 2025-11-11T19:17:49.854Z - [REQUEST]: log/.obs_test_details-default/chrome@135:Windows 10@browserstack-51f8d40a272cb921b96a-49aee2ae168977f8f4dc-0.json
[NX Daemon Server] - 2025-11-11T19:17:49.854Z - [REQUEST]: 
[NX Daemon Server] - 2025-11-11T19:17:49.854Z - Time taken for 'hash changed files from watcher' 0.09566699992865324ms
[NX Daemon Server] - 2025-11-11T19:17:49.864Z - Time taken for 'build-project-configs' 7.5216669999063015ms
[NX Daemon Server] - 2025-11-11T19:17:49.875Z - [SYNC]: collect registered sync generators
[NX Daemon Server] - 2025-11-11T19:17:49.876Z - [SYNC]: project graph hash is the same, not collecting task sync generators
[NX Daemon Server] - 2025-11-11T19:17:49.876Z - [SYNC]: nx.json hash is the same, not collecting global sync generators
[NX Daemon Server] - 2025-11-11T19:17:49.876Z - Time taken for 'total execution time for createProjectGraph()' 10.824375000083819ms
[NX Daemon Server] - 2025-11-11T19:18:12.930Z - [WATCHER]: 2 file(s) created or restored, 3 file(s) modified, 0 file(s) deleted
[NX Daemon Server] - 2025-11-11T19:18:12.931Z - [WATCHER]: Processing file changes in outputs
[NX Daemon Server] - 2025-11-11T19:18:13.032Z - [REQUEST]: Updated workspace context based on watched changes, recomputing project graph...
[NX Daemon Server] - 2025-11-11T19:18:13.032Z - [REQUEST]: log/performance-report/performance-report-69995-0.json,test-results/.last-run.json,log/usage.log,log/.obs_test_details-default/chrome@135:Windows 10@browserstack-51f8d40a272cb921b96a-49aee2ae168977f8f4dc-0.json,log/usage-debug.log
[NX Daemon Server] - 2025-11-11T19:18:13.032Z - [REQUEST]: 
[NX Daemon Server] - 2025-11-11T19:18:13.034Z - Time taken for 'hash changed files from watcher' 0.828999999910593ms
[NX Daemon Server] - 2025-11-11T19:18:13.047Z - Time taken for 'build-project-configs' 10.722583000082523ms
[NX Daemon Server] - 2025-11-11T19:18:13.060Z - [SYNC]: collect registered sync generators
[NX Daemon Server] - 2025-11-11T19:18:13.060Z - [SYNC]: project graph hash is the same, not collecting task sync generators
[NX Daemon Server] - 2025-11-11T19:18:13.060Z - [SYNC]: nx.json hash is the same, not collecting global sync generators
[NX Daemon Server] - 2025-11-11T19:18:13.060Z - Time taken for 'total execution time for createProjectGraph()' 11.696666999952868ms
[NX Daemon Server] - 2025-11-11T19:18:17.833Z - [WATCHER]: 0 file(s) created or restored, 1 file(s) modified, 1 file(s) deleted
[NX Daemon Server] - 2025-11-11T19:18:17.833Z - [WATCHER]: Processing file changes in outputs
[NX Daemon Server] - 2025-11-11T19:18:18.033Z - [REQUEST]: Updated workspace context based on watched changes, recomputing project graph...
[NX Daemon Server] - 2025-11-11T19:18:18.034Z - [REQUEST]: log/key-metrics.json
[NX Daemon Server] - 2025-11-11T19:18:18.034Z - [REQUEST]: log/key-metrics.json.lock
[NX Daemon Server] - 2025-11-11T19:18:18.034Z - Time taken for 'hash changed files from watcher' 0.16483299992978573ms
[NX Daemon Server] - 2025-11-11T19:18:18.044Z - Time taken for 'build-project-configs' 8.421875ms
[NX Daemon Server] - 2025-11-11T19:18:18.060Z - [SYNC]: collect registered sync generators
[NX Daemon Server] - 2025-11-11T19:18:18.060Z - [SYNC]: project graph hash is the same, not collecting task sync generators
[NX Daemon Server] - 2025-11-11T19:18:18.061Z - [SYNC]: nx.json hash is the same, not collecting global sync generators
[NX Daemon Server] - 2025-11-11T19:18:18.061Z - Time taken for 'total execution time for createProjectGraph()' 14.089790999889374ms
[NX Daemon Server] - 2025-11-11T19:18:18.638Z - [WATCHER]: log/.obs_test_details-default/chrome@135:Windows 10@browserstack-51f8d40a272cb921b96a-49aee2ae168977f8f4dc-0.json was deleted
[NX Daemon Server] - 2025-11-11T19:18:18.638Z - [WATCHER]: Processing file changes in outputs
[NX Daemon Server] - 2025-11-11T19:18:19.038Z - [REQUEST]: Updated workspace context based on watched changes, recomputing project graph...
[NX Daemon Server] - 2025-11-11T19:18:19.038Z - [REQUEST]: 
[NX Daemon Server] - 2025-11-11T19:18:19.038Z - [REQUEST]: log/.obs_test_details-default/chrome@135:Windows 10@browserstack-51f8d40a272cb921b96a-49aee2ae168977f8f4dc-0.json
[NX Daemon Server] - 2025-11-11T19:18:19.039Z - Time taken for 'hash changed files from watcher' 0.04808400012552738ms
[NX Daemon Server] - 2025-11-11T19:18:19.054Z - Time taken for 'build-project-configs' 13.629500000039116ms
[NX Daemon Server] - 2025-11-11T19:18:19.068Z - [SYNC]: collect registered sync generators
[NX Daemon Server] - 2025-11-11T19:18:19.068Z - [SYNC]: project graph hash is the same, not collecting task sync generators
[NX Daemon Server] - 2025-11-11T19:18:19.068Z - [SYNC]: nx.json hash is the same, not collecting global sync generators
[NX Daemon Server] - 2025-11-11T19:18:19.068Z - Time taken for 'total execution time for createProjectGraph()' 10.860290999989957ms
[NX Daemon Server] - 2025-11-11T19:18:23.647Z - [WATCHER]: 0 file(s) created or restored, 2 file(s) modified, 0 file(s) deleted
[NX Daemon Server] - 2025-11-11T19:18:23.647Z - [WATCHER]: Processing file changes in outputs
[NX Daemon Server] - 2025-11-11T19:18:24.169Z - [WATCHER]: log/bstack-logs.tar.gz was created or restored
[NX Daemon Server] - 2025-11-11T19:18:24.169Z - [WATCHER]: Processing file changes in outputs
[NX Daemon Server] - 2025-11-11T19:18:24.450Z - [REQUEST]: Updated workspace context based on watched changes, recomputing project graph...
[NX Daemon Server] - 2025-11-11T19:18:24.451Z - [REQUEST]: log/sdk-cli-debug.log,log/sdk-cli.log,log/bstack-logs.tar.gz
[NX Daemon Server] - 2025-11-11T19:18:24.451Z - [REQUEST]: 
[NX Daemon Server] - 2025-11-11T19:18:24.452Z - Time taken for 'hash changed files from watcher' 2.9168330000247806ms
[NX Daemon Server] - 2025-11-11T19:18:24.461Z - Time taken for 'build-project-configs' 7.0363340000621974ms
[NX Daemon Server] - 2025-11-11T19:18:24.479Z - [SYNC]: collect registered sync generators
[NX Daemon Server] - 2025-11-11T19:18:24.480Z - [SYNC]: project graph hash is the same, not collecting task sync generators
[NX Daemon Server] - 2025-11-11T19:18:24.480Z - [SYNC]: nx.json hash is the same, not collecting global sync generators
[NX Daemon Server] - 2025-11-11T19:18:24.480Z - Time taken for 'total execution time for createProjectGraph()' 16.37133300001733ms
[NX Daemon Server] - 2025-11-11T19:18:27.636Z - [WATCHER]: 0 file(s) created or restored, 0 file(s) modified, 6 file(s) deleted
[NX Daemon Server] - 2025-11-11T19:18:27.636Z - [WATCHER]: Processing file changes in outputs
[NX Daemon Server] - 2025-11-11T19:18:27.724Z - [REQUEST]: Responding to the client. recordOutputsHash
[NX Daemon Server] - 2025-11-11T19:18:27.724Z - Done responding to the client recordOutputsHash
[NX Daemon Server] - 2025-11-11T19:18:27.724Z - Handled RECORD_OUTPUTS_HASH. Handling time: 0. Response time: 0.
[NX Daemon Server] - 2025-11-11T19:18:27.726Z - [REQUEST]: Responding to the client. handleRecordTaskRuns
[NX Daemon Server] - 2025-11-11T19:18:27.726Z - Done responding to the client handleRecordTaskRuns
[NX Daemon Server] - 2025-11-11T19:18:27.726Z - Handled RECORD_TASK_RUNS. Handling time: 0. Response time: 0.
[NX Daemon Server] - 2025-11-11T19:18:27.727Z - [REQUEST]: Responding to the client. handleGetFlakyTasks
[NX Daemon Server] - 2025-11-11T19:18:27.727Z - Done responding to the client handleGetFlakyTasks
[NX Daemon Server] - 2025-11-11T19:18:27.727Z - Handled GET_FLAKY_TASKS. Handling time: 0. Response time: 0.
[NX Daemon Server] - 2025-11-11T19:18:27.762Z - [WATCHER]: 0 file(s) created or restored, 1 file(s) modified, 1 file(s) deleted
[NX Daemon Server] - 2025-11-11T19:18:27.762Z - [WATCHER]: Processing file changes in outputs
[NX Daemon Server] - 2025-11-11T19:18:27.837Z - [REQUEST]: Updated workspace context based on watched changes, recomputing project graph...
[NX Daemon Server] - 2025-11-11T19:18:27.837Z - [REQUEST]: log/usage.log
[NX Daemon Server] - 2025-11-11T19:18:27.837Z - [REQUEST]: apps/browserstack-e2e/playwright-browserstack-sdk.config.ts,apps/browserstack-e2e/browserstackSetupConfig.json,log/bstack-logs.tar.gz,log/sdk-cli-debug.log,playwright-browserstack-sdk.config.temp.json,log/usage-debug.log
[NX Daemon Server] - 2025-11-11T19:18:27.837Z - Time taken for 'hash changed files from watcher' 0.13162500015459955ms
[NX Daemon Server] - 2025-11-11T19:18:27.847Z - Time taken for 'build-project-configs' 6.210707999998704ms
[NX Daemon Server] - 2025-11-11T19:18:27.860Z - [SYNC]: collect registered sync generators
[NX Daemon Server] - 2025-11-11T19:18:27.860Z - [SYNC]: project graph hash is the same, not collecting task sync generators
[NX Daemon Server] - 2025-11-11T19:18:27.860Z - [SYNC]: nx.json hash is the same, not collecting global sync generators
[NX Daemon Server] - 2025-11-11T19:18:27.861Z - Time taken for 'total execution time for createProjectGraph()' 13.931624999968335ms
[NX Daemon Server] - 2025-11-11T19:18:28.042Z - Closed a connection. Number of open connections: 0
[NX Daemon Server] - 2025-11-11T19:18:28.277Z - [WATCHER]: apps/browserstack-e2e/fixture.js was modified
[NX Daemon Server] - 2025-11-11T19:18:28.277Z - [WATCHER]: Processing file changes in outputs
[NX Daemon Server] - 2025-11-11T19:18:28.678Z - [REQUEST]: Updated workspace context based on watched changes, recomputing project graph...
[NX Daemon Server] - 2025-11-11T19:18:28.678Z - [REQUEST]: apps/browserstack-e2e/fixture.js
[NX Daemon Server] - 2025-11-11T19:18:28.678Z - [REQUEST]: 
[NX Daemon Server] - 2025-11-11T19:18:28.679Z - Time taken for 'hash changed files from watcher' 0.11200000019744039ms
[NX Daemon Server] - 2025-11-11T19:18:28.691Z - Time taken for 'build-project-configs' 10.862458999967203ms
[NX Daemon Server] - 2025-11-11T19:18:28.705Z - [SYNC]: collect registered sync generators
[NX Daemon Server] - 2025-11-11T19:18:28.705Z - [SYNC]: project graph hash is the same, not collecting task sync generators
[NX Daemon Server] - 2025-11-11T19:18:28.706Z - [SYNC]: nx.json hash is the same, not collecting global sync generators
[NX Daemon Server] - 2025-11-11T19:18:28.706Z - Time taken for 'total execution time for createProjectGraph()' 11.712792000034824ms
[NX Daemon Server] - 2025-11-11T19:18:39.567Z - [WATCHER]: apps/browserstack-e2e/browserstack.yml was modified
[NX Daemon Server] - 2025-11-11T19:18:39.567Z - [WATCHER]: Processing file changes in outputs
[NX Daemon Server] - 2025-11-11T19:18:40.369Z - [REQUEST]: Updated workspace context based on watched changes, recomputing project graph...
[NX Daemon Server] - 2025-11-11T19:18:40.369Z - [REQUEST]: apps/browserstack-e2e/browserstack.yml
[NX Daemon Server] - 2025-11-11T19:18:40.369Z - [REQUEST]: 
[NX Daemon Server] - 2025-11-11T19:18:40.371Z - Time taken for 'hash changed files from watcher' 0.18979099998250604ms
[NX Daemon Server] - 2025-11-11T19:18:40.385Z - Time taken for 'build-project-configs' 13.132584000006318ms
[NX Daemon Server] - 2025-11-11T19:18:40.401Z - [SYNC]: collect registered sync generators
[NX Daemon Server] - 2025-11-11T19:18:40.401Z - [SYNC]: project graph hash is the same, not collecting task sync generators
[NX Daemon Server] - 2025-11-11T19:18:40.401Z - [SYNC]: nx.json hash is the same, not collecting global sync generators
[NX Daemon Server] - 2025-11-11T19:18:40.401Z - Time taken for 'total execution time for createProjectGraph()' 12.82716599991545ms
[NX Daemon Server] - 2025-11-11T19:19:05.512Z - [WATCHER]: apps/browserstack-e2e/browserstack.yml was modified
[NX Daemon Server] - 2025-11-11T19:19:05.512Z - [WATCHER]: Processing file changes in outputs
[NX Daemon Server] - 2025-11-11T19:19:07.113Z - [REQUEST]: Updated workspace context based on watched changes, recomputing project graph...
[NX Daemon Server] - 2025-11-11T19:19:07.113Z - [REQUEST]: apps/browserstack-e2e/browserstack.yml
[NX Daemon Server] - 2025-11-11T19:19:07.113Z - [REQUEST]: 
[NX Daemon Server] - 2025-11-11T19:19:07.115Z - Time taken for 'hash changed files from watcher' 0.09504100005142391ms
[NX Daemon Server] - 2025-11-11T19:19:07.125Z - Time taken for 'build-project-configs' 9.173375000013039ms
[NX Daemon Server] - 2025-11-11T19:19:07.141Z - [SYNC]: collect registered sync generators
[NX Daemon Server] - 2025-11-11T19:19:07.141Z - [SYNC]: project graph hash is the same, not collecting task sync generators
[NX Daemon Server] - 2025-11-11T19:19:07.141Z - [SYNC]: nx.json hash is the same, not collecting global sync generators
[NX Daemon Server] - 2025-11-11T19:19:07.141Z - Time taken for 'total execution time for createProjectGraph()' 13.550041999900714ms
[NX Daemon Server] - 2025-11-11T19:19:37.140Z - [WATCHER]: apps/browserstack-e2e/fixture.js was modified
[NX Daemon Server] - 2025-11-11T19:19:37.141Z - [WATCHER]: Processing file changes in outputs
[NX Daemon Server] - 2025-11-11T19:19:40.343Z - [REQUEST]: Updated workspace context based on watched changes, recomputing project graph...
[NX Daemon Server] - 2025-11-11T19:19:40.344Z - [REQUEST]: apps/browserstack-e2e/fixture.js
[NX Daemon Server] - 2025-11-11T19:19:40.344Z - [REQUEST]: 
[NX Daemon Server] - 2025-11-11T19:19:40.348Z - Time taken for 'hash changed files from watcher' 0.3858340000733733ms
[NX Daemon Server] - 2025-11-11T19:19:40.370Z - Time taken for 'build-project-configs' 21.648415999952704ms
[NX Daemon Server] - 2025-11-11T19:19:40.390Z - [SYNC]: collect registered sync generators
[NX Daemon Server] - 2025-11-11T19:19:40.390Z - [SYNC]: project graph hash is the same, not collecting task sync generators
[NX Daemon Server] - 2025-11-11T19:19:40.390Z - [SYNC]: nx.json hash is the same, not collecting global sync generators
[NX Daemon Server] - 2025-11-11T19:19:40.391Z - Time taken for 'total execution time for createProjectGraph()' 18.310749999945983ms
[NX Daemon Server] - 2025-11-11T19:19:41.559Z - Established a connection. Number of open connections: 1
[NX Daemon Server] - 2025-11-11T19:19:41.560Z - Closed a connection. Number of open connections: 0
[NX Daemon Server] - 2025-11-11T19:19:41.560Z - Established a connection. Number of open connections: 1
[NX Daemon Server] - 2025-11-11T19:19:41.560Z - [REQUEST]: Client Request for Project Graph Received
[NX Daemon Server] - 2025-11-11T19:19:41.561Z - [REQUEST]: Responding to the client. project-graph
[NX Daemon Server] - 2025-11-11T19:19:41.561Z - Time taken for 'total for creating and serializing project graph' 0.0977919998113066ms
[NX Daemon Server] - 2025-11-11T19:19:41.563Z - Done responding to the client project-graph
[NX Daemon Server] - 2025-11-11T19:19:41.563Z - Handled REQUEST_PROJECT_GRAPH. Handling time: 1. Response time: 2.
[NX Daemon Server] - 2025-11-11T19:19:41.630Z - [REQUEST]: Responding to the client. handleHashTasks
[NX Daemon Server] - 2025-11-11T19:19:41.631Z - Done responding to the client handleHashTasks
[NX Daemon Server] - 2025-11-11T19:19:41.631Z - Handled HASH_TASKS. Handling time: 9. Response time: 1.
[NX Daemon Server] - 2025-11-11T19:19:41.636Z - [REQUEST]: Responding to the client. handleGetEstimatedTaskTimings
[NX Daemon Server] - 2025-11-11T19:19:41.636Z - Done responding to the client handleGetEstimatedTaskTimings
[NX Daemon Server] - 2025-11-11T19:19:41.636Z - Handled GET_ESTIMATED_TASK_TIMINGS. Handling time: 0. Response time: 0.
[NX Daemon Server] - 2025-11-11T19:19:47.262Z - [WATCHER]: 2 file(s) created or restored, 0 file(s) modified, 0 file(s) deleted
[NX Daemon Server] - 2025-11-11T19:19:47.264Z - [WATCHER]: Processing file changes in outputs
[NX Daemon Server] - 2025-11-11T19:19:47.364Z - [REQUEST]: Updated workspace context based on watched changes, recomputing project graph...
[NX Daemon Server] - 2025-11-11T19:19:47.364Z - [REQUEST]: log/usage-debug.log,log/sdk-cli-debug.log
[NX Daemon Server] - 2025-11-11T19:19:47.364Z - [REQUEST]: 
[NX Daemon Server] - 2025-11-11T19:19:47.366Z - Time taken for 'hash changed files from watcher' 0.20783299999311566ms
[NX Daemon Server] - 2025-11-11T19:19:47.378Z - Time taken for 'build-project-configs' 11.910042000003159ms
[NX Daemon Server] - 2025-11-11T19:19:47.394Z - [SYNC]: collect registered sync generators
[NX Daemon Server] - 2025-11-11T19:19:47.394Z - [SYNC]: project graph hash is the same, not collecting task sync generators
[NX Daemon Server] - 2025-11-11T19:19:47.394Z - [SYNC]: nx.json hash is the same, not collecting global sync generators
[NX Daemon Server] - 2025-11-11T19:19:47.394Z - Time taken for 'total execution time for createProjectGraph()' 11.862999999895692ms
[NX Daemon Server] - 2025-11-11T19:19:50.965Z - [WATCHER]: 2 file(s) created or restored, 1 file(s) modified, 1 file(s) deleted
[NX Daemon Server] - 2025-11-11T19:19:50.965Z - [WATCHER]: Processing file changes in outputs
[NX Daemon Server] - 2025-11-11T19:19:51.054Z - [WATCHER]: 0 file(s) created or restored, 1 file(s) modified, 1 file(s) deleted
[NX Daemon Server] - 2025-11-11T19:19:51.054Z - [WATCHER]: Processing file changes in outputs
[NX Daemon Server] - 2025-11-11T19:19:51.065Z - [REQUEST]: Updated workspace context based on watched changes, recomputing project graph...
[NX Daemon Server] - 2025-11-11T19:19:51.065Z - [REQUEST]: apps/browserstack-e2e/browserstackSetupConfig.json,apps/browserstack-e2e/playwright-browserstack-sdk.config.ts,log/key-metrics.json
[NX Daemon Server] - 2025-11-11T19:19:51.065Z - [REQUEST]: log/key-metrics.json.lock
[NX Daemon Server] - 2025-11-11T19:19:51.066Z - Time taken for 'hash changed files from watcher' 0.14470799989067018ms
[NX Daemon Server] - 2025-11-11T19:19:51.075Z - Time taken for 'build-project-configs' 7.426208999939263ms
[NX Daemon Server] - 2025-11-11T19:19:51.089Z - [SYNC]: collect registered sync generators
[NX Daemon Server] - 2025-11-11T19:19:51.089Z - [SYNC]: project graph hash is the same, not collecting task sync generators
[NX Daemon Server] - 2025-11-11T19:19:51.089Z - [SYNC]: nx.json hash is the same, not collecting global sync generators
[NX Daemon Server] - 2025-11-11T19:19:51.089Z - Time taken for 'total execution time for createProjectGraph()' 11.124042000155896ms
[NX Daemon Server] - 2025-11-11T19:19:53.481Z - [WATCHER]: 1 file(s) created or restored, 0 file(s) modified, 1 file(s) deleted
[NX Daemon Server] - 2025-11-11T19:19:53.482Z - [WATCHER]: Processing file changes in outputs
[NX Daemon Server] - 2025-11-11T19:19:53.582Z - [REQUEST]: Updated workspace context based on watched changes, recomputing project graph...
[NX Daemon Server] - 2025-11-11T19:19:53.583Z - [REQUEST]: playwright-browserstack-sdk.config.temp.json
[NX Daemon Server] - 2025-11-11T19:19:53.583Z - [REQUEST]: test-results/.last-run.json
[NX Daemon Server] - 2025-11-11T19:19:53.585Z - Time taken for 'hash changed files from watcher' 0.10125000006519258ms
[NX Daemon Server] - 2025-11-11T19:19:53.599Z - Time taken for 'build-project-configs' 13.660167000023648ms
[NX Daemon Server] - 2025-11-11T19:19:53.612Z - [SYNC]: collect registered sync generators
[NX Daemon Server] - 2025-11-11T19:19:53.612Z - [SYNC]: project graph hash is the same, not collecting task sync generators
[NX Daemon Server] - 2025-11-11T19:19:53.612Z - [SYNC]: nx.json hash is the same, not collecting global sync generators
[NX Daemon Server] - 2025-11-11T19:19:53.612Z - Time taken for 'total execution time for createProjectGraph()' 10.462625000160187ms
[NX Daemon Server] - 2025-11-11T19:19:57.027Z - [WATCHER]: Processing file changes in outputs
[NX Daemon Server] - 2025-11-11T19:19:57.029Z - [WATCHER]: log/.obs_test_details-default/chrome@135:Windows 10@browserstack-51f8d40a272cb921b96a-49aee2ae168977f8f4dc-0.json was created or restored
[NX Daemon Server] - 2025-11-11T19:19:57.141Z - [REQUEST]: Updated workspace context based on watched changes, recomputing project graph...
[NX Daemon Server] - 2025-11-11T19:19:57.142Z - [REQUEST]: log/.obs_test_details-default/chrome@135:Windows 10@browserstack-51f8d40a272cb921b96a-49aee2ae168977f8f4dc-0.json
[NX Daemon Server] - 2025-11-11T19:19:57.142Z - [REQUEST]: 
[NX Daemon Server] - 2025-11-11T19:19:57.146Z - Time taken for 'hash changed files from watcher' 0.7104589999653399ms
[NX Daemon Server] - 2025-11-11T19:19:57.170Z - Time taken for 'build-project-configs' 25.284874999895692ms
[NX Daemon Server] - 2025-11-11T19:19:57.224Z - [SYNC]: collect registered sync generators
[NX Daemon Server] - 2025-11-11T19:19:57.224Z - [SYNC]: project graph hash is the same, not collecting task sync generators
[NX Daemon Server] - 2025-11-11T19:19:57.224Z - [SYNC]: nx.json hash is the same, not collecting global sync generators
[NX Daemon Server] - 2025-11-11T19:19:57.224Z - Time taken for 'total execution time for createProjectGraph()' 49.026542000006884ms
[NX Daemon Server] - 2025-11-11T19:20:21.220Z - [WATCHER]: 2 file(s) created or restored, 3 file(s) modified, 1 file(s) deleted
[NX Daemon Server] - 2025-11-11T19:20:21.221Z - [WATCHER]: Processing file changes in outputs
[NX Daemon Server] - 2025-11-11T19:20:21.324Z - [REQUEST]: Updated workspace context based on watched changes, recomputing project graph...
[NX Daemon Server] - 2025-11-11T19:20:21.324Z - [REQUEST]: log/performance-report/performance-report-70432-0.json,test-results/.last-run.json,log/usage.log,log/.obs_test_details-default/chrome@135:Windows 10@browserstack-51f8d40a272cb921b96a-49aee2ae168977f8f4dc-0.json,log/usage-debug.log
[NX Daemon Server] - 2025-11-11T19:20:21.324Z - [REQUEST]: log/performance-report/performance-report-69995-0.json
[NX Daemon Server] - 2025-11-11T19:20:21.325Z - Time taken for 'hash changed files from watcher' 1.8194579998962581ms
[NX Daemon Server] - 2025-11-11T19:20:21.340Z - Time taken for 'build-project-configs' 12.8347500001546ms
[NX Daemon Server] - 2025-11-11T19:20:21.353Z - [SYNC]: collect registered sync generators
[NX Daemon Server] - 2025-11-11T19:20:21.353Z - [SYNC]: project graph hash is the same, not collecting task sync generators
[NX Daemon Server] - 2025-11-11T19:20:21.354Z - [SYNC]: nx.json hash is the same, not collecting global sync generators
[NX Daemon Server] - 2025-11-11T19:20:21.354Z - Time taken for 'total execution time for createProjectGraph()' 11.972540999995545ms
[NX Daemon Server] - 2025-11-11T19:20:26.471Z - [WATCHER]: 0 file(s) created or restored, 1 file(s) modified, 1 file(s) deleted
[NX Daemon Server] - 2025-11-11T19:20:26.471Z - [WATCHER]: Processing file changes in outputs
[NX Daemon Server] - 2025-11-11T19:20:26.672Z - [REQUEST]: Updated workspace context based on watched changes, recomputing project graph...
[NX Daemon Server] - 2025-11-11T19:20:26.672Z - [REQUEST]: log/key-metrics.json
[NX Daemon Server] - 2025-11-11T19:20:26.672Z - [REQUEST]: log/key-metrics.json.lock
[NX Daemon Server] - 2025-11-11T19:20:26.675Z - Time taken for 'hash changed files from watcher' 0.1474589998833835ms
[NX Daemon Server] - 2025-11-11T19:20:26.693Z - Time taken for 'build-project-configs' 15.728499999968335ms
[NX Daemon Server] - 2025-11-11T19:20:26.718Z - [SYNC]: collect registered sync generators
[NX Daemon Server] - 2025-11-11T19:20:26.718Z - [SYNC]: project graph hash is the same, not collecting task sync generators
[NX Daemon Server] - 2025-11-11T19:20:26.718Z - [SYNC]: nx.json hash is the same, not collecting global sync generators
[NX Daemon Server] - 2025-11-11T19:20:26.718Z - Time taken for 'total execution time for createProjectGraph()' 19.673083000117913ms
[NX Daemon Server] - 2025-11-11T19:20:27.285Z - [WATCHER]: log/.obs_test_details-default/chrome@135:Windows 10@browserstack-51f8d40a272cb921b96a-49aee2ae168977f8f4dc-0.json was deleted
[NX Daemon Server] - 2025-11-11T19:20:27.285Z - [WATCHER]: Processing file changes in outputs
[NX Daemon Server] - 2025-11-11T19:20:27.685Z - [REQUEST]: Updated workspace context based on watched changes, recomputing project graph...
[NX Daemon Server] - 2025-11-11T19:20:27.686Z - [REQUEST]: 
[NX Daemon Server] - 2025-11-11T19:20:27.686Z - [REQUEST]: log/.obs_test_details-default/chrome@135:Windows 10@browserstack-51f8d40a272cb921b96a-49aee2ae168977f8f4dc-0.json
[NX Daemon Server] - 2025-11-11T19:20:27.688Z - Time taken for 'hash changed files from watcher' 0.1071249998640269ms
[NX Daemon Server] - 2025-11-11T19:20:27.704Z - Time taken for 'build-project-configs' 13.731499999994412ms
[NX Daemon Server] - 2025-11-11T19:20:27.724Z - [SYNC]: collect registered sync generators
[NX Daemon Server] - 2025-11-11T19:20:27.724Z - [SYNC]: project graph hash is the same, not collecting task sync generators
[NX Daemon Server] - 2025-11-11T19:20:27.724Z - [SYNC]: nx.json hash is the same, not collecting global sync generators
[NX Daemon Server] - 2025-11-11T19:20:27.724Z - Time taken for 'total execution time for createProjectGraph()' 18.556417000014335ms
[NX Daemon Server] - 2025-11-11T19:20:32.294Z - [WATCHER]: 0 file(s) created or restored, 2 file(s) modified, 0 file(s) deleted
[NX Daemon Server] - 2025-11-11T19:20:32.294Z - [WATCHER]: Processing file changes in outputs
[NX Daemon Server] - 2025-11-11T19:20:32.830Z - [WATCHER]: log/bstack-logs.tar.gz was created or restored
[NX Daemon Server] - 2025-11-11T19:20:32.830Z - [WATCHER]: Processing file changes in outputs
[NX Daemon Server] - 2025-11-11T19:20:33.099Z - [REQUEST]: Updated workspace context based on watched changes, recomputing project graph...
[NX Daemon Server] - 2025-11-11T19:20:33.099Z - [REQUEST]: log/sdk-cli.log,log/sdk-cli-debug.log,log/bstack-logs.tar.gz
[NX Daemon Server] - 2025-11-11T19:20:33.099Z - [REQUEST]: 
[NX Daemon Server] - 2025-11-11T19:20:33.102Z - Time taken for 'hash changed files from watcher' 4.905833000084385ms
[NX Daemon Server] - 2025-11-11T19:20:33.116Z - Time taken for 'build-project-configs' 14.375166000099853ms
[NX Daemon Server] - 2025-11-11T19:20:33.131Z - [SYNC]: collect registered sync generators
[NX Daemon Server] - 2025-11-11T19:20:33.131Z - [SYNC]: project graph hash is the same, not collecting task sync generators
[NX Daemon Server] - 2025-11-11T19:20:33.131Z - [SYNC]: nx.json hash is the same, not collecting global sync generators
[NX Daemon Server] - 2025-11-11T19:20:33.131Z - Time taken for 'total execution time for createProjectGraph()' 10.809083000058308ms
[NX Daemon Server] - 2025-11-11T19:20:36.522Z - [WATCHER]: 0 file(s) created or restored, 0 file(s) modified, 6 file(s) deleted
[NX Daemon Server] - 2025-11-11T19:20:36.522Z - [WATCHER]: Processing file changes in outputs
[NX Daemon Server] - 2025-11-11T19:20:36.647Z - [REQUEST]: Responding to the client. recordOutputsHash
[NX Daemon Server] - 2025-11-11T19:20:36.647Z - Done responding to the client recordOutputsHash
[NX Daemon Server] - 2025-11-11T19:20:36.647Z - Handled RECORD_OUTPUTS_HASH. Handling time: 0. Response time: 0.
[NX Daemon Server] - 2025-11-11T19:20:36.650Z - [REQUEST]: Responding to the client. handleRecordTaskRuns
[NX Daemon Server] - 2025-11-11T19:20:36.650Z - Done responding to the client handleRecordTaskRuns
[NX Daemon Server] - 2025-11-11T19:20:36.650Z - Handled RECORD_TASK_RUNS. Handling time: 0. Response time: 0.
[NX Daemon Server] - 2025-11-11T19:20:36.650Z - [REQUEST]: Responding to the client. handleGetFlakyTasks
[NX Daemon Server] - 2025-11-11T19:20:36.650Z - Done responding to the client handleGetFlakyTasks
[NX Daemon Server] - 2025-11-11T19:20:36.650Z - Handled GET_FLAKY_TASKS. Handling time: 0. Response time: 0.
[NX Daemon Server] - 2025-11-11T19:20:36.684Z - [WATCHER]: 0 file(s) created or restored, 1 file(s) modified, 1 file(s) deleted
[NX Daemon Server] - 2025-11-11T19:20:36.684Z - [WATCHER]: Processing file changes in outputs
[NX Daemon Server] - 2025-11-11T19:20:36.723Z - [REQUEST]: Updated workspace context based on watched changes, recomputing project graph...
[NX Daemon Server] - 2025-11-11T19:20:36.723Z - [REQUEST]: log/usage.log
[NX Daemon Server] - 2025-11-11T19:20:36.723Z - [REQUEST]: log/usage-debug.log,log/bstack-logs.tar.gz,log/sdk-cli-debug.log,apps/browserstack-e2e/browserstackSetupConfig.json,apps/browserstack-e2e/playwright-browserstack-sdk.config.ts,playwright-browserstack-sdk.config.temp.json
[NX Daemon Server] - 2025-11-11T19:20:36.724Z - Time taken for 'hash changed files from watcher' 0.388416999951005ms
[NX Daemon Server] - 2025-11-11T19:20:36.735Z - Time taken for 'build-project-configs' 10.019874999998137ms
[NX Daemon Server] - 2025-11-11T19:20:36.782Z - [SYNC]: collect registered sync generators
[NX Daemon Server] - 2025-11-11T19:20:36.782Z - [SYNC]: project graph hash is the same, not collecting task sync generators
[NX Daemon Server] - 2025-11-11T19:20:36.782Z - [SYNC]: nx.json hash is the same, not collecting global sync generators
[NX Daemon Server] - 2025-11-11T19:20:36.782Z - Time taken for 'total execution time for createProjectGraph()' 10.238957999972627ms
[NX Daemon Server] - 2025-11-11T19:20:37.049Z - Closed a connection. Number of open connections: 0
[NX Daemon Server] - 2025-11-11T19:20:46.233Z - [WATCHER]: log was deleted
[NX Daemon Server] - 2025-11-11T19:20:46.234Z - [WATCHER]: Processing file changes in outputs
[NX Daemon Server] - 2025-11-11T19:20:46.635Z - [REQUEST]: Updated workspace context based on watched changes, recomputing project graph...
[NX Daemon Server] - 2025-11-11T19:20:46.635Z - [REQUEST]: 
[NX Daemon Server] - 2025-11-11T19:20:46.635Z - [REQUEST]: log
[NX Daemon Server] - 2025-11-11T19:20:46.639Z - Time taken for 'hash changed files from watcher' 0.12937500001862645ms
[NX Daemon Server] - 2025-11-11T19:20:46.664Z - Time taken for 'build-project-configs' 25.806166999973357ms
[NX Daemon Server] - 2025-11-11T19:20:46.682Z - [SYNC]: collect registered sync generators
[NX Daemon Server] - 2025-11-11T19:20:46.682Z - [SYNC]: project graph hash is the same, not collecting task sync generators
[NX Daemon Server] - 2025-11-11T19:20:46.682Z - [SYNC]: nx.json hash is the same, not collecting global sync generators
[NX Daemon Server] - 2025-11-11T19:20:46.682Z - Time taken for 'total execution time for createProjectGraph()' 14.79058300005272ms
[NX Daemon Server] - 2025-11-11T19:20:48.875Z - Established a connection. Number of open connections: 1
[NX Daemon Server] - 2025-11-11T19:20:48.876Z - Closed a connection. Number of open connections: 0
[NX Daemon Server] - 2025-11-11T19:20:48.876Z - Established a connection. Number of open connections: 1
[NX Daemon Server] - 2025-11-11T19:20:48.876Z - [REQUEST]: Client Request for Project Graph Received
[NX Daemon Server] - 2025-11-11T19:20:48.877Z - [REQUEST]: Responding to the client. project-graph
[NX Daemon Server] - 2025-11-11T19:20:48.877Z - Time taken for 'total for creating and serializing project graph' 0.10404199990443885ms
[NX Daemon Server] - 2025-11-11T19:20:48.880Z - Done responding to the client project-graph
[NX Daemon Server] - 2025-11-11T19:20:48.880Z - Handled REQUEST_PROJECT_GRAPH. Handling time: 1. Response time: 3.
[NX Daemon Server] - 2025-11-11T19:20:48.954Z - [REQUEST]: Responding to the client. handleHashTasks
[NX Daemon Server] - 2025-11-11T19:20:48.954Z - Done responding to the client handleHashTasks
[NX Daemon Server] - 2025-11-11T19:20:48.954Z - Handled HASH_TASKS. Handling time: 12. Response time: 0.
[NX Daemon Server] - 2025-11-11T19:20:48.959Z - [REQUEST]: Responding to the client. handleGetEstimatedTaskTimings
[NX Daemon Server] - 2025-11-11T19:20:48.959Z - Done responding to the client handleGetEstimatedTaskTimings
[NX Daemon Server] - 2025-11-11T19:20:48.959Z - Handled GET_ESTIMATED_TASK_TIMINGS. Handling time: 0. Response time: 0.
[NX Daemon Server] - 2025-11-11T19:20:53.919Z - [WATCHER]: 3 file(s) created or restored, 0 file(s) modified, 0 file(s) deleted
[NX Daemon Server] - 2025-11-11T19:20:53.920Z - [WATCHER]: Processing file changes in outputs
[NX Daemon Server] - 2025-11-11T19:20:54.021Z - [REQUEST]: Updated workspace context based on watched changes, recomputing project graph...
[NX Daemon Server] - 2025-11-11T19:20:54.021Z - [REQUEST]: log/sdk-cli-debug.log,log/usage.log,log/usage-debug.log
[NX Daemon Server] - 2025-11-11T19:20:54.021Z - [REQUEST]: 
[NX Daemon Server] - 2025-11-11T19:20:54.022Z - Time taken for 'hash changed files from watcher' 0.2442920000758022ms
[NX Daemon Server] - 2025-11-11T19:20:54.031Z - Time taken for 'build-project-configs' 8.447958000004292ms
[NX Daemon Server] - 2025-11-11T19:20:54.044Z - [SYNC]: collect registered sync generators
[NX Daemon Server] - 2025-11-11T19:20:54.044Z - [SYNC]: project graph hash is the same, not collecting task sync generators
[NX Daemon Server] - 2025-11-11T19:20:54.044Z - [SYNC]: nx.json hash is the same, not collecting global sync generators
[NX Daemon Server] - 2025-11-11T19:20:54.045Z - Time taken for 'total execution time for createProjectGraph()' 10.08841700013727ms
[NX Daemon Server] - 2025-11-11T19:20:55.514Z - [WATCHER]: log/sdk-cli.log was created or restored
[NX Daemon Server] - 2025-11-11T19:20:55.514Z - [WATCHER]: Processing file changes in outputs
[NX Daemon Server] - 2025-11-11T19:20:55.614Z - [REQUEST]: Updated workspace context based on watched changes, recomputing project graph...
[NX Daemon Server] - 2025-11-11T19:20:55.614Z - [REQUEST]: log/sdk-cli.log
[NX Daemon Server] - 2025-11-11T19:20:55.614Z - [REQUEST]: 
[NX Daemon Server] - 2025-11-11T19:20:55.615Z - Time taken for 'hash changed files from watcher' 0.08920799987390637ms
[NX Daemon Server] - 2025-11-11T19:20:55.624Z - Time taken for 'build-project-configs' 8.291916999965906ms
[NX Daemon Server] - 2025-11-11T19:20:55.638Z - [SYNC]: collect registered sync generators
[NX Daemon Server] - 2025-11-11T19:20:55.638Z - [SYNC]: project graph hash is the same, not collecting task sync generators
[NX Daemon Server] - 2025-11-11T19:20:55.638Z - [SYNC]: nx.json hash is the same, not collecting global sync generators
[NX Daemon Server] - 2025-11-11T19:20:55.638Z - Time taken for 'total execution time for createProjectGraph()' 11.122042000060901ms
[NX Daemon Server] - 2025-11-11T19:20:57.086Z - [WATCHER]: 3 file(s) created or restored, 0 file(s) modified, 1 file(s) deleted
[NX Daemon Server] - 2025-11-11T19:20:57.086Z - [WATCHER]: Processing file changes in outputs
[NX Daemon Server] - 2025-11-11T19:20:57.137Z - [WATCHER]: Processing file changes in outputs
[NX Daemon Server] - 2025-11-11T19:20:57.138Z - [WATCHER]: 1 file(s) created or restored, 0 file(s) modified, 1 file(s) deleted
[NX Daemon Server] - 2025-11-11T19:20:57.187Z - [REQUEST]: Updated workspace context based on watched changes, recomputing project graph...
[NX Daemon Server] - 2025-11-11T19:20:57.187Z - [REQUEST]: apps/browserstack-e2e/playwright-browserstack-sdk.config.ts,apps/browserstack-e2e/browserstackSetupConfig.json,log/key-metrics.json
[NX Daemon Server] - 2025-11-11T19:20:57.187Z - [REQUEST]: log/key-metrics.json.lock
[NX Daemon Server] - 2025-11-11T19:20:57.188Z - Time taken for 'hash changed files from watcher' 0.1799170000012964ms
[NX Daemon Server] - 2025-11-11T19:20:57.195Z - Time taken for 'build-project-configs' 6.757915999973193ms
[NX Daemon Server] - 2025-11-11T19:20:57.208Z - [SYNC]: collect registered sync generators
[NX Daemon Server] - 2025-11-11T19:20:57.208Z - [SYNC]: project graph hash is the same, not collecting task sync generators
[NX Daemon Server] - 2025-11-11T19:20:57.208Z - [SYNC]: nx.json hash is the same, not collecting global sync generators
[NX Daemon Server] - 2025-11-11T19:20:57.208Z - Time taken for 'total execution time for createProjectGraph()' 10.388291000155732ms
[NX Daemon Server] - 2025-11-11T19:20:59.790Z - [WATCHER]: 1 file(s) created or restored, 0 file(s) modified, 1 file(s) deleted
[NX Daemon Server] - 2025-11-11T19:20:59.790Z - [WATCHER]: Processing file changes in outputs
[NX Daemon Server] - 2025-11-11T19:20:59.892Z - [REQUEST]: Updated workspace context based on watched changes, recomputing project graph...
[NX Daemon Server] - 2025-11-11T19:20:59.892Z - [REQUEST]: playwright-browserstack-sdk.config.temp.json
[NX Daemon Server] - 2025-11-11T19:20:59.892Z - [REQUEST]: test-results/.last-run.json
[NX Daemon Server] - 2025-11-11T19:20:59.894Z - Time taken for 'hash changed files from watcher' 0.4437080000061542ms
[NX Daemon Server] - 2025-11-11T19:20:59.903Z - Time taken for 'build-project-configs' 6.773207999998704ms
[NX Daemon Server] - 2025-11-11T19:20:59.917Z - [SYNC]: collect registered sync generators
[NX Daemon Server] - 2025-11-11T19:20:59.917Z - [SYNC]: project graph hash is the same, not collecting task sync generators
[NX Daemon Server] - 2025-11-11T19:20:59.917Z - [SYNC]: nx.json hash is the same, not collecting global sync generators
[NX Daemon Server] - 2025-11-11T19:20:59.917Z - Time taken for 'total execution time for createProjectGraph()' 12.161917000077665ms
[NX Daemon Server] - 2025-11-11T19:21:03.420Z - [WATCHER]: log/.obs_test_details-default/chrome@135:Windows 10@browserstack-51f8d40a272cb921b96a-49aee2ae168977f8f4dc-0.json was created or restored
[NX Daemon Server] - 2025-11-11T19:21:03.420Z - [WATCHER]: Processing file changes in outputs
[NX Daemon Server] - 2025-11-11T19:21:03.519Z - [REQUEST]: Updated workspace context based on watched changes, recomputing project graph...
[NX Daemon Server] - 2025-11-11T19:21:03.520Z - [REQUEST]: log/.obs_test_details-default/chrome@135:Windows 10@browserstack-51f8d40a272cb921b96a-49aee2ae168977f8f4dc-0.json
[NX Daemon Server] - 2025-11-11T19:21:03.520Z - [REQUEST]: 
[NX Daemon Server] - 2025-11-11T19:21:03.521Z - Time taken for 'hash changed files from watcher' 0.09487500018440187ms
[NX Daemon Server] - 2025-11-11T19:21:03.530Z - Time taken for 'build-project-configs' 8.645041999872774ms
[NX Daemon Server] - 2025-11-11T19:21:03.541Z - [SYNC]: collect registered sync generators
[NX Daemon Server] - 2025-11-11T19:21:03.541Z - [SYNC]: project graph hash is the same, not collecting task sync generators
[NX Daemon Server] - 2025-11-11T19:21:03.541Z - [SYNC]: nx.json hash is the same, not collecting global sync generators
[NX Daemon Server] - 2025-11-11T19:21:03.541Z - Time taken for 'total execution time for createProjectGraph()' 8.182666999986395ms
[NX Daemon Server] - 2025-11-11T19:21:30.179Z - [WATCHER]: 2 file(s) created or restored, 3 file(s) modified, 0 file(s) deleted
[NX Daemon Server] - 2025-11-11T19:21:30.180Z - [WATCHER]: Processing file changes in outputs
[NX Daemon Server] - 2025-11-11T19:21:30.282Z - [REQUEST]: Updated workspace context based on watched changes, recomputing project graph...
[NX Daemon Server] - 2025-11-11T19:21:30.282Z - [REQUEST]: log/performance-report/performance-report-70746-0.json,test-results/.last-run.json,log/usage-debug.log,log/usage.log,log/.obs_test_details-default/chrome@135:Windows 10@browserstack-51f8d40a272cb921b96a-49aee2ae168977f8f4dc-0.json
[NX Daemon Server] - 2025-11-11T19:21:30.282Z - [REQUEST]: 
[NX Daemon Server] - 2025-11-11T19:21:30.283Z - Time taken for 'hash changed files from watcher' 0.7370420000515878ms
[NX Daemon Server] - 2025-11-11T19:21:30.298Z - Time taken for 'build-project-configs' 13.01162500004284ms
[NX Daemon Server] - 2025-11-11T19:21:30.314Z - [SYNC]: collect registered sync generators
[NX Daemon Server] - 2025-11-11T19:21:30.314Z - [SYNC]: project graph hash is the same, not collecting task sync generators
[NX Daemon Server] - 2025-11-11T19:21:30.314Z - [SYNC]: nx.json hash is the same, not collecting global sync generators
[NX Daemon Server] - 2025-11-11T19:21:30.314Z - Time taken for 'total execution time for createProjectGraph()' 14.360792000079527ms
[NX Daemon Server] - 2025-11-11T19:21:34.055Z - [WATCHER]: 0 file(s) created or restored, 1 file(s) modified, 1 file(s) deleted
[NX Daemon Server] - 2025-11-11T19:21:34.055Z - [WATCHER]: Processing file changes in outputs
[NX Daemon Server] - 2025-11-11T19:21:34.256Z - [REQUEST]: Updated workspace context based on watched changes, recomputing project graph...
[NX Daemon Server] - 2025-11-11T19:21:34.256Z - [REQUEST]: log/key-metrics.json
[NX Daemon Server] - 2025-11-11T19:21:34.256Z - [REQUEST]: log/key-metrics.json.lock
[NX Daemon Server] - 2025-11-11T19:21:34.260Z - Time taken for 'hash changed files from watcher' 0.15183299989439547ms
[NX Daemon Server] - 2025-11-11T19:21:34.276Z - Time taken for 'build-project-configs' 15.060291999951005ms
[NX Daemon Server] - 2025-11-11T19:21:34.299Z - [SYNC]: collect registered sync generators
[NX Daemon Server] - 2025-11-11T19:21:34.299Z - [SYNC]: project graph hash is the same, not collecting task sync generators
[NX Daemon Server] - 2025-11-11T19:21:34.300Z - [SYNC]: nx.json hash is the same, not collecting global sync generators
[NX Daemon Server] - 2025-11-11T19:21:34.300Z - Time taken for 'total execution time for createProjectGraph()' 21.306499999947846ms
[NX Daemon Server] - 2025-11-11T19:21:34.881Z - [WATCHER]: log/.obs_test_details-default/chrome@135:Windows 10@browserstack-51f8d40a272cb921b96a-49aee2ae168977f8f4dc-0.json was deleted
[NX Daemon Server] - 2025-11-11T19:21:34.881Z - [WATCHER]: Processing file changes in outputs
[NX Daemon Server] - 2025-11-11T19:21:35.282Z - [REQUEST]: Updated workspace context based on watched changes, recomputing project graph...
[NX Daemon Server] - 2025-11-11T19:21:35.282Z - [REQUEST]: 
[NX Daemon Server] - 2025-11-11T19:21:35.282Z - [REQUEST]: log/.obs_test_details-default/chrome@135:Windows 10@browserstack-51f8d40a272cb921b96a-49aee2ae168977f8f4dc-0.json
[NX Daemon Server] - 2025-11-11T19:21:35.285Z - Time taken for 'hash changed files from watcher' 0.0625ms
[NX Daemon Server] - 2025-11-11T19:21:35.301Z - Time taken for 'build-project-configs' 16.010958000086248ms
[NX Daemon Server] - 2025-11-11T19:21:35.318Z - [SYNC]: collect registered sync generators
[NX Daemon Server] - 2025-11-11T19:21:35.318Z - [SYNC]: project graph hash is the same, not collecting task sync generators
[NX Daemon Server] - 2025-11-11T19:21:35.319Z - [SYNC]: nx.json hash is the same, not collecting global sync generators
[NX Daemon Server] - 2025-11-11T19:21:35.319Z - Time taken for 'total execution time for createProjectGraph()' 14.510125000029802ms
[NX Daemon Server] - 2025-11-11T19:21:39.896Z - [WATCHER]: 0 file(s) created or restored, 2 file(s) modified, 0 file(s) deleted
[NX Daemon Server] - 2025-11-11T19:21:39.897Z - [WATCHER]: Processing file changes in outputs
[NX Daemon Server] - 2025-11-11T19:21:40.444Z - [WATCHER]: log/bstack-logs.tar.gz was created or restored
[NX Daemon Server] - 2025-11-11T19:21:40.445Z - [WATCHER]: Processing file changes in outputs
[NX Daemon Server] - 2025-11-11T19:21:40.700Z - [REQUEST]: Updated workspace context based on watched changes, recomputing project graph...
[NX Daemon Server] - 2025-11-11T19:21:40.701Z - [REQUEST]: log/sdk-cli.log,log/sdk-cli-debug.log,log/bstack-logs.tar.gz
[NX Daemon Server] - 2025-11-11T19:21:40.701Z - [REQUEST]: 
[NX Daemon Server] - 2025-11-11T19:21:40.709Z - Time taken for 'hash changed files from watcher' 3.1461249999701977ms
[NX Daemon Server] - 2025-11-11T19:21:40.719Z - Time taken for 'build-project-configs' 16.52199999988079ms
[NX Daemon Server] - 2025-11-11T19:21:40.734Z - [SYNC]: collect registered sync generators
[NX Daemon Server] - 2025-11-11T19:21:40.734Z - [SYNC]: project graph hash is the same, not collecting task sync generators
[NX Daemon Server] - 2025-11-11T19:21:40.734Z - [SYNC]: nx.json hash is the same, not collecting global sync generators
[NX Daemon Server] - 2025-11-11T19:21:40.735Z - Time taken for 'total execution time for createProjectGraph()' 13.22137499996461ms
[NX Daemon Server] - 2025-11-11T19:21:43.880Z - [WATCHER]: 0 file(s) created or restored, 0 file(s) modified, 6 file(s) deleted
[NX Daemon Server] - 2025-11-11T19:21:43.880Z - [WATCHER]: Processing file changes in outputs
[NX Daemon Server] - 2025-11-11T19:21:43.979Z - [REQUEST]: Responding to the client. recordOutputsHash
[NX Daemon Server] - 2025-11-11T19:21:43.979Z - Done responding to the client recordOutputsHash
[NX Daemon Server] - 2025-11-11T19:21:43.979Z - Handled RECORD_OUTPUTS_HASH. Handling time: 0. Response time: 0.
[NX Daemon Server] - 2025-11-11T19:21:43.983Z - [REQUEST]: Responding to the client. handleRecordTaskRuns
[NX Daemon Server] - 2025-11-11T19:21:43.983Z - Done responding to the client handleRecordTaskRuns
[NX Daemon Server] - 2025-11-11T19:21:43.983Z - Handled RECORD_TASK_RUNS. Handling time: 0. Response time: 0.
[NX Daemon Server] - 2025-11-11T19:21:43.983Z - [REQUEST]: Responding to the client. handleGetFlakyTasks
[NX Daemon Server] - 2025-11-11T19:21:43.983Z - Done responding to the client handleGetFlakyTasks
[NX Daemon Server] - 2025-11-11T19:21:43.983Z - Handled GET_FLAKY_TASKS. Handling time: 0. Response time: 0.
[NX Daemon Server] - 2025-11-11T19:21:44.012Z - [WATCHER]: 0 file(s) created or restored, 1 file(s) modified, 1 file(s) deleted
[NX Daemon Server] - 2025-11-11T19:21:44.012Z - [WATCHER]: Processing file changes in outputs
[NX Daemon Server] - 2025-11-11T19:21:44.081Z - [REQUEST]: Updated workspace context based on watched changes, recomputing project graph...
[NX Daemon Server] - 2025-11-11T19:21:44.081Z - [REQUEST]: log/usage.log
[NX Daemon Server] - 2025-11-11T19:21:44.081Z - [REQUEST]: log/usage-debug.log,log/bstack-logs.tar.gz,log/sdk-cli-debug.log,apps/browserstack-e2e/playwright-browserstack-sdk.config.ts,playwright-browserstack-sdk.config.temp.json,apps/browserstack-e2e/browserstackSetupConfig.json
[NX Daemon Server] - 2025-11-11T19:21:44.082Z - Time taken for 'hash changed files from watcher' 0.12733300006948411ms
[NX Daemon Server] - 2025-11-11T19:21:44.089Z - Time taken for 'build-project-configs' 6.235499999951571ms
[NX Daemon Server] - 2025-11-11T19:21:44.099Z - [SYNC]: collect registered sync generators
[NX Daemon Server] - 2025-11-11T19:21:44.100Z - [SYNC]: project graph hash is the same, not collecting task sync generators
[NX Daemon Server] - 2025-11-11T19:21:44.100Z - [SYNC]: nx.json hash is the same, not collecting global sync generators
[NX Daemon Server] - 2025-11-11T19:21:44.100Z - Time taken for 'total execution time for createProjectGraph()' 8.035832999972627ms
[NX Daemon Server] - 2025-11-11T19:21:44.297Z - Closed a connection. Number of open connections: 0
[NX Daemon Server] - 2025-11-11T19:23:50.658Z - [WATCHER]: log.zip was modified
[NX Daemon Server] - 2025-11-11T19:23:50.660Z - [WATCHER]: Processing file changes in outputs
[NX Daemon Server] - 2025-11-11T19:23:50.752Z - [WATCHER]: log.zip was created or restored
[NX Daemon Server] - 2025-11-11T19:23:50.753Z - [WATCHER]: Processing file changes in outputs
[NX Daemon Server] - 2025-11-11T19:23:51.062Z - [REQUEST]: Updated workspace context based on watched changes, recomputing project graph...
[NX Daemon Server] - 2025-11-11T19:23:51.062Z - [REQUEST]: log.zip
[NX Daemon Server] - 2025-11-11T19:23:51.062Z - [REQUEST]: 
[NX Daemon Server] - 2025-11-11T19:23:51.064Z - Time taken for 'hash changed files from watcher' 1.2574579999782145ms
[NX Daemon Server] - 2025-11-11T19:23:51.085Z - Time taken for 'build-project-configs' 20.528416000073776ms
[NX Daemon Server] - 2025-11-11T19:23:51.104Z - [SYNC]: collect registered sync generators
[NX Daemon Server] - 2025-11-11T19:23:51.104Z - [SYNC]: project graph hash is the same, not collecting task sync generators
[NX Daemon Server] - 2025-11-11T19:23:51.104Z - [SYNC]: nx.json hash is the same, not collecting global sync generators
[NX Daemon Server] - 2025-11-11T19:23:51.104Z - Time taken for 'total execution time for createProjectGraph()' 14.535791999893263ms
[NX Daemon Server] - 2025-11-11T19:24:44.075Z - [WATCHER]: apps/browserstack-e2e/browserstack.yml was modified
[NX Daemon Server] - 2025-11-11T19:24:44.076Z - [WATCHER]: Processing file changes in outputs
[NX Daemon Server] - 2025-11-11T19:24:44.279Z - [REQUEST]: Updated workspace context based on watched changes, recomputing project graph...
[NX Daemon Server] - 2025-11-11T19:24:44.279Z - [REQUEST]: apps/browserstack-e2e/browserstack.yml
[NX Daemon Server] - 2025-11-11T19:24:44.279Z - [REQUEST]: 
[NX Daemon Server] - 2025-11-11T19:24:44.281Z - Time taken for 'hash changed files from watcher' 0.31558299995958805ms
[NX Daemon Server] - 2025-11-11T19:24:44.302Z - Time taken for 'build-project-configs' 19.105957999825478ms
[NX Daemon Server] - 2025-11-11T19:24:44.324Z - [SYNC]: collect registered sync generators
[NX Daemon Server] - 2025-11-11T19:24:44.324Z - [SYNC]: project graph hash is the same, not collecting task sync generators
[NX Daemon Server] - 2025-11-11T19:24:44.324Z - [SYNC]: nx.json hash is the same, not collecting global sync generators
[NX Daemon Server] - 2025-11-11T19:24:44.324Z - Time taken for 'total execution time for createProjectGraph()' 18.23954199999571ms
[NX Daemon Server] - 2025-11-11T19:24:51.477Z - [WATCHER]: apps/browserstack-e2e/fixture.js was modified
[NX Daemon Server] - 2025-11-11T19:24:51.477Z - [WATCHER]: Processing file changes in outputs
[NX Daemon Server] - 2025-11-11T19:24:51.877Z - [REQUEST]: Updated workspace context based on watched changes, recomputing project graph...
[NX Daemon Server] - 2025-11-11T19:24:51.877Z - [REQUEST]: apps/browserstack-e2e/fixture.js
[NX Daemon Server] - 2025-11-11T19:24:51.877Z - [REQUEST]: 
[NX Daemon Server] - 2025-11-11T19:24:51.879Z - Time taken for 'hash changed files from watcher' 0.1410840000025928ms
[NX Daemon Server] - 2025-11-11T19:24:51.894Z - Time taken for 'build-project-configs' 13.545041000004858ms
[NX Daemon Server] - 2025-11-11T19:24:51.912Z - [SYNC]: collect registered sync generators
[NX Daemon Server] - 2025-11-11T19:24:51.912Z - [SYNC]: project graph hash is the same, not collecting task sync generators
[NX Daemon Server] - 2025-11-11T19:24:51.912Z - [SYNC]: nx.json hash is the same, not collecting global sync generators
[NX Daemon Server] - 2025-11-11T19:24:51.913Z - Time taken for 'total execution time for createProjectGraph()' 14.650499999988824ms
[NX Daemon Server] - 2025-11-11T19:24:56.588Z - [WATCHER]: apps/browserstack-e2e/fixture.js was modified
[NX Daemon Server] - 2025-11-11T19:24:56.589Z - [WATCHER]: Processing file changes in outputs
[NX Daemon Server] - 2025-11-11T19:24:57.389Z - [REQUEST]: Updated workspace context based on watched changes, recomputing project graph...
[NX Daemon Server] - 2025-11-11T19:24:57.389Z - [REQUEST]: apps/browserstack-e2e/fixture.js
[NX Daemon Server] - 2025-11-11T19:24:57.389Z - [REQUEST]: 
[NX Daemon Server] - 2025-11-11T19:24:57.392Z - Time taken for 'hash changed files from watcher' 0.16754200006835163ms
[NX Daemon Server] - 2025-11-11T19:24:57.405Z - Time taken for 'build-project-configs' 12.576292000012472ms
[NX Daemon Server] - 2025-11-11T19:24:57.423Z - [SYNC]: collect registered sync generators
[NX Daemon Server] - 2025-11-11T19:24:57.423Z - [SYNC]: project graph hash is the same, not collecting task sync generators
[NX Daemon Server] - 2025-11-11T19:24:57.423Z - [SYNC]: nx.json hash is the same, not collecting global sync generators
[NX Daemon Server] - 2025-11-11T19:24:57.423Z - Time taken for 'total execution time for createProjectGraph()' 15.472000000067055ms
